n_eff_m2,n_eff_1e11_cm2,D_s_conv,D_s_geom,D_s_exp_hole,D_s_exp_electron,geom_over_conv,hole_over_conv,electron_over_conv,hole_over_geom,electron_over_geom,hole_electron_asymmetry_pct
500000000000000.0,0.5,1146423680.0,4913244330.0,38560434300.0,36632412600.0,4.285714274499284,33.635413305489294,31.953642653298996,7.848263125151767,7.455849971947151,5.128205087284705
591836735000000.0,0.591836735,1246965640.0,5346281590.0,42426582100.0,40305252900.0,4.287432964071087,34.02385818746377,32.32266520190564,7.935717822899036,7.538931913984725,5.128205363751451
683673469000000.0,0.683673469,1340397780.0,5746277900.0,45242323800.0,42980207600.0,4.286994492038028,33.752908632838825,32.06526319373641,7.873326801684965,7.47966045986046,5.1282051514563545
775510204000000.0,0.775510204,1427821720.0,6119235970.0,49380853200.0,46911800500.0,4.285714304724262,34.58474717697949,32.85550278644031,8.06977430550043,7.666283949497702,5.1282265159964115
867346939000000.0,0.867346939,1510026340.0,6469685590.0,51970402000.0,49371881900.0,4.284485256065136,34.416884410109034,32.69604018960358,8.032909988752637,7.631264489315005,5.128205128205129
959183673000000.0,0.959183673,1587609490.0,6801040470.0,55795644800.0,53005862500.0,4.283824525387537,35.14443895141997,33.38721696605631,8.203986587952182,7.793787249732393,5.128205241325733
1051020410000000.0,1.05102041,1661033850.0,7115996370.0,59034137700.0,56082430800.0,4.28407667309128,35.540598826447756,33.76356887609485,8.295976365148146,7.881177544782812,5.128205154933887
1142857140000000.0,1.14285714,1730665290.0,7416699260.0,63289136500.0,60124679700.0,4.285461378843508,36.56925279873152,34.740790173240256,8.533329218475012,8.106662760922033,5.128205086652202
1234693880000000.0,1.23469388,1796799610.0,7704855340.0,66653475900.0,63320802100.0,4.2880994058096435,37.0956647191169,35.24088148037833,8.650840665880692,8.218298631937715,5.128205136096236
1326530610000000.0,1.32653061,1859679410.0,7981823180.0,70528009100.0,67001608600.0,4.292042562325299,37.92482119270224,36.02858010886941,8.836077611531355,8.394273725316976,5.128205195323538
1418367350000000.0,1.41836735,1919504260.0,8248661410.0,73896121100.0,70201315000.0,4.29728736835416,38.49750304800053,36.57262787215695,8.95855914396176,8.510631181308241,5.128205192264347
1510204080000000.0,1.51020408,1976439910.0,8506185460.0,78618366300.0,74687448000.0,4.303791588584143,39.77776703567982,37.78887869148524,9.242493791100577,8.78036910330897,5.128205108134637
1602040820000000.0,1.60204082,2030624130.0,8755031980.0,81473180000.0,77399521000.0,4.311498051586731,40.12223571872949,38.116123932793016,9.305868920423977,8.84057547440278,5.128205128205129
1693877550000000.0,1.69387755,2082171480.0,8995692580.0,85970919700.0,81672373700.0,4.32034184811714,41.28906793978371,39.224614535590504,9.556898363905628,9.079053444042883,5.128205146559116
1785714290000000.0,1.78571429,2131177270.0,9228547930.0,89416655200.0,84945822400.0,4.330258237973793,41.956460618595095,39.85863756889637,9.689135915881838,9.20467911575337,5.128205175263006
1877551020000000.0,1.87755102,2177720570.0,9453887900.0,94249295000.0,89536820300.0,4.341185012547317,43.27887438745183,41.114926099081664,9.96936879270591,9.470899300593569,5.128216233644936
1969387760000000.0,1.96938776,2221866330.0,9671926980.0,97690438600.0,92805916700.0,4.353064290775764,43.967738869331534,41.76935193936712,10.100411097189653,9.59539054543193,5.128205095900856
2061224490000000.0,2.06122449,2263667300.0,9882814860.0,102049782000.0,96947294300.0,4.365842480474052,45.08161689661727,42.82753667025185,10.325983380811811,9.809684353431265,5.1282036850709245
2153061220000000.0,2.15306122,2303165900.0,10086648200.0,106107094000.0,100801739000.0,4.3794709708058805,46.07010463293157,43.7665992710295,10.51955931208149,9.993581316735128,5.128205425623371
2244897960000000.0,2.24489796,2340395890.0,10283112200.0,110086450000.0,104582127000.0,4.393749042175937,47.03753346618635,44.68565657923797,10.705557603465612,10.17027967466892,5.128205605983963
2336734690000000.0,2.33673469,2375383760.0,10472364600.0,114387728000.0,108668342000.0,4.408704301320979,48.15547278137491,45.747699310700014,10.922817565003418,10.376676724949014,5.12820476035465
2428571430000000.0,2.42857143,2408150000.0,10654643500.0,118191820000.0,112282229000.0,4.424410231920769,49.0799244233125,46.62592820214687,11.092986827762,10.5383374863739,5.128205128205129
2520408160000000.0,2.52040816,2438710160.0,10830185000.0,122351351000.0,116233784000.0,4.440947996870608,50.1705175985325,47.661991944134925,11.297254017359814,10.732391367275813,5.128204655331943
2612244900000000.0,2.6122449,2467075820.0,10999222500.0,126525799000.0,120199509000.0,4.458404727909822,51.28573592034962,48.721449104065236,11.503158427788874,10.928000501853655,5.1282051697752875
2704081630000000.0,2.70408163,2493255360.0,11161985700.0,130167348000.0,123658981000.0,4.4768722366248115,52.20778829489812,49.59739904058604,11.661665898747748,11.078582639646278,5.1282048049475595
2795918370000000.0,2.79591837,2517254660.0,11318700400.0,134355941000.0,127638144000.0,4.496446299159895,53.373996336151386,50.70529653920673,11.870262154831838,11.276749051507716,5.128205089057641
2887755100000000.0,2.8877551,2539077650.0,11469587500.0,137852551000.0,130959923000.0,4.517225969831998,54.29237305916973,51.57775422898153,12.018963280065652,11.418015076828176,5.128205471595786
2979591840000000.0,2.97959184,2558726780.0,11614863000.0,142465133000.0,135341876000.0,4.5393134940339355,55.678134185159074,52.89422733911434,12.265760947847598,11.652472870321414,5.128205386639471
3071428570000000.0,3.07142857,2576203480.0,11754737500.0,145881941000.0,138587844000.0,4.562814075540337,56.62671529346743,53.795379548202455,12.410480540292797,11.789956517531762,5.128205092150648
3163265310000000.0,3.16326531,2592508470.0,11889415900.0,150437589000.0,142915709000.0,4.586066366834281,58.027810030645725,55.1264193169637,12.653068095632856,12.020414644591582,5.128205512794337
3255102040000000.0,3.25510204,2607642110.0,12019097500.0,154495487000.0,146750713000.0,4.609182162654982,59.24719746146452,56.27716795845117,12.8541670454042,12.209794703803675,5.141823531715919
3346938780000000.0,3.34693878,2621604640.0,12143976300.0,158821246000.0,150880184000.0,4.632268388112099,60.58169244009272,57.552607932521816,13.078191366364903,12.424281822750263,5.128204929502585
3438775510000000.0,3.43877551,2634396400.0,12264240600.0,163023454000.0,154872282000.0,4.655427178688826,61.88265896506691,58.788526282529084,13.29258445891872,12.62795529304929,5.128204676516957
3530612240000000.0,3.53061224,2646018000.0,12380073500.0,167471364000.0,159097796000.0,4.678756342549446,63.29184608721483,60.12725385843936,13.527493516092614,12.851118856442977,5.128205002578933
3622448980000000.0,3.62244898,2656470440.0,12491652500.0,171755524000.0,163167748000.0,4.702349520591691,64.6555374431345,61.42276064626565,13.74962391885301,13.062142738921052,5.128205005712473
3714285710000000.0,3.71428571,2665755220.0,12599150400.0,175901845000.0,167106753000.0,4.72629681280339,65.98574530785314,62.68645813624253,13.961405286502494,13.263335042019976,5.128204978698522
3806122450000000.0,3.80612245,2673874350.0,12702734600.0,180239352000.0,171247384000.0,4.750684937757079,67.40756236357927,64.04466387883933,14.189019740678514,13.481143186286833,5.1165333305778
3897959180000000.0,3.89795918,2680830380.0,12802567900.0,184604118000.0,175373912000.0,4.775597887696274,68.86079752647387,65.4177576128483,14.419303958544129,13.69833875280599,5.128205185188663
3989795920000000.0,3.98979592,2686626400.0,12898808000.0,188613997000.0,179183298000.0,4.8011171184798895,70.2047731683125,66.69453482627878,14.622591250292276,13.891461753675223,5.12820465414244
4081632650000000.0,4.08163265,2691266010.0,12991607900.0,192878937000.0,183234991000.0,4.827322104811185,71.66847732008476,68.08505376991701,14.846425360482131,14.104104157884876,5.128204664624916
4173469390000000.0,4.17346939,2694753310.0,13081116000.0,196996621000.0,187146790000.0,4.854290725409666,73.10376807738294,69.44857969206836,15.059618842918296,14.306637904594684,5.1282051015056975
4265306120000000.0,4.26530612,2697092890.0,13167476100.0,201188574000.0,191129146000.0,4.882099592795264,74.59460322851542,70.86487332662836,15.279205557092297,14.51524533239897,5.1282047622014115
4357142860000000.0,4.35714286,2698289810.0,13250827600.0,205285732000.0,195021445000.0,4.910824460327336,76.07994190957568,72.27594466585485,15.492295137852372,14.717680350772959,5.128205333175927
4448979590000000.0,4.44897959,2698349570.0,13331305400.0,209374636000.0,198905904000.0,4.940540524554793,77.5935921452905,73.7139124639066,15.705486425957956,14.920212089657776,5.128205228689078
4540816330000000.0,4.54081633,2697278100.0,13409040400.0,213632989000.0,202951340000.0,4.971322905116828,79.20317485987077,75.24301628371208,15.932011734411658,15.135411181250523,5.12820490662288
4632653060000000.0,4.63265306,2695081740.0,13484159300.0,217696229000.0,206811417000.0,5.003246877402687,80.77537158483364,76.73660280151651,16.144590415807382,15.337360854228413,5.128205393973045
4724489800000000.0,4.7244898,2691767220.0,13556784700.0,221767737000.0,210679350000.0,5.036388213390904,82.38741275703624,78.26804206345896,16.358431730497276,15.540510132907842,5.128205199356563
4816326530000000.0,4.81632653,2687341650.0,13627035600.0,225876875000.0,214583031000.0,5.070823652065229,84.052161733883,79.84955355416011,16.57564283460153,15.746860674525573,5.128205244633549
4908163270000000.0,4.90816327,2681812480.0,13695026800.0,229888452000.0,218394030000.0,5.106631019928731,85.72129994711636,81.43523517348983,16.7862725175536,15.946958935487443,5.12820485365297
5000000000000000.0,5.0,2675187470.0,13760869700.0,233911617000.0,222216036000.0,5.143889859801115,87.43746732635526,83.06559390396666,16.99831639274951,16.14840056221156,5.128205195662628
