region,year,change_mwe,error_mwe,area,change_gt,error_gt
10_north_asia,2000,-0.196991901264312,0.10647056414886101,2487.7225,-0.4885910015377284,0.26407461036675245
10_north_asia,2001,-0.39587238019684945,0.09936092771272469,2477.3595,-0.9777760472626721,0.24541427998333798
10_north_asia,2002,-0.4406496733555227,0.10421391923827053,2466.9965,-1.0838199582885353,0.25632408789005984
10_north_asia,2003,-0.382168210523419,0.09637197988453398,2456.6335,-0.9360306869210631,0.2360403823429353
10_north_asia,2004,-0.21709543506369586,0.10287433813874144,2446.2705,-0.5294809360055419,0.25090348322004064
10_north_asia,2005,-0.12532046225548793,0.0827444446220129,2435.9075,-0.30435324674987513,0.20095313979838159
10_north_asia,2006,-0.433673559469906,0.09774988405664572,2425.5445,-1.0487388334167504,0.23638540356828705
10_north_asia,2007,-0.49841464039525635,0.0973730090187516,2415.1815,-1.2001505333553406,0.23446796951147778
10_north_asia,2008,-0.4313841068472763,0.09176164416625611,2404.8185,-1.0342882793100499,0.22000808918298548
10_north_asia,2009,-0.0809742650386063,0.08132343776336626,2394.4555,-0.19330760645730816,0.19414117677290585
10_north_asia,2010,-0.4559184223365449,0.08587106034837738,2384.0925,-1.083690836230476,0.20411037729078307
10_north_asia,2011,-0.8391373524013456,0.08718448949130064,2373.7295,-1.985909432683129,0.2063315374639965
10_north_asia,2012,-0.6063997824339858,0.08684862347493673,2363.3665,-1.4288454966175355,0.20463936190990376
10_north_asia,2013,-0.26987224990349784,0.08586297559467891,2353.0035,-0.6331053175300776,0.20142977444840998
10_north_asia,2014,-0.24118677301178473,0.06907379348590227,2342.6405,-0.5633188608141488,0.16132962091038472
10_north_asia,2015,-0.7904984392871212,0.10074101483564901,2332.2775,-1.8381307385632655,0.23425113422166535
10_north_asia,2016,-0.5170984312436708,0.09068513479090838,2321.9145,-1.1970563703956365,0.20993144001724823
10_north_asia,2017,-0.788549663279068,0.10330888551649114,2311.5515,-1.817304837506293,0.23808739785113647
10_north_asia,2018,-0.6060519251452601,0.10317875607644143,2301.1885,-1.3904558013854922,0.23672146562662993
10_north_asia,2019,-0.3580248597970979,0.08820027590419299,2290.8255,-0.8177119610217454,0.20144528682491578
10_north_asia,2020,-0.3825105013522474,0.11541523159071009,2280.4625,-0.8696839516274296,0.26241050724871545
10_north_asia,2021,-0.2668252417660331,0.11752651499247428,2270.0995,-0.6039026883766896,0.26599649227239486
10_north_asia,2022,-0.7372882454646253,0.16957627131113814,2259.7365,-1.6610789278194813,0.3820480967462347
10_north_asia,2023,-0.6432711857986654,0.1756058476279378,2249.3735,-1.4426162871731472,0.3938181306790232
11_central_europe,2000,-0.18019445027754719,0.07641257018039846,2140.639,-0.38457407404413535,0.1630810126349428
11_central_europe,2001,0.0925310902701366,0.07611279116596893,2121.1834,0.19568658642692055,0.1609648415814732
11_central_europe,2002,-0.48952108972667474,0.07813822637494479,2101.7278,-1.0257535627159522,0.16373260676706997
11_central_europe,2003,-0.9666577948538395,0.076891446669279,2082.2722,-2.006806119178041,0.15962859505177057
11_central_europe,2004,-0.5006610932841783,0.0709042107613266,2062.8166,-1.0296736981581494,0.14582359581945806
11_central_europe,2005,-0.7668226530756491,0.06710810726883422,2043.361,-1.5621948167016777,0.13671471090942153
11_central_europe,2006,-0.674478580759475,0.07684563238185292,2023.9054,-1.3609855992580873,0.15506170547301487
11_central_europe,2007,-0.6180360091555634,0.07316784972793322,2004.4498,-1.2351056884798335,0.14622129790832505
11_central_europe,2008,-0.5960052402178839,0.0687869839004968,1984.9942,-1.1795177441671,0.1361321387857456
11_central_europe,2009,-0.40919999919385625,0.0784683868722899,1965.5386,-0.8018854983548869,0.15376994534738742
11_central_europe,2010,-0.4327295962100676,0.06441691263149373,1946.083,-0.8396013276489332,0.1249845766088813
11_central_europe,2011,-0.8510399573339481,0.06906172125685747,1926.6274,-1.6347179895935322,0.13265703585123018
11_central_europe,2012,-0.06499051209898465,0.011848863661562603,1907.1718,-0.12357622772691412,0.02253002518146481
11_central_europe,2013,-0.02422308237496482,0.07197290021781282,1887.7162,-0.045589126098116106,0.13545681647304234
11_central_europe,2014,-0.24121972463071673,0.07233992782253669,1868.2606,-0.4493093235480064,0.13474438744681605
11_central_europe,2015,-0.9925152380897703,0.08185419499028569,1848.805,-1.829462233352288,0.1508784476341081
11_central_europe,2016,-0.5915622839950104,0.08124812939941489,1829.3494,-1.0789275869610353,0.14818532311763818
11_central_europe,2017,-0.9703166696015557,0.08351817297558822,1809.8938,-1.7509016139754587,0.15070554638547715
11_central_europe,2018,-0.8595397333516186,0.07580131920969779,1790.4382,-1.5343359146915203,0.13531042479086644
11_central_europe,2019,-0.5561576023176215,0.07452341672345404,1770.9826,-0.9819906002525407,0.1315837352868568
11_central_europe,2020,-0.13702382526843432,0.0904226331021038,1751.527,-0.23928092681214214,0.1579025502395603
11_central_europe,2021,-0.44808458450597793,0.09273771258804374,1732.0714,-0.7737861501228764,0.16014645465614502
11_central_europe,2022,-2.186803483497958,0.11765213601209136,1712.6158,-3.7339187347416414,0.2008884283169425
11_central_europe,2023,-1.3392491249644372,0.13462797111445934,1693.1602,-2.2607606263257876,0.22726288233025896
12_caucasus_middle_east,2000,-0.43690070849364054,0.14361255560358288,1282.75515,-0.5587553239572896,0.18366708606924184
12_caucasus_middle_east,2001,-0.1618115531704827,0.12594111888794718,1275.82805,-0.20582438719392138,0.16019717448925094
12_caucasus_middle_east,2002,0.37617192059190363,0.12828344047377052,1268.90095,0.47589293268018396,0.16229064254797657
12_caucasus_middle_east,2003,0.34725637021957007,0.11448823209790572,1261.97385,0.43691377308762713,0.1440477115751668
12_caucasus_middle_east,2004,0.4749631040096683,0.11510383616229519,1255.04675,0.5943125973570744,0.144027313401557
12_caucasus_middle_east,2005,-0.0013320852766354934,0.0992468321952961,1248.11965,-0.0016576140038167119,0.12350030569881212
12_caucasus_middle_east,2006,-0.5521031449932696,0.11104267656658987,1241.19255,-0.6832105114660245,0.1374118668578514
12_caucasus_middle_east,2007,-0.545993107293213,0.12597373945799314,1234.26545,-0.6718787269853455,0.15501857911764177
12_caucasus_middle_east,2008,-0.2463026505891859,0.11526833119058247,1227.33835,-0.3013897987084337,0.14104882368047092
12_caucasus_middle_east,2009,-0.3024070401647131,0.10504924635334034,1220.41125,-0.36795377103452914,0.12781867220747714
12_caucasus_middle_east,2010,-0.568610971673566,0.11970717944931317,1213.48415,-0.6879304004370455,0.14482697660823843
12_caucasus_middle_east,2011,-0.6248853668860326,0.11422362626376206,1206.55705,-0.7516979653236046,0.13740386958047196
12_caucasus_middle_east,2012,-0.6535288755888959,0.13141472471318433,1199.62995,-0.7816408339092247,0.15717609251803025
12_caucasus_middle_east,2013,-0.35002579484024954,0.12544987063927593,1192.70285,-0.41622433279024246,0.14917554498886493
12_caucasus_middle_east,2014,-0.7127688388537612,0.12412532111854042,1185.77575,-0.8426484524550425,0.14674324135609815
12_caucasus_middle_east,2015,-0.6405384084172727,0.14456846925405967,1178.84865,-0.752832544521743,0.1699130717782766
12_caucasus_middle_east,2016,-0.6118941603533179,0.12143680536771481,1171.92155,-0.7149406769786972,0.14188746594605992
12_caucasus_middle_east,2017,-0.4582162265243637,0.13380397576356198,1164.99445,-0.5322179027184241,0.15541324648502675
12_caucasus_middle_east,2018,-0.23392018774005974,0.15619817432936284,1158.06735,-0.2700826459318506,0.18034534180298192
12_caucasus_middle_east,2019,-0.6321597774271461,0.1274016501336527,1151.14025,-0.725521450534747,0.14621719588310972
12_caucasus_middle_east,2020,-0.7148816268180351,0.1653815500331187,1144.21315,-0.8155230272242928,0.18866404908233153
12_caucasus_middle_east,2021,0.06415494786633867,0.16185036264259778,1137.28605,0.07274363966512364,0.18351794914200498
12_caucasus_middle_east,2022,-0.17158705869427882,0.20609694782836924,1130.35895,-0.1933731025967556,0.23226463895684382
12_caucasus_middle_east,2023,0.009719791723452236,0.205834642263716,1123.43185,0.010886765026700156,0.2305474693735574
13_central_asia,2000,-0.09630598097015511,0.02187505312758109,49702.3543,-4.772274085425544,1.0839799159557233
13_central_asia,2001,-0.20392324130204306,0.02780552057691827,49613.6089,-10.087015835761152,1.375393626494633
13_central_asia,2002,-0.1646639448005902,0.028871241481243846,49524.8635,-8.130494511451904,1.4255547605538368
13_central_asia,2003,-0.04689896196448007,0.009976079691298373,49436.1181,-2.3115471145761144,0.49169911783265585
13_central_asia,2004,-0.16241202190051052,0.026304996634809293,49347.3727,-7.990562755958,1.2941882253917496
13_central_asia,2005,-0.18436326210683487,0.025361897598850214,49258.6273,-9.054236772284995,1.2455443846582002
13_central_asia,2006,-0.23393798623242298,0.02516819668232646,49169.8819,-11.46819504550715,1.233804706730446
13_central_asia,2007,-0.22529312589086228,0.02514508699196056,49081.1365,-11.024469736368014,1.2304469986159203
13_central_asia,2008,-0.2099044727898988,0.024395768911168198,48992.3911,-10.252870858488345,1.1916214305261301
13_central_asia,2009,-0.10809999959655031,0.026583931474692877,48903.6457,-5.27062462819852,1.2961510126530047
13_central_asia,2010,-0.18948506144726943,0.028017178742281913,48814.9003,-9.221945299739167,1.3635528196307958
13_central_asia,2011,-0.17631074137661512,0.027388667199176587,48726.1549,-8.565171661366236,1.3305408071302727
13_central_asia,2012,-0.23213229423538564,0.027679600907262285,48637.4095,-11.25644251254224,1.342225291870718
13_central_asia,2013,-0.20101519759176592,0.027702787987898186,48548.6641,-9.729742248957141,1.3408985486120102
13_central_asia,2014,-0.23227901048563843,0.02767188854409937,48459.9187,-11.222453297958936,1.3369545367151494
13_central_asia,2015,-0.21007179932533773,0.027511175549193485,48371.1733,-10.130935152376908,1.3267555966562306
13_central_asia,2016,-0.16266683870835322,0.026811293694157474,48282.4279,-7.830388061922023,1.2906308116298013
13_central_asia,2017,-0.31425543827935754,0.04496384330826224,48193.6825,-15.099691435884704,2.1604722688130056
13_central_asia,2018,-0.2633714578527168,0.04294677503376598,48104.9371,-12.631459011698425,2.0597540559122214
13_central_asia,2019,-0.24787157417661995,0.042461476132209255,48016.1917,-11.866143475577418,2.032721862695647
13_central_asia,2020,-0.019249736844277256,0.053481551167858535,47927.4463,-0.91982295670655,2.555544469123328
13_central_asia,2021,-0.05545741046363075,0.018354093139093815,47838.7009,-2.6450514404425878,0.8754018640559357
13_central_asia,2022,-0.7463347077085676,0.0699171261252982,47749.9555,-35.530536733946036,3.3285240421873636
13_central_asia,2023,-0.6594106274260776,0.06979711669023353,47661.2101,-31.334023530559325,3.316635197818594
14_south_asia_west,2000,-0.06119876533557549,0.026561233073788763,33507.5776,-2.0444705113704678,0.8873325706365485
14_south_asia_west,2001,-0.16939810624881188,0.044334414252977766,33386.7328,-5.638682362224627,1.4757406987811543
14_south_asia_west,2002,-0.1629684732833045,0.04413965506870611,33265.888,-5.405027106834079,1.463939787408587
14_south_asia_west,2003,-0.13770617673479624,0.026809748671337674,33145.0432,-4.550584345251312,0.885944447058952
14_south_asia_west,2004,-0.20102146918448469,0.040836088635136276,33024.1984,-6.618657162364886,1.3445333556878256
14_south_asia_west,2005,-0.14974687454667407,0.03861954860448695,32903.3536,-4.912392840612945,1.2669005256150034
14_south_asia_west,2006,-0.2970257743813879,0.03882340302540929,32782.5088,-9.70803831229721,1.2689103656724476
14_south_asia_west,2007,-0.27268191074346854,0.03859592807684484,32661.664,-8.879526212738416,1.25682541291023
14_south_asia_west,2008,-0.22764075471253423,0.03842137287495238,32540.8192,-7.385393791727169,1.2465121592951909
14_south_asia_west,2009,-0.04558448552182181,0.03920451644486521,32419.9744,-1.4734143100936699,1.2671963912483886
14_south_asia_west,2010,-0.06573546574800841,0.038183604420596956,32299.1296,-2.116828732528751,1.229597296212666
14_south_asia_west,2011,-0.11454182401162079,0.03783438221708846,32178.2848,-3.6747021562537405,1.2137931896348875
14_south_asia_west,2012,-0.20995735868735083,0.03797472604086036,32057.44,-6.710503342392193,1.2137203840666047
14_south_asia_west,2013,-0.19403056358373655,0.03811338431165641,31936.5952,-6.178085538904851,1.2135600912840112
14_south_asia_west,2014,-0.1966388837263862,0.03792439269664894,31815.7504,-6.237445002642605,1.2029732330718412
14_south_asia_west,2015,-0.16533582120204499,0.03989057260764916,31694.9056,-5.2245823355614025,1.2605349493299978
14_south_asia_west,2016,-0.12412854013503727,0.03629456773438986,31574.0608,-3.9074843470191905,1.1425289876902776
14_south_asia_west,2017,-0.18792399751601235,0.05668431269018195,31453.216,-5.8930816431982365,1.7775552190632664
14_south_asia_west,2018,-0.10801556538523222,0.05641346655740533,31332.3712,-3.3742306386578833,1.762264971830844
14_south_asia_west,2019,-0.06528139062903553,0.05714660189434303,31211.5264,-2.0314192515057146,1.7782817756744906
14_south_asia_west,2020,0.05948813935610637,0.06085808081842423,31090.6816,1.843978219298041,1.8864428558721573
14_south_asia_west,2021,-0.0608238598173982,0.02105984725579192,30969.8368,-1.8780538970546274,0.6502633724471693
14_south_asia_west,2022,-0.7453396678319576,0.07622933029035041,30848.992,-22.923998517880026,2.3445432062915006
14_south_asia_west,2023,-0.3768647140179127,0.07553822697283961,30728.1472,-11.54561334360784,2.314186308375481
15_south_asia_east,2000,-0.2334556651406241,0.01886411928219487,14907.1245,-3.469712207485149,0.280366145398362
15_south_asia_east,2001,-0.37357500815778033,0.026795906338756986,14837.8747,-5.526429984610333,0.3964015178252297
15_south_asia_east,2002,-0.3676009632852815,0.02696783044522884,14768.6249,-5.412673857420078,0.39708293889574764
15_south_asia_east,2003,-0.33494834401619417,0.025131311116828654,14699.3751,-4.908760753774425,0.36830632515448114
15_south_asia_east,2004,-0.36762072429765025,0.02697971359810401,14630.1253,-5.3622022475733235,0.39353244072688043
15_south_asia_east,2005,-0.3690898708604846,0.026475318330591222,14560.8755,-5.358148842936863,0.3843473025925028
15_south_asia_east,2006,-0.38448805478620574,0.026517038494222895,14491.6257,-5.555141405154539,0.38312217154117756
15_south_asia_east,2007,-0.36614946057801445,0.026605335402850355,14422.3759,-5.264902920570241,0.3825610116811093
15_south_asia_east,2008,-0.3679233019811099,0.02632020129739471,14353.1261,-5.265006999817861,0.3766438366942932
15_south_asia_east,2009,-0.36704981780624285,0.026437806799433746,14283.8763,-5.2271655109014645,0.37650145888051134
15_south_asia_east,2010,-0.35179938297781543,0.02605816292009383,14214.6265,-4.985694741464225,0.3692958320257273
15_south_asia_east,2011,-0.3353211258033627,0.026152324514587256,14145.3767,-4.729013909036786,0.368824678393963
15_south_asia_east,2012,-0.38652584782081983,0.026146946214220174,14076.1269,-5.424464523403781,0.3669435897599613
15_south_asia_east,2013,-0.33076126599848515,0.025861171331468622,14006.8771,-4.619033605074347,0.3611475457564186
15_south_asia_east,2014,-0.3720473721845151,0.026407144794172437,13937.6273,-5.169901238617802,0.3669487833717157
15_south_asia_east,2015,-0.19707632956893226,0.015723494750013663,13868.3775,-2.724929547972036,0.21740518273002024
15_south_asia_east,2016,-0.3666835248926162,0.037613850603173765,13799.1277,-5.044733047122902,0.517481212778631
15_south_asia_east,2017,-0.5465893850912635,0.05883407761596613,13729.8779,-7.482091702182911,0.805361347920259
15_south_asia_east,2018,-0.5774737766990232,0.058516102989051466,13660.6281,-7.864988537484839,0.7969686206323463
15_south_asia_east,2019,-0.4969941003362862,0.05992644759105603,13591.3783,-6.734570326047008,0.8120395703270108
15_south_asia_east,2020,-0.382672114109525,0.0676448724180854,13522.1285,-5.159017875854595,0.9119585492318462
15_south_asia_east,2021,-0.0752453088819191,0.014737159644257503,13452.8787,-1.0092292150930928,0.19766244941350114
15_south_asia_east,2022,-1.0347701605714983,0.11950840561157423,13383.6289,-13.8074328864047,1.5946577826825792
15_south_asia_east,2023,-1.0645357071642432,0.12199410702202124,13314.3791,-14.131111074759307,1.6194029614905914
16_low_latitudes,2000,-0.24141312373086443,0.020280322350720872,2354.92895,-0.5668052217217934,0.04761544206438751
16_low_latitudes,2001,-0.2953137153655967,0.02469476236581386,2327.07105,-0.6851543497021346,0.0572940671883506
16_low_latitudes,2002,-0.29962026379999035,0.024718207627712218,2299.21315,-0.6868241779838006,0.05666193073800004
16_low_latitudes,2003,-0.30518161836854724,0.02461182823248755,2271.35525,-0.6910963434716416,0.05573449865215494
16_low_latitudes,2004,-0.32527547186788586,0.02451669668845827,2243.49735,-0.7275653951781348,0.05483813461915598
16_low_latitudes,2005,-0.3087028433733529,0.024638943539728807,2215.63945,-0.6819222755108564,0.05442724226700696
16_low_latitudes,2006,-0.30003444720889694,0.024480465133336186,2187.78155,-0.6544405984841696,0.053397236224268806
16_low_latitudes,2007,-0.28176209005130565,0.024441323960994667,2159.92365,-0.6067588481693191,0.052633019479682075
16_low_latitudes,2008,-0.2890458928137819,0.024329125886573624,2132.06575,-0.6144160537016963,0.051715682142111405
16_low_latitudes,2009,-0.30412164155186827,0.024626424325124845,2104.20785,-0.6380153400718024,0.05166365803621157
16_low_latitudes,2010,-0.30854599797091403,0.024441058784196695,2076.34995,-0.6387275190572287,0.05059594661096033
16_low_latitudes,2011,-0.2946823205389703,0.024439994781601464,2048.49205,-0.6018434277269336,0.04991493960711563
16_low_latitudes,2012,-0.2746502047447735,0.023339232819154572,2020.63415,-0.5533026802627461,0.04701857071657695
16_low_latitudes,2013,-0.3435299347502597,0.031912291769123385,1992.77625,-0.6825245602489641,0.06340327494921782
16_low_latitudes,2014,-0.32612299266514544,0.03165607046570342,1964.91835,-0.6388826374867257,0.06201498896571284
16_low_latitudes,2015,-0.38034328082183017,0.03216006901848569,1937.06045,-0.7345376829231012,0.06210910977168402
16_low_latitudes,2016,-0.30890295272471047,0.026387914597722436,1909.20255,-0.5879890301294131,0.050228734217636434
16_low_latitudes,2017,-0.3936837467786897,0.05113903108163185,1881.34465,-0.7384328463616605,0.09592151210401696
16_low_latitudes,2018,-0.10623087878173924,0.014049719391722101,1853.48675,-0.1963068336840214,0.02596284582757365
16_low_latitudes,2019,-0.4142316450901673,0.14435779270822174,1825.62885,-0.7539645421339917,0.2627531198371779
16_low_latitudes,2020,-0.46325047374605766,0.267286955750299,1797.77095,-0.830319789541577,0.4790791621887376
16_low_latitudes,2021,0.1598297721818579,0.184765114695078,1769.91305,0.28203614516450776,0.3260371331205147
16_low_latitudes,2022,0.06923589510780737,0.30686820400376624,1742.05515,0.12025090939450338,0.5329775911505437
16_low_latitudes,2023,-0.9078167978645557,0.5282505989890318,1714.1972500000002,-1.5515085272280178,0.9028091469255578
17_southern_andes,2000,-0.517861402608214,0.015805130667898865,29402.5139,-15.180747807196125,0.4633164424317501
17_southern_andes,2001,-0.6299201050087193,0.01919719582922892,29349.5417,-18.432402790452922,0.5617386128144812
17_southern_andes,2002,-0.6297850195333203,0.019210867980092167,29296.5695,-18.39518897303233,0.5611240913472925
17_southern_andes,2003,-0.6338496112191655,0.019166082106603415,29243.5973,-18.480434650917076,0.5588037313834132
17_southern_andes,2004,-0.6334235352132197,0.019159015049471703,29190.6251,-18.43455885908797,0.5575858347176033
17_southern_andes,2005,-0.6335260884287764,0.01906449295311551,29137.6529,-18.404084877929197,0.5538280946472286
17_southern_andes,2006,-0.6317653691083046,0.01905550324452684,29084.6807,-18.319569955719185,0.5525605577625426
17_southern_andes,2007,-0.6318411651265263,0.019020099958541547,29031.7085,-18.28839823868092,0.5505294396443285
17_southern_andes,2008,-0.6317315035408886,0.019059947891142688,28978.7363,-18.251860311553386,0.5506762042176776
17_southern_andes,2009,-0.629113290294126,0.019043351214912494,28925.7641,-18.14298987934104,0.5491909544612592
17_southern_andes,2010,-0.633225595320754,0.019026711177293418,28872.7919,-18.228141866931395,0.5477062095463067
17_southern_andes,2011,-0.6401120383006292,0.01904195884019102,28819.8197,-18.39256979102876,0.547139463047599
17_southern_andes,2012,-0.4863819515116294,0.014931331912429062,28766.8475,-13.949700399609776,0.42823876605244
17_southern_andes,2013,-0.7348076545220633,0.04871761910250817,28713.8753,-21.035877835347712,1.3946750249028508
17_southern_andes,2014,-0.7513761761387397,0.04872983649607997,28660.9031,-21.470514416633073,1.3924511985273125
17_southern_andes,2015,-0.7699481311017953,0.05026676910090534,28607.9309,-21.960543062350865,1.4337141722339404
17_southern_andes,2016,-0.3969473759970595,0.0325055098039369,28554.9587,-11.300811479886397,0.9254089095039416
17_southern_andes,2017,-0.7666048902118352,0.05168159167913311,28501.9865,-21.784212944956753,1.4686089442521528
17_southern_andes,2018,-0.19389349590321261,0.013521702762615738,28449.0143,-5.499530601114604,0.38352507790824264
17_southern_andes,2019,-1.0256754584090013,0.1582686774265338,28396.0421,-29.037748127425044,4.480721415233228
17_southern_andes,2020,-1.330765519005743,0.24500476937326532,28343.0699,-37.60482618531248,6.923354742267299
17_southern_andes,2021,-0.45943579805495754,0.11146182064213571,28290.0977,-12.958491163010663,3.1438059983985385
17_southern_andes,2022,-1.1953883089450144,0.340078047100893,28237.1255,-33.6530667118104,9.57401801629548
17_southern_andes,2023,-1.017863888821753,0.33179279841030657,28184.1533,-28.60156898544319,9.323245196949381
18_new_zealand,2000,-0.529989196318747,0.1522805158381869,981.5995,-0.5186764187215482,0.14903004277188683
18_new_zealand,2001,-0.8413168043932922,0.14750416296514282,973.5817,-0.8166333727258095,0.14317653167547073
18_new_zealand,2002,-0.8423712710543277,0.16071287134294795,965.5639,-0.8109231998579923,0.1547130111935928
18_new_zealand,2003,-0.7731118403396319,0.17217782828586875,957.5461,-0.7380693568982942,0.16437360335765852
18_new_zealand,2004,0.11051813607231775,0.16898412727838938,949.5283,0.1046252775703248,0.15997384546832777
18_new_zealand,2005,0.08963028197999623,0.1694621898251582,941.5105,0.08413468804732087,0.15907177978015946
18_new_zealand,2006,-0.01587139657992801,0.19922911125722756,933.4927,-0.014771385347629264,0.18542098422315142
18_new_zealand,2007,-0.8219207009891135,0.18491507591437398,925.4749,-0.7583849776201623,0.17062085860617662
18_new_zealand,2008,-0.8643534645191614,0.17773931095740242,917.4571,-0.7906282012639047,0.16257898820861574
18_new_zealand,2009,-0.3718739192943585,0.18265116268810375,909.4393,-0.3371821665807639,0.16561181510263745
18_new_zealand,2010,-1.077729959902326,0.18270461595437307,901.4215,-0.9685744901789445,0.16419978736360336
18_new_zealand,2011,-0.8357305171726956,0.18870710346347572,893.4037000000001,-0.7444048020362649,0.1680858495772004
18_new_zealand,2012,-0.2803320408320839,0.19206654086095373,885.3859,-0.24745743016213853,0.16954284811864212
18_new_zealand,2013,-0.18104401269063333,0.19332549108183505,877.3681,-0.1583657147064646,0.1691087659356605
18_new_zealand,2014,-0.21417394700537531,0.1967352641992669,869.3503000000001,-0.18563360852606323,0.17051876536935534
18_new_zealand,2015,-0.7239279666661544,0.22846032744361328,861.3325,-0.6216720572924301,0.19618996407286254
18_new_zealand,2016,-0.40263565265541,0.2300553519148551,853.3147,-0.3425441963914906,0.19572068476181118
18_new_zealand,2017,-1.1059539975089863,0.22961881530680853,845.2969,-0.932054907180043,0.19351378454223628
18_new_zealand,2018,-1.3800637205853823,0.23651536609994597,837.2791,-1.1520320143846372,0.19743528474574026
18_new_zealand,2019,-1.1324008591641523,0.23539973760687732,829.2613,-0.9362390399658073,0.19462226875025537
18_new_zealand,2020,-0.5757935880152136,0.2925034164295024,821.2435,-0.47144814127467466,0.23949587988211052
18_new_zealand,2021,-0.31951907633905363,0.22389630173945857,813.2257,-0.25906160114562277,0.18153199202935397
18_new_zealand,2022,-0.9353370058452771,0.31322735379614086,805.2079,-0.7508813240301565,0.25145650035342937
18_new_zealand,2023,-0.6666836970194209,0.3042921952671012,797.1901,-0.529879222165996,0.24185098939747737
19_antarctic_and_subantarctic,2000,-0.19753024167916652,0.08692988207642514,127665.25695,-25.142095812188295,11.064631954724256
19_antarctic_and_subantarctic,2001,-0.22111010171709125,0.07547665692370774,127306.51605,-28.06431044292482,9.57984422535017
19_antarctic_and_subantarctic,2002,-0.2428191510760388,0.07583989421571777,126947.77515,-30.73287493993611,9.598822720781834
19_antarctic_and_subantarctic,2003,-0.014279000735214698,0.006409343020335269,126589.03425,-1.802142218386491,0.8089184854918562
19_antarctic_and_subantarctic,2004,-0.03399983911797862,0.014169016324260205,126230.29335,-4.278934236718101,1.7831934098310276
19_antarctic_and_subantarctic,2005,-0.03867928490622102,0.014188123057812047,125871.55245,-4.854015773885488,1.7805234324115282
19_antarctic_and_subantarctic,2006,-0.03935277304914614,0.014193875870917737,125512.81155,-4.924459356124337,1.7761687275485383
19_antarctic_and_subantarctic,2007,-0.036137546923649136,0.014176023643013465,125154.07065,-4.509192817497674,1.7688645033601162
19_antarctic_and_subantarctic,2008,-0.038474262335271625,0.014156528291862855,124795.32975,-4.787004030253173,1.7613686104493347
19_antarctic_and_subantarctic,2009,-0.03758676086770219,0.013885472060124936,124436.58885,-4.663136803372635,1.7226771954007274
19_antarctic_and_subantarctic,2010,-0.03901681296675686,0.04262571306169384,124077.84795,-4.826598820222498,5.2730400237970905
19_antarctic_and_subantarctic,2011,-0.08943697362493438,0.04375959159321072,123719.10705,-11.031867326588891,5.397655903994363
19_antarctic_and_subantarctic,2012,-0.0624555551020739,0.04298544238244056,123360.36615,-7.681426525056858,5.286791811683343
19_antarctic_and_subantarctic,2013,-0.03946121211463589,0.044184481664880364,123001.62525,-4.839231844761898,5.418458766442284
19_antarctic_and_subantarctic,2014,-0.01833934776742287,0.04493866649167497,122642.88435,-2.2424429357725906,5.494873454349569
19_antarctic_and_subantarctic,2015,-0.05574721435034099,0.04446756171148684,122284.14345,-6.796549355485332,5.421364662113587
19_antarctic_and_subantarctic,2016,-0.10137285351764234,0.043969464946542317,121925.40255,-12.322846194862384,5.344911729374741
19_antarctic_and_subantarctic,2017,-0.13946508789645418,0.044706390947115975,121566.66165,-16.903442236838867,5.418502281755089
19_antarctic_and_subantarctic,2018,-0.08324091962184552,0.036983362540143186,121207.92075,-10.059190412315727,4.469228446406692
19_antarctic_and_subantarctic,2019,-0.06919948016203072,0.018535472688551626,120849.17985,-8.337612322356874,2.233276682525908
19_antarctic_and_subantarctic,2020,-0.06853419181262653,0.01895599140063827,120490.43895,-8.232941710023105,2.2771636774215445
19_antarctic_and_subantarctic,2021,-0.06623077594274386,0.018402314146760447,120131.69805,-7.932546330439398,2.2040691427603702
19_antarctic_and_subantarctic,2022,-0.06872124679777265,0.019021223423199656,119772.95715,-8.206254107160186,2.2713934934734463
19_antarctic_and_subantarctic,2023,-0.02012758519523132,0.006398607541654703,119414.21625,-2.3963092516603703,0.7617924505640015
1_alaska,2000,-0.18900298626090278,0.06350615149563532,89847.1,-16.930426096261314,5.688726013411367
1_alaska,2001,-0.4363177705425233,0.06815166033490382,89430.82,-38.90319523218914,6.076574291507588
1_alaska,2002,-0.6369772291711455,0.06908585228089492,89014.54,-56.530134340008665,6.131196425207937
1_alaska,2003,-0.6859275484209474,0.054989240099284714,88598.26,-60.589671314333195,4.857335138544297
1_alaska,2004,-0.9253512287469524,0.05270190113150676,88181.98,-81.35450563570018,4.633415917565885
1_alaska,2005,-0.7087264968512141,0.052314005304462056,87765.7,-62.01527147338052,4.577601169463776
1_alaska,2006,-0.527937367531755,0.05253649340508312,87349.42,-45.97667778167495,4.5752651310845325
1_alaska,2007,-0.42717811481730694,0.050886412684714194,86933.14,-37.024527055767976,4.4104444911039815
1_alaska,2008,-0.1758138975249264,0.04792611249972856,86516.86,-15.16523375914375,4.133977515186816
1_alaska,2009,-0.6804036759769696,0.052727398604744485,86100.58,-58.407401682341906,4.526240022954412
1_alaska,2010,-0.6350482918089957,0.051775042290782364,85684.3,-54.25042734479999,4.422999331387615
1_alaska,2011,-0.7377472156468915,0.0715297260630723,85268.02,-62.717525605707294,6.080900518202949
1_alaska,2012,-0.3985319111205212,0.07323208561080669,84851.74,-33.71467772578927,6.195228278242193
1_alaska,2013,-1.2291824446543465,0.06494533694941425,84435.46,-103.47522538289935,5.467238331978254
1_alaska,2014,-0.9877661163606583,0.07152816294454223,84019.18,-82.74232523102187,5.991708384714302
1_alaska,2015,-1.1456527526934757,0.06180588970420325,83602.9,-95.49255284060291,5.151650161502479
1_alaska,2016,-1.0645692258166217,0.0655374096001538,83186.62,-88.29224190474639,5.4354800814277695
1_alaska,2017,-1.1678105774157828,0.06509972159163442,82770.34,-96.37009831265577,5.372161111774788
1_alaska,2018,-1.3094278554647827,0.06762118437943189,82354.06,-107.51319007409418,5.5521724384278315
1_alaska,2019,-1.3691334284089256,0.06728577725986551,81937.78,-111.84720238667344,5.496707472605119
1_alaska,2020,-0.7381175147862354,0.10615540744875616,81521.5,-59.99192964070116,8.627986204188774
1_alaska,2021,-0.6250747912239685,0.09007704690271827,81105.22,-50.54473797329801,7.283801549877299
1_alaska,2022,-0.9660057983014918,0.06321044245685062,80688.94,-77.71214594710477,5.08508244797795
1_alaska,2023,-1.1713838898984394,0.1157972120465742,80272.66,-93.74801042112499,9.267464180867869
2_western_canada_us,2000,-0.05284614350362618,0.06533704093714517,14563.2148,-0.7673009099773479,0.9486628094793462
2_western_canada_us,2001,-0.4259316434215682,0.06708024306808555,14484.7852,-6.151019779749875,0.9687279832689932
2_western_canada_us,2002,-0.20854026367726722,0.06758992533259224,14406.3556,-2.995292279866118,0.9708033258208159
2_western_canada_us,2003,-0.6006789143095019,0.06520164437529269,14327.926,-8.580663584884924,0.9314017226804473
2_western_canada_us,2004,-0.7359229616811639,0.06586133984082192,14249.4964,-10.455071998373624,0.9356754521860857
2_western_canada_us,2005,-0.901413051459794,0.06624611412311106,14171.0668,-12.735662612928694,0.9359617741535933
2_western_canada_us,2006,-0.45419889623457965,0.06565155671652063,14092.6372,-6.381657680490554,0.9224279597098851
2_western_canada_us,2007,-0.12435017046652155,0.06426766218258262,14014.2076,-1.7374410967011822,0.8979583787140017
2_western_canada_us,2008,-0.22081902202974601,0.06586036496648105,13935.778,-3.068053014576099,0.9150619788963419
2_western_canada_us,2009,-0.5434986412515775,0.06587513664108618,13857.3484,-7.508855676669474,0.9101161551751377
2_western_canada_us,2010,0.14188041382731867,0.07474577568287369,13778.9188,1.9490938253327101,1.0268262258559993
2_western_canada_us,2011,0.3677210966297945,0.07900692034138657,13700.4892,5.022845036249691,1.0791861584858398
2_western_canada_us,2012,-0.1702283902702701,0.07751135634454756,13622.0596,-2.3119046940400585,1.0526967228548583
2_western_canada_us,2013,-0.9425335483701176,0.07090709215899642,13543.63,-12.72702966478684,0.9574584023156166
2_western_canada_us,2014,-1.0346700237536397,0.06909201983238177,13465.2004,-13.890243100062373,0.9275468794045435
2_western_canada_us,2015,-1.4955475287258928,0.07756896527768282,13386.7708,-19.960490331597263,1.035282765487402
2_western_canada_us,2016,-0.7274410370722529,0.06977751040277537,13308.3412,-9.651990423666675,0.9258370477771041
2_western_canada_us,2017,-0.5210799719003972,0.07560946161735653,13229.9116,-6.873160438878421,0.9973055738412562
2_western_canada_us,2018,-0.7934506586585512,0.07479528279559902,13151.482,-10.403746899070374,0.9807178089251166
2_western_canada_us,2019,-1.2021918659714785,0.07509533864144767,13073.0524,-15.66916830692282,0.9787801211642241
2_western_canada_us,2020,-1.0332022775310308,0.07843703872338126,12994.6228,-13.38579565099881,1.0162019525640549
2_western_canada_us,2021,-0.9944871673598759,0.05517022758223664,12916.1932,-12.806453423375268,0.710451550385117
2_western_canada_us,2022,-0.9395993799940118,0.056891517231825214,12837.7636,-12.026167654912486,0.7281687695202961
2_western_canada_us,2023,-2.089317649119645,0.10986193857371808,12759.334,-26.578326812060723,1.3975598726451042
3_arctic_canada_north,2000,-0.2762735637971185,0.04756469183911754,105000.63345,-28.92187250657387,4.979339804642502
3_arctic_canada_north,2001,-0.19571847208886664,0.052340790164066134,104927.05575,-20.47455454307681,5.4754891125213865
3_arctic_canada_north,2002,-0.04528344055659888,0.03069076108604909,104853.47805,-4.733881861708531,3.208378944742221
3_arctic_canada_north,2003,-0.08828150276601347,0.005305817895242856,104779.90035,-9.222376681383427,0.5542752411277768
3_arctic_canada_north,2004,-0.2259010173559525,0.01425493184826592,104706.32265,-23.58230501580491,1.4881037489779174
3_arctic_canada_north,2005,-0.2915854302171362,0.015064629558119155,104632.74495,-30.417855799192495,1.57152478169395
3_arctic_canada_north,2006,-0.2887678523897371,0.015050820141392546,104559.16725,-30.10274619591851,1.5689801167522914
3_arctic_canada_north,2007,-0.3070221163833042,0.01514742759865663,104485.58955,-31.98314867469266,1.5779398391031443
3_arctic_canada_north,2008,-0.3101115212393107,0.015131645896825285,104412.01185,-32.28222972696906,1.5751858139172574
3_arctic_canada_north,2009,-0.25777711111854484,0.01222591504598151,104338.43415,-26.815371953418065,1.2718059334527902
3_arctic_canada_north,2010,-0.10151517002295704,0.007271885732003942,104264.85645,-10.552711236051138,0.7559275156022898
3_arctic_canada_north,2011,-0.359598005398688,0.01929869310568329,104191.27875,-37.35457509038339,2.004723246346296
3_arctic_canada_north,2012,-0.2840725275369521,0.017578092791047648,104117.70105,-29.488247563114445,1.8247000384167167
3_arctic_canada_north,2013,-0.24078836062627482,0.017593930861529345,104044.12335,-24.97745605256169,1.825053477430026
3_arctic_canada_north,2014,-0.2784346642614499,0.01800826756845082,103970.54565,-28.86215695922409,1.8667124170871214
3_arctic_canada_north,2015,-0.2953141993449232,0.019173405567539707,103896.96795,-30.59020315480584,1.9860825276317957
3_arctic_canada_north,2016,-0.26973542788720917,0.019201927734619016,103823.39025,-27.920832054003096,1.9876284090334175
3_arctic_canada_north,2017,-0.19843313450741143,0.015447519167946552,103749.81255,-20.525638307326314,1.597869186382876
3_arctic_canada_north,2018,-0.13938648095722272,0.01849594459402306,103676.23485,-14.407712338032168,1.911837125816015
3_arctic_canada_north,2019,-0.2622635171410423,0.015660617301514385,103602.65715,-27.089683657568603,1.6176141203510146
3_arctic_canada_north,2020,-0.25925964919063044,0.016307162856965905,103529.07945,-26.760390080778205,1.6832007623458436
3_arctic_canada_north,2021,-0.19099619068617535,0.01416859566767658,103455.50175,-19.70032791955762,1.4614217163706797
3_arctic_canada_north,2022,-0.27047685148022216,0.017167534009563855,103381.92405,-27.878530065060428,1.7694882590112149
3_arctic_canada_north,2023,-0.08704053593044517,0.005897095330233426,103308.34635,-8.965037790894874,0.6073915093342184
4_arctic_canada_south,2000,-0.526571472962546,0.072200957849647,40871.6448,-21.457276678123772,2.942118987740193
4_arctic_canada_south,2001,-0.41669489680691596,0.07143383420501678,40838.9344,-16.96632342884587,2.908529824032039
4_arctic_canada_south,2002,-0.07531791055263039,0.034894450122360254,40806.224,-3.0642192106349317,1.4196390158057106
4_arctic_canada_south,2003,-0.15993541703320852,0.011853480258984543,40773.5136,-6.501565514820624,0.4818581144313967
4_arctic_canada_south,2004,-0.26792702448224365,0.023697649070116438,40740.8032,-10.882815489863493,0.9625648732970721
4_arctic_canada_south,2005,-0.4977343393355645,0.029201607779392107,40708.0928,-20.201030228392593,1.1851755341145176
4_arctic_canada_south,2006,-0.49707448209943894,0.029231806699621297,40675.3824,-20.158038556754608,1.1854478710027283
4_arctic_canada_south,2007,-0.547801852725533,0.03005593575812785,40642.672,-22.197338628252194,1.2178888780546495
4_arctic_canada_south,2008,-0.5586831124475492,0.029771172089603143,40609.9616,-22.62003544383427,1.2053791368797382
4_arctic_canada_south,2009,-0.4630760824406494,0.02554482937383121,40577.2512,-18.733983458340422,1.0334293414879985
4_arctic_canada_south,2010,-0.2501271669100945,0.019440354725029637,40544.5408,-10.110867250602814,0.7858356545494907
4_arctic_canada_south,2011,-0.7225860136837198,0.040811194136187584,40511.8304,-29.185462189659635,1.6483761667409058
4_arctic_canada_south,2012,-0.5691403060368776,0.03469057453647232,40479.12,-22.969183848668788,1.400031197742215
4_arctic_canada_south,2013,-0.37895041531988966,0.03189454436152162,40446.4096,-15.281202164970018,1.2861497458357196
4_arctic_canada_south,2014,-0.4985104822854205,0.034822990344160074,40413.6992,-20.086212721092526,1.4031038794423498
4_arctic_canada_south,2015,-0.5977456448817178,0.040350467298648864,40380.9888,-24.06514751064377,1.6245035927573215
4_arctic_canada_south,2016,-0.5777031627087406,0.0385493527409409,40348.2784,-23.23940005740817,1.5507338164816928
4_arctic_canada_south,2017,-0.36954899347550035,0.032113497628475,40315.568,-14.853881843065713,1.2907898756665468
4_arctic_canada_south,2018,-0.14522534057077768,0.0283078443460462,40282.8576,-5.832541438981768,1.1368999001664801
4_arctic_canada_south,2019,-0.5458526138079165,0.02113346477443834,40250.1472,-21.904736111107574,0.8480731928131066
4_arctic_canada_south,2020,-0.5264719712155376,0.02177060305089419,40217.4368,-21.109833169644308,0.8729311787403328
4_arctic_canada_south,2021,-0.42210133423148044,0.019129824777690346,40184.7264,-16.911140549279494,0.7664205944471131
4_arctic_canada_south,2022,-0.5291999600014627,0.02259615010460479,40152.016,-21.18469992539456,0.9045591375968779
4_arctic_canada_south,2023,-0.17530555744888995,0.007730949623061136,40119.3056,-7.0120378209723615,0.3092298495142771
5_greenland_periphery,2000,-0.3830358914908321,0.05256881493758831,89349.1603,-34.12126346365936,4.682888534221695
5_greenland_periphery,2001,-0.3908018429341052,0.05289947981068912,88613.4809,-34.52642070959255,4.673544222692963
5_greenland_periphery,2002,-0.3751656404444039,0.05553408303272874,87877.8015,-32.86982548555192,4.865572485858951
5_greenland_periphery,2003,-0.10555235533194358,0.006698495402932421,87142.12210000001,-9.170462067569979,0.58196994097576
5_greenland_periphery,2004,-0.39036613082064947,0.022729365484116665,86406.4427,-33.62895826863083,1.9580717254617523
5_greenland_periphery,2005,-0.39626782096396,0.021073197573112976,85670.7633,-33.84672099313057,1.7999408504965155
5_greenland_periphery,2006,-0.38843537273846057,0.021064121135830546,84935.0839,-32.89281560034912,1.7837156472636762
5_greenland_periphery,2007,-0.39517624544619145,0.0210996686561997,84199.4045,-33.17378372549781,1.7712497973913321
5_greenland_periphery,2008,-0.24675819147769595,0.015967104550478717,83463.7251,-20.533571786088576,1.3286760027695823
5_greenland_periphery,2009,-0.3259286134479253,0.01724110686756466,82728.0457,-26.882546916572824,1.422044107627898
5_greenland_periphery,2010,-0.029614951773604833,0.0021463257521704524,81992.3663,-2.4209153738569076,0.1754543802892695
5_greenland_periphery,2011,-0.38732611522615545,0.021162149712107822,81256.6869,-31.378418362505663,1.7144074747678075
5_greenland_periphery,2012,-0.2954569054278072,0.017329306488251775,80521.0075,-23.719116234785623,1.391187098057189
5_greenland_periphery,2013,-0.34005229689914857,0.019242298804198286,79785.3281,-27.04979052701941,1.5306473641207243
5_greenland_periphery,2014,-0.32892868015644383,0.01911319643488052,79049.6487,-25.923691523880382,1.5063587893202635
5_greenland_periphery,2015,-0.32021915098571657,0.018888193136014284,78313.9693,-25.00239986128877,1.4747717492541343
5_greenland_periphery,2016,-0.3326585431151894,0.018886571724522305,77578.2899,-25.729659652815307,1.460792372652748
5_greenland_periphery,2017,-0.26747131639831345,0.015844298385186622,76842.6105,-20.49153460336011,1.2138646977102985
5_greenland_periphery,2018,-0.3092427583216375,0.026432324083806115,76106.9311,-23.464910748856543,2.0056480186555254
5_greenland_periphery,2019,-0.38048344147202307,0.026531007965681107,75371.2517,-28.59148069516546,1.9936762533983474
5_greenland_periphery,2020,-0.31157787455380487,0.03530925572781427,74635.5723,-23.185028604390812,2.627420529206274
5_greenland_periphery,2021,-0.17757832799414847,0.023799825226857918,73899.8929,-13.08365036186826,1.7535281216976082
5_greenland_periphery,2022,-0.481292624066892,0.23584761311985608,73164.2135,-35.10775611429571,17.203838304407252
5_greenland_periphery,2023,-0.8883770231739161,0.2549525808135856,72428.5341,-64.15081398005866,18.410444168259776
6_iceland,2000,-1.231326183877851,0.08466724331204122,11000.276,-13.504293085077062,0.9285689554578327
6_iceland,2001,-1.0003462395144707,0.08128947236631606,10960.46,-10.931362179515729,0.8882971002612362
6_iceland,2002,-1.0264785930369522,0.0767662915400414,10920.644,-11.176177866312903,0.8358223290856769
6_iceland,2003,-0.8594304824717587,0.044968887345291884,10880.828,-9.323261311959024,0.4878308323698311
6_iceland,2004,-1.443919809019051,0.06564233084847769,10841.012,-15.606591320683403,0.709494408547008
6_iceland,2005,-1.304720415357146,0.06433820409041038,10801.196,-14.050263308679522,0.6928447640105188
6_iceland,2006,-1.1284942399075237,0.06166991398208225,10761.38,-12.107722877425658,0.6616624187917148
6_iceland,2007,-1.0863810580575846,0.06109031523461984,10721.564,-11.612760930225052,0.6530187733944472
6_iceland,2008,-1.0629917393792454,0.05756570764442621,10681.748,-11.320546056472383,0.6130576753519361
6_iceland,2009,-1.1376268383818913,0.05551867334421542,10641.932,-12.070227813068774,0.5890534686199751
6_iceland,2010,-0.0957385324325757,0.008554878273376912,10602.116,-1.01198593344037,0.09042771238476106
6_iceland,2011,-0.36640757922078804,0.03078851602654119,10562.3,-3.858496453681718,0.3242219501986546
6_iceland,2012,-0.3877046436896021,0.028337633652698847,10522.484,-4.067377062219691,0.29728774981826006
6_iceland,2013,-0.40357616102231425,0.02925724470317739,10482.668,-4.2178632439853265,0.3057739008697126
6_iceland,2014,-0.35106026127799156,0.02984078339053984,10442.852,-3.655072140552575,0.3106880158579314
6_iceland,2015,-0.16976997769403565,0.02923471778904344,10403.036,-1.760824820101239,0.30321743214443153
6_iceland,2016,-0.39926635728263055,0.029779731694266266,10363.22,-4.1252720438211465,0.3076880693553881
6_iceland,2017,-0.18878083463082923,0.02218768936048547,10323.404,-1.9430142408811875,0.2283653236515088
6_iceland,2018,-0.4830008359901797,0.06444670489007157,10283.588,-4.952080656175645,0.6607551309639401
6_iceland,2019,-0.9734757908075159,0.06024890710661432,10243.772,-9.942147856406233,0.6153245394463889
6_iceland,2020,-0.677701442334229,0.0640813250726535,10203.956,-6.894489991618866,0.6519213723986641
6_iceland,2021,-0.8016518493989923,0.0645641749994591,10164.14,-8.123657323664622,0.6542705957379652
6_iceland,2022,-0.15020390665927036,0.11573365692078763,10124.324,-1.5161508780329582,1.1682098652497837
6_iceland,2023,-0.6595725913148123,0.1893184353959191,10084.508,-6.63151067847387,1.9034557264687366
7_svalbard,2000,-0.0934618702642443,0.05417444813100555,34444.6137,-3.209600242880618,1.8604198844683237
7_svalbard,2001,-0.2187616922624462,0.06109704548929634,34356.3203,-7.493299228432418,2.092772455221294
7_svalbard,2002,-0.19943333780770908,0.05590428143272354,34268.0269,-6.813684423797108,1.9099822317018555
7_svalbard,2003,-0.030711985302349927,0.006980848668204774,34179.7335,-1.0465782904715668,0.23788773644181993
7_svalbard,2004,-0.13479320677404907,0.023398891009070704,34091.4401,-4.581508651020535,0.795308785568436
7_svalbard,2005,-0.1366400189835376,0.02209848608080296,34003.1467,-4.63225203875625,0.7491638098612906
7_svalbard,2006,-0.1300680820063785,0.021720517878698855,33914.8533,-4.398006200497922,0.7344382329237307
7_svalbard,2007,-0.12715823917148827,0.020957612060873987,33826.5599,-4.288421816730535,0.7067971479789021
7_svalbard,2008,-0.10362129404459318,0.021801663948943027,33738.2665,-3.4855148250506938,0.7333436974075236
7_svalbard,2009,-0.09645568300924337,0.018253275424709725,33649.9731,-3.2359939451873574,0.6123795603472882
7_svalbard,2010,-0.11849054517278605,0.011139860572317646,33561.6797,-3.9648114993937247,0.37275081513349123
7_svalbard,2011,-0.39657320487218545,0.03134884958293922,33473.3863,-13.234824138666959,1.0462040956938676
7_svalbard,2012,-0.34001455703454825,0.02830776706480487,33385.0929,-11.31736332122889,0.9422222609503208
7_svalbard,2013,-0.3990139269853624,0.03048780476187762,33296.7995,-13.246029064365635,1.0121008833843304
7_svalbard,2014,-0.33970507983073,0.030087138996741595,33208.5061,-11.247254921112505,0.9961514920881266
7_svalbard,2015,-0.4462825378496209,0.03216688519792345,33120.212700000004,-14.736629660141622,1.0621779574127512
7_svalbard,2016,-0.4677883804336755,0.03205003360558104,33031.9193,-15.405592187866981,1.0554981012509757
7_svalbard,2017,-0.33092070610329727,0.02558218032090158,32943.6259,-10.869022760597579,0.8402414688635291
7_svalbard,2018,-0.48405499799004,0.04270611479090278,32855.3325,-15.856076543527847,1.3989142304345639
7_svalbard,2019,-0.5697864782257996,0.037417545554269,32767.0391,-18.614205163244048,1.2223839916681554
7_svalbard,2020,-0.7879606667810239,0.05496719272036031,32678.7457,-25.6723175525855,1.7908701360132913
7_svalbard,2021,-0.3107555760098426,0.03236547166174178,32590.4523,-10.097281782577078,1.0516409442779202
7_svalbard,2022,-0.7906963040255641,0.028661078261205442,32502.1589,-25.62223890433635,0.9287522791313618
7_svalbard,2023,-0.42411319516312235,0.11841076090527386,32413.8655,-13.705906620598322,3.826636026302997
8_scandinavia,2000,-0.022405522422565688,0.08459807676774837,2960.94345,-0.06614246040634124,0.24973865092419759
8_scandinavia,2001,-0.8552415039674198,0.09611376782801107,2952.98115,-2.517935503793701,0.2829706782176384
8_scandinavia,2002,-1.0981634717750415,0.08603173178434918,2945.01885,-3.2244097883846634,0.2526049765876433
8_scandinavia,2003,-1.0220562813378333,0.08765974058505131,2937.05655,-2.9928315842852102,0.2566892304108559
8_scandinavia,2004,-0.3823204628619143,0.09775238502926789,2929.09425,-1.1164931114178933,0.2854669710662756
8_scandinavia,2005,-0.4668981852006597,0.07314200344221237,2921.13195,-1.3597795925681042,0.21301647081263037
8_scandinavia,2006,-1.0213982929557939,0.0805701689328953,2913.16965,-2.9665799880778256,0.23401042711819142
8_scandinavia,2007,-0.12890354599227563,0.08150412173712235,2905.20735,-0.37336805467004874,0.23607601440540468
8_scandinavia,2008,-0.1885282356235601,0.07894706888029095,2897.24505,-0.5445738599532564,0.2280428175118557
8_scandinavia,2009,-0.5528449563440235,0.07067307590054978,2889.28275,-1.5925334196019225,0.20358191559163247
8_scandinavia,2010,-0.14497055627868516,0.011644119295584888,2881.32045,-0.41645350856829055,0.03344978773146251
8_scandinavia,2011,-0.5305590095496553,0.04077396168336373,2873.35815,-1.5199125959829936,0.11680672052534885
8_scandinavia,2012,-0.3871338393355089,0.04019041355427542,2865.39585,-1.1059638215366543,0.11481595987557992
8_scandinavia,2013,-0.5545204300583462,0.0400918562240103,2857.43355,-1.5797517651661197,0.11421613561109456
8_scandinavia,2014,-0.49964783282377107,0.04089086479235292,2849.47125,-1.4194609383518735,0.11616779158260654
8_scandinavia,2015,-0.3371086369572468,0.04091921232198675,2841.50895,-0.9550235174092085,0.11592349111575602
8_scandinavia,2016,-0.4394093325301338,0.0408991668390103,2833.54665,-1.2413515816429883,0.11554202809291533
8_scandinavia,2017,-0.41722788311294173,0.04026609160977026,2825.58435,-1.1753758391768347,0.11343391257336846
8_scandinavia,2018,-0.6594345355795133,0.03887142569427054,2817.62205,-1.8524631761164052,0.1091964111926599
8_scandinavia,2019,-0.3645934749105873,0.0323564996200436,2809.65975,-1.0213104607342052,0.0906380223694268
8_scandinavia,2020,0.05824910729831291,0.10202508550489907,2801.69745,0.1627067862563123,0.28498589162942234
8_scandinavia,2021,-0.6529163420920963,0.11189907254762105,2793.73515,-1.8186031089073778,0.31167852311200295
8_scandinavia,2022,-0.41688472334979465,0.1488045019135561,2785.77285,-1.1578621054559561,0.41329193476439197
8_scandinavia,2023,-0.8430377625391016,0.14943988098282726,2777.81055,-2.334773793257023,0.4138703309508875
9_russian_arctic,2000,-0.029869913272000746,0.04984522870477105,51612.6368,-1.5370399900004084,2.564925754296226
9_russian_arctic,2001,-0.20691592485152105,0.053870352586050614,51571.3632,-10.638923503444554,2.769833016370494
9_russian_arctic,2002,-0.1652161122507921,0.053299196964161105,51530.0896,-8.488060264444034,2.738272857985756
9_russian_arctic,2003,-0.04984670633097308,0.008059615948280537,51488.816,-2.5588482468100637,0.413735142343907
9_russian_arctic,2004,-0.2105702078420393,0.028463514601079046,51447.5424,-10.80081973704174,1.4599847406691573
9_russian_arctic,2005,-0.18974049914576388,0.02500221774062071,51406.2688,-9.724589548029309,1.2814149135931656
9_russian_arctic,2006,-0.16751276284344785,0.0246387019410821,51364.9952,-8.578479382614258,1.261770106517099
9_russian_arctic,2007,-0.15567138358641233,0.024818487292616334,51323.7216,-7.965665848019009,1.2699558009423604
9_russian_arctic,2008,-0.13657294204509055,0.024827531950300935,51282.448,-6.982783414238466,1.2693969663610174
9_russian_arctic,2009,-0.14278571815342558,0.020640092652215298,51241.1744,-7.29455836207174,1.0544497194626496
9_russian_arctic,2010,-0.07300779491974568,0.004841361301531873,51199.9008,-3.72677788194517,0.24713358672026464
9_russian_arctic,2011,-0.2874113143815433,0.01674720652888833,51158.6272,-14.659457580650852,0.8541938031664458
9_russian_arctic,2012,-0.2583486496011761,0.015799037948276074,51117.3536,-13.166480975924582,0.8051821943138212
9_russian_arctic,2013,-0.31089130617832894,0.01630620261101555,51076.08,-15.831471897991818,0.8303583383292699
9_russian_arctic,2014,-0.2342918866185903,0.01617507856782792,51034.8064,-11.921169951446496,0.8230155272042455
9_russian_arctic,2015,-0.30438651792460797,0.01655001474949884,50993.5328,-15.475178654009287,0.8414118888091457
9_russian_arctic,2016,-0.32571932337636683,0.01644765091434878,50952.2592,-16.5463469849479,0.835530837701159
9_russian_arctic,2017,-0.19432989686884414,0.012087461262524742,50910.9856,-9.863846001395792,0.6135384125781241
9_russian_arctic,2018,-0.33332367855171524,0.03134871301955529,50869.712,-16.905211292114213,1.5899159028668015
9_russian_arctic,2019,-0.36809027973454905,0.031438953934845026,50828.4384,-18.653325746798917,1.593198954637395
9_russian_arctic,2020,-0.40846090634132914,0.0378656953757296,50787.1648,-20.682337650620305,1.9173220373798356
9_russian_arctic,2021,-0.2213643140590013,0.03424667879974896,50745.8912,-11.19962940861031,1.732664601624407
9_russian_arctic,2022,-0.6350054614918137,0.07213354931954563,50704.6176,-32.10111597155738,3.6465315222751666
9_russian_arctic,2023,-0.3602642207137789,0.12786813957042334,50663.344,-18.197433574479362,6.458792859071281
