inner,outer,shell_class,shell_index,core_atoms,outer_shell_atoms,cluster_notation,total_atoms,mismatch,mismatch_source,predicted_free_energy
Ni,Cu,MC,4,147,162,Ni147@Cu162,309,0.032,dataset_compatibility,-7.5888480000000005
Cu,Ni,MC,4,147,162,Cu147@Ni162,309,0.032,dataset_compatibility,-7.5888480000000005
Cu,Ag,Ch1,4,147,122,Cu147@Ag122,269,0.12,dataset_compatibility,-7.3928
Ag,Cu,Ch1,4,147,122,Ag147@Cu122,269,0.12,dataset_compatibility,-7.3928
Ag,Ni,Ch1,4,147,122,Ag147@Ni122,269,0.15,dataset_compatibility,-7.3682
Ni,Ag,Ch1,4,147,122,Ni147@Ag122,269,0.15,dataset_compatibility,-7.3682
Cs,Rb,MC,4,147,162,Cs147@Rb162,309,0.06627680311890835,radius_ratio,-7.316974160330435
Rb,Cs,MC,4,147,162,Rb147@Cs162,309,0.06627680311890835,radius_ratio,-7.316974160330435
Cu,Ag,MC,4,147,162,Cu147@Ag162,309,0.12,dataset_compatibility,-7.3088000000000015
Ag,Cu,MC,4,147,162,Ag147@Cu162,309,0.12,dataset_compatibility,-7.3088000000000015
Ag,Cu,BG,4,147,122,Ag147@Cu122,269,0.12,dataset_compatibility,-7.307799999999999
Cu,Ag,BG,4,147,122,Cu147@Ag122,269,0.12,dataset_compatibility,-7.307799999999999
K,Rb,MC,4,147,162,K147@Rb162,309,0.08842105263157893,radius_ratio,-7.238750138504156
Rb,K,MC,4,147,162,Rb147@K162,309,0.08842105263157893,radius_ratio,-7.238750138504156
Ni,Cu,BG,4,147,122,Ni147@Cu122,269,0.032,dataset_compatibility,-7.157287999999999
Cu,Ni,BG,4,147,122,Cu147@Ni122,269,0.032,dataset_compatibility,-7.157287999999999
Ag,Ni,BG,4,147,122,Ag147@Ni122,269,0.15,dataset_compatibility,-7.1452
Ni,Ag,BG,4,147,122,Ni147@Ag122,269,0.15,dataset_compatibility,-7.1452
Na,Rb,Ch1,4,147,122,Na147@Rb122,269,0.22,dataset_compatibility,-7.1408000000000005
Rb,Na,Ch1,4,147,122,Rb147@Na122,269,0.22,dataset_compatibility,-7.1408000000000005
K,Cs,Ch1,4,147,122,K147@Cs122,269,0.1544715447154471,radius_ratio,-7.116230339083879
Cs,K,Ch1,4,147,122,Cs147@K122,269,0.1544715447154471,radius_ratio,-7.116230339083879
Rb,Na,Ch2,4,147,132,Rb147@Na132,279,0.22,dataset_compatibility,-7.075949999999999
Na,Rb,Ch2,4,147,132,Na147@Rb132,279,0.22,dataset_compatibility,-7.075949999999999
K,Rb,BG,4,147,122,K147@Rb122,269,0.08842105263157893,radius_ratio,-7.059955124653739
Rb,K,BG,4,147,122,Rb147@K122,269,0.08842105263157893,radius_ratio,-7.059955124653739
Rb,Cs,BG,4,147,122,Rb147@Cs122,269,0.06627680311890835,radius_ratio,-7.042336733429849
Cs,Rb,BG,4,147,122,Cs147@Rb122,269,0.06627680311890835,radius_ratio,-7.042336733429849
K,Rb,Ch1,4,147,122,K147@Rb122,269,0.08842105263157893,radius_ratio,-7.032223822714681
Rb,K,Ch1,4,147,122,Rb147@K122,269,0.08842105263157893,radius_ratio,-7.032223822714681
K,Na,Ch1,4,147,122,K147@Na122,269,0.198547215496368,radius_ratio,-6.998864511136256
Na,K,Ch1,4,147,122,Na147@K122,269,0.198547215496368,radius_ratio,-6.998864511136256
Ni,Ag,MC,4,147,162,Ni147@Ag162,309,0.15,dataset_compatibility,-6.972200000000002
Ag,Ni,MC,4,147,162,Ag147@Ni162,309,0.15,dataset_compatibility,-6.972200000000002
Ag,Ni,Ch2,4,147,132,Ag147@Ni132,279,0.15,dataset_compatibility,-6.931549999999999
Ni,Ag,Ch2,4,147,132,Ni147@Ag132,279,0.15,dataset_compatibility,-6.931549999999999
Rb,Cs,Ch1,4,147,122,Rb147@Cs122,269,0.06627680311890835,radius_ratio,-6.906720749024391
Cs,Rb,Ch1,4,147,122,Cs147@Rb122,269,0.06627680311890835,radius_ratio,-6.906720749024391
K,Cs,BG,4,147,122,K147@Cs122,269,0.1544715447154471,radius_ratio,-6.866495591248595
Cs,K,BG,4,147,122,Cs147@K122,269,0.1544715447154471,radius_ratio,-6.866495591248595
Cu,Ni,Ch1,4,147,122,Cu147@Ni122,269,0.032,dataset_compatibility,-6.850288
Ni,Cu,Ch1,4,147,122,Ni147@Cu122,269,0.032,dataset_compatibility,-6.850288
K,Na,Ch2,4,147,132,K147@Na132,279,0.198547215496368,radius_ratio,-6.799250508298694
Na,K,Ch2,4,147,132,Na147@K132,279,0.198547215496368,radius_ratio,-6.799250508298694
Cu,Ag,Ch2,4,147,132,Cu147@Ag132,279,0.12,dataset_compatibility,-6.75395
Ag,Cu,Ch2,4,147,132,Ag147@Cu132,279,0.12,dataset_compatibility,-6.75395
Cs,K,Ch2,4,147,132,Cs147@K132,279,0.1544715447154471,radius_ratio,-6.7035529083217655
K,Cs,Ch2,4,147,132,K147@Cs132,279,0.1544715447154471,radius_ratio,-6.7035529083217655
Cs,K,MC,4,147,162,Cs147@K162,309,0.1544715447154471,radius_ratio,-6.667560631899003
K,Cs,MC,4,147,162,K147@Cs162,309,0.1544715447154471,radius_ratio,-6.667560631899003
Ag,Na,Ch2,4,147,132,Ag147@Na132,279,0.25454545454545463,radius_ratio,-6.658078925619833
Na,Ag,Ch2,4,147,132,Na147@Ag132,279,0.25454545454545463,radius_ratio,-6.658078925619833
Ag,Na,Ch1,4,147,122,Ag147@Na122,269,0.25454545454545463,radius_ratio,-6.476274380165289
Na,Ag,Ch1,4,147,122,Na147@Ag122,269,0.25454545454545463,radius_ratio,-6.476274380165289
Rb,Na,BG,4,147,122,Rb147@Na122,269,0.22,dataset_compatibility,-6.4598
Na,Rb,BG,4,147,122,Na147@Rb122,269,0.22,dataset_compatibility,-6.4598
K,Na,BG,4,147,122,K147@Na122,269,0.198547215496368,radius_ratio,-6.459452888860226
Na,K,BG,4,147,122,Na147@K122,269,0.198547215496368,radius_ratio,-6.459452888860226
K,Rb,Ch2,4,147,132,K147@Rb132,279,0.08842105263157893,radius_ratio,-6.142636980609416
Rb,K,Ch2,4,147,132,Rb147@K132,279,0.08842105263157893,radius_ratio,-6.142636980609416
Na,K,MC,4,147,162,Na147@K162,309,0.198547215496368,radius_ratio,-6.004879038981294
K,Na,MC,4,147,162,K147@Na162,309,0.198547215496368,radius_ratio,-6.004879038981294
Na,Rb,MC,4,147,162,Na147@Rb162,309,0.22,dataset_compatibility,-5.880800000000002
Rb,Na,MC,4,147,162,Rb147@Na162,309,0.22,dataset_compatibility,-5.880800000000002
Rb,Cs,Ch2,4,147,132,Rb147@Cs132,279,0.06627680311890835,radius_ratio,-5.841308565788522
Cs,Rb,Ch2,4,147,132,Cs147@Rb132,279,0.06627680311890835,radius_ratio,-5.841308565788522
Na,Cs,Ch2,4,147,132,Na147@Cs132,279,0.3503325942350332,radius_ratio,-5.74034846215112
Cs,Na,Ch2,4,147,132,Cs147@Na132,279,0.3503325942350332,radius_ratio,-5.74034846215112
Ag,Na,BG,4,147,122,Ag147@Na122,269,0.25454545454545463,radius_ratio,-5.567274380165287
Na,Ag,BG,4,147,122,Na147@Ag122,269,0.25454545454545463,radius_ratio,-5.567274380165287
Cu,Ni,Ch2,4,147,132,Cu147@Ni132,279,0.032,dataset_compatibility,-5.512717999999999
Ni,Cu,Ch2,4,147,132,Ni147@Cu132,279,0.032,dataset_compatibility,-5.512717999999999
Na,Cu,Ch2,4,147,132,Na147@Cu132,279,0.3694267515923567,radius_ratio,-5.370215016836381
Cu,Na,Ch2,4,147,132,Cu147@Na132,279,0.3694267515923567,radius_ratio,-5.370215016836381
Ni,Cu,MC,3,55,92,Ni55@Cu92,147,0.032,dataset_compatibility,-5.118848
Cu,Ni,MC,3,55,92,Cu55@Ni92,147,0.032,dataset_compatibility,-5.118848
Cu,Ag,Ch1,3,55,72,Cu55@Ag72,127,0.12,dataset_compatibility,-4.9328
Ag,Cu,Ch1,3,55,72,Ag55@Cu72,127,0.12,dataset_compatibility,-4.9328
Ag,Ni,Ch1,3,55,72,Ag55@Ni72,127,0.15,dataset_compatibility,-4.9082
Ni,Ag,Ch1,3,55,72,Ni55@Ag72,127,0.15,dataset_compatibility,-4.9082
Cs,Na,Ch1,4,147,122,Cs147@Na122,269,0.3503325942350332,radius_ratio,-4.874623739312985
Na,Cs,Ch1,4,147,122,Na147@Cs122,269,0.3503325942350332,radius_ratio,-4.874623739312985
Ag,Cu,BG,3,55,72,Ag55@Cu72,127,0.12,dataset_compatibility,-4.847799999999999
Cu,Ag,BG,3,55,72,Cu55@Ag72,127,0.12,dataset_compatibility,-4.847799999999999
Cs,Rb,MC,3,55,92,Cs55@Rb92,147,0.06627680311890835,radius_ratio,-4.846974160330435
Rb,Cs,MC,3,55,92,Rb55@Cs92,147,0.06627680311890835,radius_ratio,-4.846974160330435
Cu,Ag,MC,3,55,92,Cu55@Ag92,147,0.12,dataset_compatibility,-4.838800000000001
Ag,Cu,MC,3,55,92,Ag55@Cu92,147,0.12,dataset_compatibility,-4.838800000000001
Ag,Na,MC,4,147,162,Ag147@Na162,309,0.25454545454545463,radius_ratio,-4.7879107438016515
Na,Ag,MC,4,147,162,Na147@Ag162,309,0.25454545454545463,radius_ratio,-4.7879107438016515
Ni,Na,Ch2,4,147,132,Ni147@Na132,279,0.4000000000000001,radius_ratio,-4.769549999999997
Na,Ni,Ch2,4,147,132,Na147@Ni132,279,0.4000000000000001,radius_ratio,-4.769549999999997
K,Rb,MC,3,55,92,K55@Rb92,147,0.08842105263157893,radius_ratio,-4.7687501385041555
Rb,K,MC,3,55,92,Rb55@K92,147,0.08842105263157893,radius_ratio,-4.7687501385041555
Cu,Ni,BG,3,55,72,Cu55@Ni72,127,0.032,dataset_compatibility,-4.6972879999999995
Ni,Cu,BG,3,55,72,Ni55@Cu72,127,0.032,dataset_compatibility,-4.6972879999999995
Ag,Ni,BG,3,55,72,Ag55@Ni72,127,0.15,dataset_compatibility,-4.6852
Ni,Ag,BG,3,55,72,Ni55@Ag72,127,0.15,dataset_compatibility,-4.6852
Rb,Na,Ch1,3,55,72,Rb55@Na72,127,0.22,dataset_compatibility,-4.6808000000000005
Na,Rb,Ch1,3,55,72,Na55@Rb72,127,0.22,dataset_compatibility,-4.6808000000000005
Na,Rb,Ch2,3,55,72,Na55@Rb72,127,0.22,dataset_compatibility,-4.675949999999999
Rb,Na,Ch2,3,55,72,Rb55@Na72,127,0.22,dataset_compatibility,-4.675949999999999
K,Cs,Ch1,3,55,72,K55@Cs72,127,0.1544715447154471,radius_ratio,-4.656230339083879
Cs,K,Ch1,3,55,72,Cs55@K72,127,0.1544715447154471,radius_ratio,-4.656230339083879
K,Rb,BG,3,55,72,K55@Rb72,127,0.08842105263157893,radius_ratio,-4.599955124653739
Rb,K,BG,3,55,72,Rb55@K72,127,0.08842105263157893,radius_ratio,-4.599955124653739
Rb,Cs,BG,3,55,72,Rb55@Cs72,127,0.06627680311890835,radius_ratio,-4.582336733429849
Cs,Rb,BG,3,55,72,Cs55@Rb72,127,0.06627680311890835,radius_ratio,-4.582336733429849
K,Rb,Ch1,3,55,72,K55@Rb72,127,0.08842105263157893,radius_ratio,-4.572223822714681
Rb,K,Ch1,3,55,72,Rb55@K72,127,0.08842105263157893,radius_ratio,-4.572223822714681
K,Na,Ch1,3,55,72,K55@Na72,127,0.198547215496368,radius_ratio,-4.538864511136256
Na,K,Ch1,3,55,72,Na55@K72,127,0.198547215496368,radius_ratio,-4.538864511136256
Ag,Ni,Ch2,3,55,72,Ag55@Ni72,127,0.15,dataset_compatibility,-4.531549999999999
Ni,Ag,Ch2,3,55,72,Ni55@Ag72,127,0.15,dataset_compatibility,-4.531549999999999
Ni,Ag,MC,3,55,92,Ni55@Ag92,147,0.15,dataset_compatibility,-4.502200000000001
Ag,Ni,MC,3,55,92,Ag55@Ni92,147,0.15,dataset_compatibility,-4.502200000000001
Rb,Cs,Ch1,3,55,72,Rb55@Cs72,127,0.06627680311890835,radius_ratio,-4.446720749024391
Cs,Rb,Ch1,3,55,72,Cs55@Rb72,127,0.06627680311890835,radius_ratio,-4.446720749024391
K,Cs,BG,3,55,72,K55@Cs72,127,0.1544715447154471,radius_ratio,-4.4064955912485955
Cs,K,BG,3,55,72,Cs55@K72,127,0.1544715447154471,radius_ratio,-4.4064955912485955
Na,K,Ch2,3,55,72,Na55@K72,127,0.198547215496368,radius_ratio,-4.399250508298694
K,Na,Ch2,3,55,72,K55@Na72,127,0.198547215496368,radius_ratio,-4.399250508298694
Cu,Ni,Ch1,3,55,72,Cu55@Ni72,127,0.032,dataset_compatibility,-4.390288
Ni,Cu,Ch1,3,55,72,Ni55@Cu72,127,0.032,dataset_compatibility,-4.390288
Cu,Na,Ch1,4,147,122,Cu147@Na122,269,0.3694267515923567,radius_ratio,-4.3681580104669555
Na,Cu,Ch1,4,147,122,Na147@Cu122,269,0.3694267515923567,radius_ratio,-4.3681580104669555
Cu,Ag,Ch2,3,55,72,Cu55@Ag72,127,0.12,dataset_compatibility,-4.35395
Ag,Cu,Ch2,3,55,72,Ag55@Cu72,127,0.12,dataset_compatibility,-4.35395
K,Cs,Ch2,3,55,72,K55@Cs72,127,0.1544715447154471,radius_ratio,-4.303552908321766
Cs,K,Ch2,3,55,72,Cs55@K72,127,0.1544715447154471,radius_ratio,-4.303552908321766
Ag,Na,Ch2,3,55,72,Ag55@Na72,127,0.25454545454545463,radius_ratio,-4.2580789256198335
Na,Ag,Ch2,3,55,72,Na55@Ag72,127,0.25454545454545463,radius_ratio,-4.2580789256198335
K,Cs,MC,3,55,92,K55@Cs92,147,0.1544715447154471,radius_ratio,-4.197560631899003
Cs,K,MC,3,55,92,Cs55@K92,147,0.1544715447154471,radius_ratio,-4.197560631899003
Na,Ag,Ch1,3,55,72,Na55@Ag72,127,0.25454545454545463,radius_ratio,-4.016274380165289
Ag,Na,Ch1,3,55,72,Ag55@Na72,127,0.25454545454545463,radius_ratio,-4.016274380165289
Na,Rb,BG,3,55,72,Na55@Rb72,127,0.22,dataset_compatibility,-3.9998
Rb,Na,BG,3,55,72,Rb55@Na72,127,0.22,dataset_compatibility,-3.9998
K,Na,BG,3,55,72,K55@Na72,127,0.198547215496368,radius_ratio,-3.9994528888602265
Na,K,BG,3,55,72,Na55@K72,127,0.198547215496368,radius_ratio,-3.9994528888602265
K,Rb,Ch2,3,55,72,K55@Rb72,127,0.08842105263157893,radius_ratio,-3.7426369806094173
Rb,K,Ch2,3,55,72,Rb55@K72,127,0.08842105263157893,radius_ratio,-3.7426369806094173
K,Ag,Ch2,4,147,132,K147@Ag132,279,0.4474393530997305,radius_ratio,-3.6228705076975594
Ag,K,Ch2,4,147,132,Ag147@K132,279,0.4474393530997305,radius_ratio,-3.6228705076975594
Na,Ni,Ch1,4,147,122,Na147@Ni122,269,0.4000000000000001,radius_ratio,-3.549199999999998
Ni,Na,Ch1,4,147,122,Ni147@Na122,269,0.4000000000000001,radius_ratio,-3.549199999999998
K,Na,MC,3,55,92,K55@Na92,147,0.198547215496368,radius_ratio,-3.534879038981293
Na,K,MC,3,55,92,Na55@K92,147,0.198547215496368,radius_ratio,-3.534879038981293
Rb,Cs,Ch2,3,55,72,Rb55@Cs72,127,0.06627680311890835,radius_ratio,-3.441308565788523
Cs,Rb,Ch2,3,55,72,Cs55@Rb72,127,0.06627680311890835,radius_ratio,-3.441308565788523
Na,Rb,MC,3,55,92,Na55@Rb92,147,0.22,dataset_compatibility,-3.410800000000001
Rb,Na,MC,3,55,92,Rb55@Na92,147,0.22,dataset_compatibility,-3.410800000000001
Cs,Na,Ch2,3,55,72,Cs55@Na72,127,0.3503325942350332,radius_ratio,-3.34034846215112
Na,Cs,Ch2,3,55,72,Na55@Cs72,127,0.3503325942350332,radius_ratio,-3.34034846215112
Na,Cs,BG,4,147,122,Na147@Cs122,269,0.3503325942350332,radius_ratio,-3.333428617361765
Cs,Na,BG,4,147,122,Cs147@Na122,269,0.3503325942350332,radius_ratio,-3.333428617361765
Ni,Cu,Ch2,3,55,72,Ni55@Cu72,127,0.032,dataset_compatibility,-3.1127179999999997
Cu,Ni,Ch2,3,55,72,Cu55@Ni72,127,0.032,dataset_compatibility,-3.1127179999999997
Ag,Na,BG,3,55,72,Ag55@Na72,127,0.25454545454545463,radius_ratio,-3.1072743801652876
Na,Ag,BG,3,55,72,Na55@Ag72,127,0.25454545454545463,radius_ratio,-3.1072743801652876
Na,Cu,Ch2,3,55,72,Na55@Cu72,127,0.3694267515923567,radius_ratio,-2.970215016836382
Cu,Na,Ch2,3,55,72,Cu55@Na72,127,0.3694267515923567,radius_ratio,-2.970215016836382
Na,Cu,BG,4,147,122,Na147@Cu122,269,0.3694267515923567,radius_ratio,-2.7009414499573996
Cu,Na,BG,4,147,122,Cu147@Na122,269,0.3694267515923567,radius_ratio,-2.7009414499573996
Ni,Cu,MC,2,13,42,Ni13@Cu42,55,0.032,dataset_compatibility,-2.648848
Cu,Ni,MC,2,13,42,Cu13@Ni42,55,0.032,dataset_compatibility,-2.648848
Ag,Cu,Ch1,2,13,32,Ag13@Cu32,45,0.12,dataset_compatibility,-2.4728
Cu,Ag,Ch1,2,13,32,Cu13@Ag32,45,0.12,dataset_compatibility,-2.4728
Ni,Ag,Ch1,2,13,32,Ni13@Ag32,45,0.15,dataset_compatibility,-2.4482
Ag,Ni,Ch1,2,13,32,Ag13@Ni32,45,0.15,dataset_compatibility,-2.4482
Cs,Na,Ch1,3,55,72,Cs55@Na72,127,0.3503325942350332,radius_ratio,-2.414623739312984
Na,Cs,Ch1,3,55,72,Na55@Cs72,127,0.3503325942350332,radius_ratio,-2.414623739312984
Ag,Cu,BG,2,13,42,Ag13@Cu42,55,0.12,dataset_compatibility,-2.3878
Cu,Ag,BG,2,13,42,Cu13@Ag42,55,0.12,dataset_compatibility,-2.3878
Rb,Cs,MC,2,13,42,Rb13@Cs42,55,0.06627680311890835,radius_ratio,-2.376974160330434
Cs,Rb,MC,2,13,42,Cs13@Rb42,55,0.06627680311890835,radius_ratio,-2.376974160330434
Ni,Na,Ch2,3,55,72,Ni55@Na72,127,0.4000000000000001,radius_ratio,-2.3695499999999976
Na,Ni,Ch2,3,55,72,Na55@Ni72,127,0.4000000000000001,radius_ratio,-2.3695499999999976
Cu,Ag,MC,2,13,42,Cu13@Ag42,55,0.12,dataset_compatibility,-2.3688000000000002
Ag,Cu,MC,2,13,42,Ag13@Cu42,55,0.12,dataset_compatibility,-2.3688000000000002
Ag,Na,MC,3,55,92,Ag55@Na92,147,0.25454545454545463,radius_ratio,-2.317910743801651
Na,Ag,MC,3,55,92,Na55@Ag92,147,0.25454545454545463,radius_ratio,-2.317910743801651
Rb,K,MC,2,13,42,Rb13@K42,55,0.08842105263157893,radius_ratio,-2.2987501385041553
K,Rb,MC,2,13,42,K13@Rb42,55,0.08842105263157893,radius_ratio,-2.2987501385041553
Na,Rb,Ch2,2,13,32,Na13@Rb32,45,0.22,dataset_compatibility,-2.27595
Rb,Na,Ch2,2,13,32,Rb13@Na32,45,0.22,dataset_compatibility,-2.27595
Cu,Ni,BG,2,13,42,Cu13@Ni42,55,0.032,dataset_compatibility,-2.2372879999999995
Ni,Cu,BG,2,13,42,Ni13@Cu42,55,0.032,dataset_compatibility,-2.2372879999999995
Ni,Ag,BG,2,13,42,Ni13@Ag42,55,0.15,dataset_compatibility,-2.2252
Ag,Ni,BG,2,13,42,Ag13@Ni42,55,0.15,dataset_compatibility,-2.2252
Rb,Na,Ch1,2,13,32,Rb13@Na32,45,0.22,dataset_compatibility,-2.2208000000000006
Na,Rb,Ch1,2,13,32,Na13@Rb32,45,0.22,dataset_compatibility,-2.2208000000000006
Cs,K,Ch1,2,13,32,Cs13@K32,45,0.1544715447154471,radius_ratio,-2.196230339083878
K,Cs,Ch1,2,13,32,K13@Cs32,45,0.1544715447154471,radius_ratio,-2.196230339083878
Rb,K,BG,2,13,42,Rb13@K42,55,0.08842105263157893,radius_ratio,-2.1399551246537394
K,Rb,BG,2,13,42,K13@Rb42,55,0.08842105263157893,radius_ratio,-2.1399551246537394
Ni,Ag,Ch2,2,13,32,Ni13@Ag32,45,0.15,dataset_compatibility,-2.13155
Ag,Ni,Ch2,2,13,32,Ag13@Ni32,45,0.15,dataset_compatibility,-2.13155
Cs,Rb,BG,2,13,42,Cs13@Rb42,55,0.06627680311890835,radius_ratio,-2.1223367334298486
Rb,Cs,BG,2,13,42,Rb13@Cs42,55,0.06627680311890835,radius_ratio,-2.1223367334298486
K,Rb,Ch1,2,13,32,K13@Rb32,45,0.08842105263157893,radius_ratio,-2.112223822714681
Rb,K,Ch1,2,13,32,Rb13@K32,45,0.08842105263157893,radius_ratio,-2.112223822714681
Na,K,Ch1,2,13,32,Na13@K32,45,0.198547215496368,radius_ratio,-2.078864511136256
K,Na,Ch1,2,13,32,K13@Na32,45,0.198547215496368,radius_ratio,-2.078864511136256
K,Ag,Ch1,4,147,122,K147@Ag122,269,0.4474393530997305,radius_ratio,-2.063803526565486
Ag,K,Ch1,4,147,122,Ag147@K122,269,0.4474393530997305,radius_ratio,-2.063803526565486
Ag,Ni,MC,2,13,42,Ag13@Ni42,55,0.15,dataset_compatibility,-2.0322
Ni,Ag,MC,2,13,42,Ni13@Ag42,55,0.15,dataset_compatibility,-2.0322
Na,K,Ch2,2,13,32,Na13@K32,45,0.198547215496368,radius_ratio,-1.9992505082986944
K,Na,Ch2,2,13,32,K13@Na32,45,0.198547215496368,radius_ratio,-1.9992505082986944
Cs,Na,MC,4,147,162,Cs147@Na162,309,0.3503325942350332,radius_ratio,-1.9984995707985724
Na,Cs,MC,4,147,162,Na147@Cs162,309,0.3503325942350332,radius_ratio,-1.9984995707985724
Rb,Cs,Ch1,2,13,32,Rb13@Cs32,45,0.06627680311890835,radius_ratio,-1.986720749024391
Cs,Rb,Ch1,2,13,32,Cs13@Rb32,45,0.06627680311890835,radius_ratio,-1.986720749024391
Ag,Cu,Ch2,2,13,32,Ag13@Cu32,45,0.12,dataset_compatibility,-1.95395
Cu,Ag,Ch2,2,13,32,Cu13@Ag32,45,0.12,dataset_compatibility,-1.95395
K,Cs,BG,2,13,42,K13@Cs42,55,0.1544715447154471,radius_ratio,-1.9464955912485955
Cs,K,BG,2,13,42,Cs13@K42,55,0.1544715447154471,radius_ratio,-1.9464955912485955
Ni,Cu,Ch1,2,13,32,Ni13@Cu32,45,0.032,dataset_compatibility,-1.9302879999999998
Cu,Ni,Ch1,2,13,32,Cu13@Ni32,45,0.032,dataset_compatibility,-1.9302879999999998
Cu,Na,Ch1,3,55,72,Cu55@Na72,127,0.3694267515923567,radius_ratio,-1.9081580104669555
Na,Cu,Ch1,3,55,72,Na55@Cu72,127,0.3694267515923567,radius_ratio,-1.9081580104669555
K,Cs,Ch2,2,13,32,K13@Cs32,45,0.1544715447154471,radius_ratio,-1.903552908321766
Cs,K,Ch2,2,13,32,Cs13@K32,45,0.1544715447154471,radius_ratio,-1.903552908321766
Ag,Na,Ch2,2,13,32,Ag13@Na32,45,0.25454545454545463,radius_ratio,-1.8580789256198342
Na,Ag,Ch2,2,13,32,Na13@Ag32,45,0.25454545454545463,radius_ratio,-1.8580789256198342
K,Cs,MC,2,13,42,K13@Cs42,55,0.1544715447154471,radius_ratio,-1.7275606318990027
Cs,K,MC,2,13,42,Cs13@K42,55,0.1544715447154471,radius_ratio,-1.7275606318990027
Ni,Na,BG,4,147,122,Ni147@Na122,269,0.4000000000000001,radius_ratio,-1.680199999999998
Na,Ni,BG,4,147,122,Na147@Ni122,269,0.4000000000000001,radius_ratio,-1.680199999999998
Ag,Na,Ch1,2,13,32,Ag13@Na32,45,0.25454545454545463,radius_ratio,-1.5562743801652883
Na,Ag,Ch1,2,13,32,Na13@Ag32,45,0.25454545454545463,radius_ratio,-1.5562743801652883
Rb,Na,BG,2,13,42,Rb13@Na42,55,0.22,dataset_compatibility,-1.5398
Na,Rb,BG,2,13,42,Na13@Rb42,55,0.22,dataset_compatibility,-1.5398
Na,K,BG,2,13,42,Na13@K42,55,0.198547215496368,radius_ratio,-1.539452888860227
K,Na,BG,2,13,42,K13@Na42,55,0.198547215496368,radius_ratio,-1.539452888860227
Rb,K,Ch2,2,13,32,Rb13@K32,45,0.08842105263157893,radius_ratio,-1.342636980609418
K,Rb,Ch2,2,13,32,K13@Rb32,45,0.08842105263157893,radius_ratio,-1.342636980609418
Na,Cu,MC,4,147,162,Na147@Cu162,309,0.3694267515923567,radius_ratio,-1.2552662907217318
Cu,Na,MC,4,147,162,Cu147@Na162,309,0.3694267515923567,radius_ratio,-1.2552662907217318
Ag,K,Ch2,3,55,72,Ag55@K72,127,0.4474393530997305,radius_ratio,-1.22287050769756
K,Ag,Ch2,3,55,72,K55@Ag72,127,0.4474393530997305,radius_ratio,-1.22287050769756
Ni,Na,Ch1,3,55,72,Ni55@Na72,127,0.4000000000000001,radius_ratio,-1.0891999999999986
Na,Ni,Ch1,3,55,72,Na55@Ni72,127,0.4000000000000001,radius_ratio,-1.0891999999999986
K,Na,MC,2,13,42,K13@Na42,55,0.198547215496368,radius_ratio,-1.0648790389812928
Na,K,MC,2,13,42,Na13@K42,55,0.198547215496368,radius_ratio,-1.0648790389812928
Rb,Cs,Ch2,2,13,32,Rb13@Cs32,45,0.06627680311890835,radius_ratio,-1.0413085657885233
Cs,Rb,Ch2,2,13,32,Cs13@Rb32,45,0.06627680311890835,radius_ratio,-1.0413085657885233
Rb,Ag,Ch2,4,147,132,Rb147@Ag132,279,0.5306122448979592,radius_ratio,-0.9823813202832117
Ag,Rb,Ch2,4,147,132,Ag147@Rb132,279,0.5306122448979592,radius_ratio,-0.9823813202832117
Na,Rb,MC,2,13,42,Na13@Rb42,55,0.22,dataset_compatibility,-0.9408000000000004
Rb,Na,MC,2,13,42,Rb13@Na42,55,0.22,dataset_compatibility,-0.9408000000000004
Cs,Na,Ch2,2,13,32,Cs13@Na32,45,0.3503325942350332,radius_ratio,-0.940348462151121
Na,Cs,Ch2,2,13,32,Na13@Cs32,45,0.3503325942350332,radius_ratio,-0.940348462151121
Na,Cs,BG,3,55,72,Na55@Cs72,127,0.3503325942350332,radius_ratio,-0.8734286173617651
Cs,Na,BG,3,55,72,Cs55@Na72,127,0.3503325942350332,radius_ratio,-0.8734286173617651
Cu,Ni,Ch2,2,13,32,Cu13@Ni32,45,0.032,dataset_compatibility,-0.7127180000000001
Ni,Cu,Ch2,2,13,32,Ni13@Cu32,45,0.032,dataset_compatibility,-0.7127180000000001
Na,Ag,BG,2,13,42,Na13@Ag42,55,0.25454545454545463,radius_ratio,-0.6472743801652875
Ag,Na,BG,2,13,42,Ag13@Na42,55,0.25454545454545463,radius_ratio,-0.6472743801652875
Cu,Na,Ch2,2,13,32,Cu13@Na32,45,0.3694267515923567,radius_ratio,-0.5702150168363822
Na,Cu,Ch2,2,13,32,Na13@Cu32,45,0.3694267515923567,radius_ratio,-0.5702150168363822
Cu,Na,BG,3,55,72,Cu55@Na72,127,0.3694267515923567,radius_ratio,-0.24094144995739963
Na,Cu,BG,3,55,72,Na55@Cu72,127,0.3694267515923567,radius_ratio,-0.24094144995739963
Ni,Na,MC,4,147,162,Ni147@Na162,309,0.4000000000000001,radius_ratio,-0.057199999999996365
Na,Ni,MC,4,147,162,Na147@Ni162,309,0.4000000000000001,radius_ratio,-0.057199999999996365
Ni,Na,Ch2,2,13,32,Ni13@Na32,45,0.4000000000000001,radius_ratio,0.030450000000001864
Na,Ni,Ch2,2,13,32,Na13@Ni32,45,0.4000000000000001,radius_ratio,0.030450000000001864
Cs,Na,Ch1,2,13,32,Cs13@Na32,45,0.3503325942350332,radius_ratio,0.04537626068701632
Na,Cs,Ch1,2,13,32,Na13@Cs32,45,0.3503325942350332,radius_ratio,0.04537626068701632
Cu,K,Ch2,4,147,132,Cu147@K132,279,0.5577464788732395,radius_ratio,0.05264877008530355
K,Cu,Ch2,4,147,132,K147@Cu132,279,0.5577464788732395,radius_ratio,0.05264877008530355
Ag,K,BG,4,147,122,Ag147@K122,269,0.4474393530997305,radius_ratio,0.11829620389273732
K,Ag,BG,4,147,122,K147@Ag122,269,0.4474393530997305,radius_ratio,0.11829620389273732
Ag,Na,MC,2,13,42,Ag13@Na42,55,0.25454545454545463,radius_ratio,0.15208925619834934
Na,Ag,MC,2,13,42,Na13@Ag42,55,0.25454545454545463,radius_ratio,0.15208925619834934
K,Ag,Ch1,3,55,72,K55@Ag72,127,0.4474393530997305,radius_ratio,0.39619647343451403
Ag,K,Ch1,3,55,72,Ag55@K72,127,0.4474393530997305,radius_ratio,0.39619647343451403
Cs,Na,MC,3,55,92,Cs55@Na92,147,0.3503325942350332,radius_ratio,0.47150042920142826
Na,Cs,MC,3,55,92,Na55@Cs92,147,0.3503325942350332,radius_ratio,0.47150042920142826
Na,Cu,Ch1,2,13,32,Na13@Cu32,45,0.3694267515923567,radius_ratio,0.5518419895330446
Cu,Na,Ch1,2,13,32,Cu13@Na32,45,0.3694267515923567,radius_ratio,0.5518419895330446
Na,Ni,BG,3,55,72,Na55@Ni72,127,0.4000000000000001,radius_ratio,0.779800000000002
Ni,Na,BG,3,55,72,Ni55@Na72,127,0.4000000000000001,radius_ratio,0.779800000000002
Rb,Ag,Ch1,4,147,122,Rb147@Ag122,269,0.5306122448979592,radius_ratio,1.1705401082882139
Ag,Rb,Ch1,4,147,122,Ag147@Rb122,269,0.5306122448979592,radius_ratio,1.1705401082882139
K,Ag,Ch2,2,13,32,K13@Ag32,45,0.4474393530997305,radius_ratio,1.1771294923024396
Ag,K,Ch2,2,13,32,Ag13@K32,45,0.4474393530997305,radius_ratio,1.1771294923024396
Na,Cu,MC,3,55,92,Na55@Cu92,147,0.3694267515923567,radius_ratio,1.2147337092782684
Cu,Na,MC,3,55,92,Cu55@Na92,147,0.3694267515923567,radius_ratio,1.2147337092782684
Ni,K,Ch2,4,147,132,Ni147@K132,279,0.586894586894587,radius_ratio,1.2596480746909577
K,Ni,Ch2,4,147,132,K147@Ni132,279,0.586894586894587,radius_ratio,1.2596480746909577
Ni,Na,Ch1,2,13,32,Ni13@Na32,45,0.4000000000000001,radius_ratio,1.3708000000000018
Na,Ni,Ch1,2,13,32,Na13@Ni32,45,0.4000000000000001,radius_ratio,1.3708000000000018
Ag,Rb,Ch2,3,55,72,Ag55@Rb72,127,0.5306122448979592,radius_ratio,1.4176186797167873
Rb,Ag,Ch2,3,55,72,Rb55@Ag72,127,0.5306122448979592,radius_ratio,1.4176186797167873
Ag,Cs,Ch2,4,147,132,Ag147@Cs132,279,0.5916870415647921,radius_ratio,1.4675339007418646
Cs,Ag,Ch2,4,147,132,Cs147@Ag132,279,0.5916870415647921,radius_ratio,1.4675339007418646
Cs,Na,BG,2,13,42,Cs13@Na42,55,0.3503325942350332,radius_ratio,1.5865713826382346
Na,Cs,BG,2,13,42,Na13@Cs42,55,0.3503325942350332,radius_ratio,1.5865713826382346
Ag,K,MC,4,147,162,Ag147@K162,309,0.4474393530997305,radius_ratio,2.0164444518711724
K,Ag,MC,4,147,162,K147@Ag162,309,0.4474393530997305,radius_ratio,2.0164444518711724
Cu,Na,BG,2,13,42,Cu13@Na42,55,0.3694267515923567,radius_ratio,2.2190585500426003
Na,Cu,BG,2,13,42,Na13@Cu42,55,0.3694267515923567,radius_ratio,2.2190585500426003
Cu,K,Ch1,4,147,122,Cu147@K122,269,0.5577464788732395,radius_ratio,2.39930862924023
K,Cu,Ch1,4,147,122,K147@Cu122,269,0.5577464788732395,radius_ratio,2.39930862924023
Na,Ni,MC,3,55,92,Na55@Ni92,147,0.4000000000000001,radius_ratio,2.4128000000000043
Ni,Na,MC,3,55,92,Ni55@Na92,147,0.4000000000000001,radius_ratio,2.4128000000000043
Cu,K,Ch2,3,55,72,Cu55@K72,127,0.5577464788732395,radius_ratio,2.4526487700853035
K,Cu,Ch2,3,55,72,K55@Cu72,127,0.5577464788732395,radius_ratio,2.4526487700853035
Ag,K,BG,3,55,72,Ag55@K72,127,0.4474393530997305,radius_ratio,2.5782962038927373
K,Ag,BG,3,55,72,K55@Ag72,127,0.4474393530997305,radius_ratio,2.5782962038927373
Ag,K,Ch1,2,13,32,Ag13@K32,45,0.4474393530997305,radius_ratio,2.8561964734345144
K,Ag,Ch1,2,13,32,K13@Ag32,45,0.4474393530997305,radius_ratio,2.8561964734345144
Cs,Na,MC,2,13,42,Cs13@Na42,55,0.3503325942350332,radius_ratio,2.9415004292014286
Na,Cs,MC,2,13,42,Na13@Cs42,55,0.3503325942350332,radius_ratio,2.9415004292014286
Ni,Na,BG,2,13,42,Ni13@Na42,55,0.4000000000000001,radius_ratio,3.2398000000000016
Na,Ni,BG,2,13,42,Na13@Ni42,55,0.4000000000000001,radius_ratio,3.2398000000000016
Rb,Cu,Ch2,4,147,132,Rb147@Cu132,279,0.6382978723404256,radius_ratio,3.6283712313263954
Cu,Rb,Ch2,4,147,132,Cu147@Rb132,279,0.6382978723404256,radius_ratio,3.6283712313263954
Rb,Ag,Ch1,3,55,72,Rb55@Ag72,127,0.5306122448979592,radius_ratio,3.6305401082882134
Ag,Rb,Ch1,3,55,72,Ag55@Rb72,127,0.5306122448979592,radius_ratio,3.6305401082882134
K,Ni,Ch2,3,55,72,K55@Ni72,127,0.586894586894587,radius_ratio,3.659648074690957
Ni,K,Ch2,3,55,72,Ni55@K72,127,0.586894586894587,radius_ratio,3.659648074690957
Cu,Na,MC,2,13,42,Cu13@Na42,55,0.3694267515923567,radius_ratio,3.6847337092782686
Na,Cu,MC,2,13,42,Na13@Cu42,55,0.3694267515923567,radius_ratio,3.6847337092782686
Ni,K,Ch1,4,147,122,Ni147@K122,269,0.586894586894587,radius_ratio,3.814425425118304
K,Ni,Ch1,4,147,122,K147@Ni122,269,0.586894586894587,radius_ratio,3.814425425118304
Ag,Rb,Ch2,2,13,32,Ag13@Rb32,45,0.5306122448979592,radius_ratio,3.8176186797167873
Rb,Ag,Ch2,2,13,32,Rb13@Ag32,45,0.5306122448979592,radius_ratio,3.8176186797167873
Cs,Ag,Ch2,3,55,72,Cs55@Ag72,127,0.5916870415647921,radius_ratio,3.8675339007418645
Ag,Cs,Ch2,3,55,72,Ag55@Cs72,127,0.5916870415647921,radius_ratio,3.8675339007418645
Ag,Rb,BG,4,147,122,Ag147@Rb122,269,0.5306122448979592,radius_ratio,3.901580924614747
Rb,Ag,BG,4,147,122,Rb147@Ag122,269,0.5306122448979592,radius_ratio,3.901580924614747
Cs,Ag,Ch1,4,147,122,Cs147@Ag122,269,0.5916870415647921,radius_ratio,4.056529377514478
Ag,Cs,Ch1,4,147,122,Ag147@Cs122,269,0.5916870415647921,radius_ratio,4.056529377514478
Ag,K,MC,3,55,92,Ag55@K92,147,0.4474393530997305,radius_ratio,4.486444451871173
K,Ag,MC,3,55,92,K55@Ag92,147,0.4474393530997305,radius_ratio,4.486444451871173
K,Cu,Ch2,2,13,32,K13@Cu32,45,0.5577464788732395,radius_ratio,4.852648770085303
Cu,K,Ch2,2,13,32,Cu13@K32,45,0.5577464788732395,radius_ratio,4.852648770085303
Cu,K,Ch1,3,55,72,Cu55@K72,127,0.5577464788732395,radius_ratio,4.85930862924023
K,Cu,Ch1,3,55,72,K55@Cu72,127,0.5577464788732395,radius_ratio,4.85930862924023
Ni,Na,MC,2,13,42,Ni13@Na42,55,0.4000000000000001,radius_ratio,4.882800000000005
Na,Ni,MC,2,13,42,Na13@Ni42,55,0.4000000000000001,radius_ratio,4.882800000000005
K,Ag,BG,2,13,42,K13@Ag42,55,0.4474393530997305,radius_ratio,5.038296203892737
Ag,K,BG,2,13,42,Ag13@K42,55,0.4474393530997305,radius_ratio,5.038296203892737
Rb,Ni,Ch2,4,147,132,Rb147@Ni132,279,0.6666666666666667,radius_ratio,5.066894444444451
Ni,Rb,Ch2,4,147,132,Ni147@Rb132,279,0.6666666666666667,radius_ratio,5.066894444444451
K,Cu,BG,4,147,122,K147@Cu122,269,0.5577464788732395,radius_ratio,5.309435389803614
Cu,K,BG,4,147,122,Cu147@K122,269,0.5577464788732395,radius_ratio,5.309435389803614
Cu,Rb,Ch2,3,55,72,Cu55@Rb72,127,0.6382978723404256,radius_ratio,6.028371231326394
Rb,Cu,Ch2,3,55,72,Rb55@Cu72,127,0.6382978723404256,radius_ratio,6.028371231326394
K,Ni,Ch2,2,13,32,K13@Ni32,45,0.586894586894587,radius_ratio,6.059648074690957
Ni,K,Ch2,2,13,32,Ni13@K32,45,0.586894586894587,radius_ratio,6.059648074690957
Ag,Rb,Ch1,2,13,32,Ag13@Rb32,45,0.5306122448979592,radius_ratio,6.090540108288214
Rb,Ag,Ch1,2,13,32,Rb13@Ag32,45,0.5306122448979592,radius_ratio,6.090540108288214
Cs,Ag,Ch2,2,13,32,Cs13@Ag32,45,0.5916870415647921,radius_ratio,6.2675339007418644
Ag,Cs,Ch2,2,13,32,Ag13@Cs32,45,0.5916870415647921,radius_ratio,6.2675339007418644
Ni,K,Ch1,3,55,72,Ni55@K72,127,0.586894586894587,radius_ratio,6.274425425118304
K,Ni,Ch1,3,55,72,K55@Ni72,127,0.586894586894587,radius_ratio,6.274425425118304
Rb,Ag,MC,4,147,162,Rb147@Ag162,309,0.5306122448979592,radius_ratio,6.282131945022908
Ag,Rb,MC,4,147,162,Ag147@Rb162,309,0.5306122448979592,radius_ratio,6.282131945022908
Ag,Rb,BG,3,55,72,Ag55@Rb72,127,0.5306122448979592,radius_ratio,6.3615809246147474
Rb,Ag,BG,3,55,72,Rb55@Ag72,127,0.5306122448979592,radius_ratio,6.3615809246147474
Cs,Ag,Ch1,3,55,72,Cs55@Ag72,127,0.5916870415647921,radius_ratio,6.516529377514478
Ag,Cs,Ch1,3,55,72,Ag55@Cs72,127,0.5916870415647921,radius_ratio,6.516529377514478
Rb,Cu,Ch1,4,147,122,Rb147@Cu122,269,0.6382978723404256,radius_ratio,6.550168039837032
Cu,Rb,Ch1,4,147,122,Cu147@Rb122,269,0.6382978723404256,radius_ratio,6.550168039837032
Cu,Cs,Ch2,4,147,132,Cu147@Cs132,279,0.6972010178117048,radius_ratio,6.7195456108488925
Cs,Cu,Ch2,4,147,132,Cs147@Cu132,279,0.6972010178117048,radius_ratio,6.7195456108488925
K,Ni,BG,4,147,122,K147@Ni122,269,0.586894586894587,radius_ratio,6.916929698622582
Ni,K,BG,4,147,122,Ni147@K122,269,0.586894586894587,radius_ratio,6.916929698622582
K,Ag,MC,2,13,42,K13@Ag42,55,0.4474393530997305,radius_ratio,6.956444451871173
Ag,K,MC,2,13,42,Ag13@K42,55,0.4474393530997305,radius_ratio,6.956444451871173
Cs,Ag,BG,4,147,122,Cs147@Ag122,269,0.5916870415647921,radius_ratio,7.1906638518421095
Ag,Cs,BG,4,147,122,Ag147@Cs122,269,0.5916870415647921,radius_ratio,7.1906638518421095
Cu,K,Ch1,2,13,32,Cu13@K32,45,0.5577464788732395,radius_ratio,7.319308629240231
K,Cu,Ch1,2,13,32,K13@Cu32,45,0.5577464788732395,radius_ratio,7.319308629240231
Ni,Rb,Ch2,3,55,72,Ni55@Rb72,127,0.6666666666666667,radius_ratio,7.46689444444445
Rb,Ni,Ch2,3,55,72,Rb55@Ni72,127,0.6666666666666667,radius_ratio,7.46689444444445
K,Cu,BG,3,55,72,K55@Cu72,127,0.5577464788732395,radius_ratio,7.769435389803614
Cu,K,BG,3,55,72,Cu55@K72,127,0.5577464788732395,radius_ratio,7.769435389803614
Cu,K,MC,4,147,162,Cu147@K162,309,0.5577464788732395,radius_ratio,7.847364967268398
K,Cu,MC,4,147,162,K147@Cu162,309,0.5577464788732395,radius_ratio,7.847364967268398
Rb,Ni,Ch1,4,147,122,Rb147@Ni122,269,0.6666666666666667,radius_ratio,8.191244444444447
Ni,Rb,Ch1,4,147,122,Ni147@Rb122,269,0.6666666666666667,radius_ratio,8.191244444444447
Cs,Ni,Ch2,4,147,132,Cs147@Ni132,279,0.724935732647815,radius_ratio,8.314400753695793
Ni,Cs,Ch2,4,147,132,Ni147@Cs132,279,0.724935732647815,radius_ratio,8.314400753695793
Cu,Rb,Ch2,2,13,32,Cu13@Rb32,45,0.6382978723404256,radius_ratio,8.428371231326395
Rb,Cu,Ch2,2,13,32,Rb13@Cu32,45,0.6382978723404256,radius_ratio,8.428371231326395
K,Ni,Ch1,2,13,32,K13@Ni32,45,0.586894586894587,radius_ratio,8.734425425118305
Ni,K,Ch1,2,13,32,Ni13@K32,45,0.586894586894587,radius_ratio,8.734425425118305
Ag,Rb,MC,3,55,92,Ag55@Rb92,147,0.5306122448979592,radius_ratio,8.752131945022908
Rb,Ag,MC,3,55,92,Rb55@Ag92,147,0.5306122448979592,radius_ratio,8.752131945022908
Rb,Ag,BG,2,13,42,Rb13@Ag42,55,0.5306122448979592,radius_ratio,8.821580924614747
Ag,Rb,BG,2,13,42,Ag13@Rb42,55,0.5306122448979592,radius_ratio,8.821580924614747
Ag,Cs,Ch1,2,13,32,Ag13@Cs32,45,0.5916870415647921,radius_ratio,8.976529377514478
Cs,Ag,Ch1,2,13,32,Cs13@Ag32,45,0.5916870415647921,radius_ratio,8.976529377514478
Cu,Rb,Ch1,3,55,72,Cu55@Rb72,127,0.6382978723404256,radius_ratio,9.010168039837032
Rb,Cu,Ch1,3,55,72,Rb55@Cu72,127,0.6382978723404256,radius_ratio,9.010168039837032
Cu,Cs,Ch2,3,55,72,Cu55@Cs72,127,0.6972010178117048,radius_ratio,9.119545610848892
Cs,Cu,Ch2,3,55,72,Cs55@Cu72,127,0.6972010178117048,radius_ratio,9.119545610848892
K,Ni,BG,3,55,72,K55@Ni72,127,0.586894586894587,radius_ratio,9.376929698622583
Ni,K,BG,3,55,72,Ni55@K72,127,0.586894586894587,radius_ratio,9.376929698622583
Ni,K,MC,4,147,162,Ni147@K162,309,0.586894586894587,radius_ratio,9.62391830261118
K,Ni,MC,4,147,162,K147@Ni162,309,0.586894586894587,radius_ratio,9.62391830261118
Cs,Ag,BG,3,55,72,Cs55@Ag72,127,0.5916870415647921,radius_ratio,9.65066385184211
Ag,Cs,BG,3,55,72,Ag55@Cs72,127,0.5916870415647921,radius_ratio,9.65066385184211
Ni,Rb,Ch2,2,13,32,Ni13@Rb32,45,0.6666666666666667,radius_ratio,9.86689444444445
Rb,Ni,Ch2,2,13,32,Rb13@Ni32,45,0.6666666666666667,radius_ratio,9.86689444444445
Ag,Cs,MC,4,147,162,Ag147@Cs162,309,0.5916870415647921,radius_ratio,9.925448692917897
Cs,Ag,MC,4,147,162,Cs147@Ag162,309,0.5916870415647921,radius_ratio,9.925448692917897
Cu,Rb,BG,4,147,122,Cu147@Rb122,269,0.6382978723404256,radius_ratio,9.99193399728384
Rb,Cu,BG,4,147,122,Rb147@Cu122,269,0.6382978723404256,radius_ratio,9.99193399728384
Cu,Cs,Ch1,4,147,122,Cu147@Cs122,269,0.6972010178117048,radius_ratio,10.06191087802446
Cs,Cu,Ch1,4,147,122,Cs147@Cu122,269,0.6972010178117048,radius_ratio,10.06191087802446
Cu,K,BG,2,13,42,Cu13@K42,55,0.5577464788732395,radius_ratio,10.229435389803614
K,Cu,BG,2,13,42,K13@Cu42,55,0.5577464788732395,radius_ratio,10.229435389803614
K,Cu,MC,3,55,92,K55@Cu92,147,0.5577464788732395,radius_ratio,10.317364967268398
Cu,K,MC,3,55,92,Cu55@K92,147,0.5577464788732395,radius_ratio,10.317364967268398
Ni,Rb,Ch1,3,55,72,Ni55@Rb72,127,0.6666666666666667,radius_ratio,10.651244444444448
Rb,Ni,Ch1,3,55,72,Rb55@Ni72,127,0.6666666666666667,radius_ratio,10.651244444444448
Ni,Cs,Ch2,3,55,72,Ni55@Cs72,127,0.724935732647815,radius_ratio,10.714400753695791
Cs,Ni,Ch2,3,55,72,Cs55@Ni72,127,0.724935732647815,radius_ratio,10.714400753695791
Ag,Rb,MC,2,13,42,Ag13@Rb42,55,0.5306122448979592,radius_ratio,11.222131945022909
Rb,Ag,MC,2,13,42,Rb13@Ag42,55,0.5306122448979592,radius_ratio,11.222131945022909
Rb,Cu,Ch1,2,13,32,Rb13@Cu32,45,0.6382978723404256,radius_ratio,11.470168039837032
Cu,Rb,Ch1,2,13,32,Cu13@Rb32,45,0.6382978723404256,radius_ratio,11.470168039837032
Cu,Cs,Ch2,2,13,32,Cu13@Cs32,45,0.6972010178117048,radius_ratio,11.51954561084889
Cs,Cu,Ch2,2,13,32,Cs13@Cu32,45,0.6972010178117048,radius_ratio,11.51954561084889
Ni,Rb,BG,4,147,122,Ni147@Rb122,269,0.6666666666666667,radius_ratio,11.820244444444452
Rb,Ni,BG,4,147,122,Rb147@Ni122,269,0.6666666666666667,radius_ratio,11.820244444444452
Ni,K,BG,2,13,42,Ni13@K42,55,0.586894586894587,radius_ratio,11.836929698622582
K,Ni,BG,2,13,42,K13@Ni42,55,0.586894586894587,radius_ratio,11.836929698622582
Cs,Ni,Ch1,4,147,122,Cs147@Ni122,269,0.724935732647815,radius_ratio,11.854791884801188
Ni,Cs,Ch1,4,147,122,Ni147@Cs122,269,0.724935732647815,radius_ratio,11.854791884801188
K,Ni,MC,3,55,92,K55@Ni92,147,0.586894586894587,radius_ratio,12.093918302611181
Ni,K,MC,3,55,92,Ni55@K92,147,0.586894586894587,radius_ratio,12.093918302611181
Ag,Cs,BG,2,13,42,Ag13@Cs42,55,0.5916870415647921,radius_ratio,12.110663851842109
Cs,Ag,BG,2,13,42,Cs13@Ag42,55,0.5916870415647921,radius_ratio,12.110663851842109
Ag,Cs,MC,3,55,92,Ag55@Cs92,147,0.5916870415647921,radius_ratio,12.395448692917899
Cs,Ag,MC,3,55,92,Cs55@Ag92,147,0.5916870415647921,radius_ratio,12.395448692917899
Cu,Rb,BG,3,55,72,Cu55@Rb72,127,0.6382978723404256,radius_ratio,12.451933997283842
Rb,Cu,BG,3,55,72,Rb55@Cu72,127,0.6382978723404256,radius_ratio,12.451933997283842
Cs,Cu,Ch1,3,55,72,Cs55@Cu72,127,0.6972010178117048,radius_ratio,12.52191087802446
Cu,Cs,Ch1,3,55,72,Cu55@Cs72,127,0.6972010178117048,radius_ratio,12.52191087802446
Cu,K,MC,2,13,42,Cu13@K42,55,0.5577464788732395,radius_ratio,12.787364967268399
K,Cu,MC,2,13,42,K13@Cu42,55,0.5577464788732395,radius_ratio,12.787364967268399
Cu,Rb,MC,4,147,162,Cu147@Rb162,309,0.6382978723404256,radius_ratio,12.997061656858305
Rb,Cu,MC,4,147,162,Rb147@Cu162,309,0.6382978723404256,radius_ratio,12.997061656858305
Rb,Ni,Ch1,2,13,32,Rb13@Ni32,45,0.6666666666666667,radius_ratio,13.111244444444447
Ni,Rb,Ch1,2,13,32,Ni13@Rb32,45,0.6666666666666667,radius_ratio,13.111244444444447
Ni,Cs,Ch2,2,13,32,Ni13@Cs32,45,0.724935732647815,radius_ratio,13.11440075369579
Cs,Ni,Ch2,2,13,32,Cs13@Ni32,45,0.724935732647815,radius_ratio,13.11440075369579
Cs,Cu,BG,4,147,122,Cs147@Cu122,269,0.6972010178117048,radius_ratio,13.892437595581717
Cu,Cs,BG,4,147,122,Cu147@Cs122,269,0.6972010178117048,radius_ratio,13.892437595581717
Rb,Ni,BG,3,55,72,Rb55@Ni72,127,0.6666666666666667,radius_ratio,14.280244444444453
Ni,Rb,BG,3,55,72,Ni55@Rb72,127,0.6666666666666667,radius_ratio,14.280244444444453
Ni,Cs,Ch1,3,55,72,Ni55@Cs72,127,0.724935732647815,radius_ratio,14.314791884801187
Cs,Ni,Ch1,3,55,72,Cs55@Ni72,127,0.724935732647815,radius_ratio,14.314791884801187
K,Ni,MC,2,13,42,K13@Ni42,55,0.586894586894587,radius_ratio,14.563918302611182
Ni,K,MC,2,13,42,Ni13@K42,55,0.586894586894587,radius_ratio,14.563918302611182
Cs,Ag,MC,2,13,42,Cs13@Ag42,55,0.5916870415647921,radius_ratio,14.865448692917898
Ag,Cs,MC,2,13,42,Ag13@Cs42,55,0.5916870415647921,radius_ratio,14.865448692917898
Rb,Cu,BG,2,13,42,Rb13@Cu42,55,0.6382978723404256,radius_ratio,14.91193399728384
Cu,Rb,BG,2,13,42,Cu13@Rb42,55,0.6382978723404256,radius_ratio,14.91193399728384
Cs,Cu,Ch1,2,13,32,Cs13@Cu32,45,0.6972010178117048,radius_ratio,14.98191087802446
Cu,Cs,Ch1,2,13,32,Cu13@Cs32,45,0.6972010178117048,radius_ratio,14.98191087802446
Ni,Rb,MC,4,147,162,Ni147@Rb162,309,0.6666666666666667,radius_ratio,14.989911111111113
Rb,Ni,MC,4,147,162,Rb147@Ni162,309,0.6666666666666667,radius_ratio,14.989911111111113
Cu,Rb,MC,3,55,92,Cu55@Rb92,147,0.6382978723404256,radius_ratio,15.467061656858306
Rb,Cu,MC,3,55,92,Rb55@Cu92,147,0.6382978723404256,radius_ratio,15.467061656858306
Ni,Cs,BG,4,147,122,Ni147@Cs122,269,0.724935732647815,radius_ratio,15.86836772027677
Cs,Ni,BG,4,147,122,Cs147@Ni122,269,0.724935732647815,radius_ratio,15.86836772027677
Cs,Cu,BG,3,55,72,Cs55@Cu72,127,0.6972010178117048,radius_ratio,16.352437595581716
Cu,Cs,BG,3,55,72,Cu55@Cs72,127,0.6972010178117048,radius_ratio,16.352437595581716
Ni,Rb,BG,2,13,42,Ni13@Rb42,55,0.6666666666666667,radius_ratio,16.74024444444445
Rb,Ni,BG,2,13,42,Rb13@Ni42,55,0.6666666666666667,radius_ratio,16.74024444444445
Ni,Cs,Ch1,2,13,32,Ni13@Cs32,45,0.724935732647815,radius_ratio,16.77479188480119
Cs,Ni,Ch1,2,13,32,Cs13@Ni32,45,0.724935732647815,radius_ratio,16.77479188480119
Cu,Cs,MC,4,147,162,Cu147@Cs162,309,0.6972010178117048,radius_ratio,17.239203498889598
Cs,Cu,MC,4,147,162,Cs147@Cu162,309,0.6972010178117048,radius_ratio,17.239203498889598
Rb,Ni,MC,3,55,92,Rb55@Ni92,147,0.6666666666666667,radius_ratio,17.45991111111111
Ni,Rb,MC,3,55,92,Ni55@Rb92,147,0.6666666666666667,radius_ratio,17.45991111111111
Cu,Rb,MC,2,13,42,Cu13@Rb42,55,0.6382978723404256,radius_ratio,17.937061656858305
Rb,Cu,MC,2,13,42,Rb13@Cu42,55,0.6382978723404256,radius_ratio,17.937061656858305
Cs,Ni,BG,3,55,72,Cs55@Ni72,127,0.724935732647815,radius_ratio,18.32836772027677
Ni,Cs,BG,3,55,72,Ni55@Cs72,127,0.724935732647815,radius_ratio,18.32836772027677
Cs,Cu,BG,2,13,42,Cs13@Cu42,55,0.6972010178117048,radius_ratio,18.812437595581716
Cu,Cs,BG,2,13,42,Cu13@Cs42,55,0.6972010178117048,radius_ratio,18.812437595581716
Cs,Ni,MC,4,147,162,Cs147@Ni162,309,0.724935732647815,radius_ratio,19.37599496963409
Ni,Cs,MC,4,147,162,Ni147@Cs162,309,0.724935732647815,radius_ratio,19.37599496963409
Cs,Cu,MC,3,55,92,Cs55@Cu92,147,0.6972010178117048,radius_ratio,19.709203498889597
Cu,Cs,MC,3,55,92,Cu55@Cs92,147,0.6972010178117048,radius_ratio,19.709203498889597
Ni,Rb,MC,2,13,42,Ni13@Rb42,55,0.6666666666666667,radius_ratio,19.929911111111114
Rb,Ni,MC,2,13,42,Rb13@Ni42,55,0.6666666666666667,radius_ratio,19.929911111111114
Cs,Ni,BG,2,13,42,Cs13@Ni42,55,0.724935732647815,radius_ratio,20.78836772027677
Ni,Cs,BG,2,13,42,Ni13@Cs42,55,0.724935732647815,radius_ratio,20.78836772027677
Cs,Ni,MC,3,55,92,Cs55@Ni92,147,0.724935732647815,radius_ratio,21.84599496963409
Ni,Cs,MC,3,55,92,Ni55@Cs92,147,0.724935732647815,radius_ratio,21.84599496963409
Cs,Cu,MC,2,13,42,Cs13@Cu42,55,0.6972010178117048,radius_ratio,22.1792034988896
Cu,Cs,MC,2,13,42,Cu13@Cs42,55,0.6972010178117048,radius_ratio,22.1792034988896
Ni,Cs,MC,2,13,42,Ni13@Cs42,55,0.724935732647815,radius_ratio,24.31599496963409
Cs,Ni,MC,2,13,42,Cs13@Ni42,55,0.724935732647815,radius_ratio,24.31599496963409
