dataset,source,cycle,key,n_points,capacity_Ah,duration_s,current_A,ambient_C,internal_resistance_ohm
CS2_36,CS2_36_1_10_11.xlsx,1,CS2_36:CS2_36_1_10_11.xlsx:cycle1,83,0.7491565870911311,2451.7841898261822,1.1000723838806152,25.0,0.10207654535770416
CS2_36,CS2_36_1_10_11.xlsx,2,CS2_36:CS2_36_1_10_11.xlsx:cycle2,82,0.7331979137024869,2399.610911603535,1.099981427192688,25.0,0.10298038274049759
CS2_36,CS2_36_1_10_11.xlsx,3,CS2_36:CS2_36_1_10_11.xlsx:cycle3,77,0.6951974197578319,2275.3068280198336,1.0998904705047607,25.0,0.1047929972410202
CS2_36,CS2_36_1_10_11.xlsx,4,CS2_36:CS2_36_1_10_11.xlsx:cycle4,76,0.6833738045737721,2236.61757866606,1.0998904705047607,25.0,0.10460212081670761
CS2_36,CS2_36_1_10_11.xlsx,5,CS2_36:CS2_36_1_10_11.xlsx:cycle5,79,0.7075062200559699,2315.546550354345,1.0998904705047607,25.0,0.10441193729639053
CS2_36,CS2_36_1_10_11.xlsx,6,CS2_36:CS2_36_1_10_11.xlsx:cycle6,79,0.7104221009186942,2325.0947083018445,1.0998904705047607,25.0,0.10388586670160294
CS2_36,CS2_36_1_10_11.xlsx,7,CS2_36:CS2_36_1_10_11.xlsx:cycle7,79,0.7104485468583883,2325.1894267142725,1.1000723838806152,25.0,0.10388586670160294
CS2_36,CS2_36_1_10_11.xlsx,8,CS2_36:CS2_36_1_10_11.xlsx:cycle8,75,0.6731725255869909,2203.2449861219498,1.0998904705047607,25.0,0.105605348944664
CS2_36,CS2_36_1_10_11.xlsx,9,CS2_36:CS2_36_1_10_11.xlsx:cycle9,73,0.6590181776391537,2156.9490249016776,1.0998904705047607,25.0,0.10774746537208557
CS2_36,CS2_36_1_10_11.xlsx,10,CS2_36:CS2_36_1_10_11.xlsx:cycle10,73,0.651425562444099,2132.1209812274433,1.0998904705047607,25.0,0.10703472793102264
CS2_36,CS2_36_1_10_11.xlsx,11,CS2_36:CS2_36_1_10_11.xlsx:cycle11,72,0.6422941992996014,2102.24627224043,1.0998904705047607,25.0,0.10865646600723267
CS2_36,CS2_36_1_10_11.xlsx,12,CS2_36:CS2_36_1_10_11.xlsx:cycle12,56,0.5007457215622679,1638.954756602224,1.0998904705047607,25.0,0.10875551402568817
CS2_36,CS2_36_1_10_11.xlsx,13,CS2_36:CS2_36_1_10_11.xlsx:cycle13,71,0.6359064833841419,2081.324967596934,1.0998904705047607,25.0,0.10784559696912766
CS2_36,CS2_36_1_10_11.xlsx,14,CS2_36:CS2_36_1_10_11.xlsx:cycle14,71,0.6351602178634312,2078.9028305862303,1.0998904705047607,25.0,0.10703472793102264
CS2_36,CS2_36_1_10_11.xlsx,15,CS2_36:CS2_36_1_10_11.xlsx:cycle15,73,0.656963963864241,2150.2166526785986,1.0998904705047607,25.0,0.10417074710130692
CS2_36,CS2_36_1_10_11.xlsx,16,CS2_36:CS2_36_1_10_11.xlsx:cycle16,74,0.6631537808653096,2170.5000328179462,1.0998904705047607,25.0,0.10612720251083374
CS2_36,CS2_36_1_10_11.xlsx,17,CS2_36:CS2_36_1_10_11.xlsx:cycle17,74,0.6666839294764557,2182.031523911903,1.0998904705047607,25.0,0.10612720251083374
CS2_36,CS2_36_1_10_11.xlsx,18,CS2_36:CS2_36_1_10_11.xlsx:cycle18,71,0.6338964461392926,2074.762527908017,1.0998904705047607,25.0,0.10651487857103348
CS2_36,CS2_36_1_10_11.xlsx,19,CS2_36:CS2_36_1_10_11.xlsx:cycle19,70,0.6253470900463682,2046.7938443227733,1.0998904705047607,25.0,0.10732797533273697
CS2_36,CS2_36_1_10_11.xlsx,20,CS2_36:CS2_36_1_10_11.xlsx:cycle20,70,0.6238615466678343,2041.9323176775192,1.0998904705047607,25.0,0.10794390738010406
CS2_36,CS2_36_1_10_11.xlsx,21,CS2_36:CS2_36_1_10_11.xlsx:cycle21,69,0.6173900877644112,2020.747307934776,1.0998904705047607,25.0,0.10784559696912766
CS2_36,CS2_36_1_10_11.xlsx,22,CS2_36:CS2_36_1_10_11.xlsx:cycle22,69,0.614921330051299,2012.6535427415251,1.0998904705047607,25.0,0.11027820408344269
CS2_36,CS2_36_1_10_11.xlsx,23,CS2_36:CS2_36_1_10_11.xlsx:cycle23,68,0.6073307148387599,1987.841656576776,1.0998904705047607,25.0,0.108854740858078
CS2_36,CS2_36_1_10_11.xlsx,24,CS2_36:CS2_36_1_10_11.xlsx:cycle24,69,0.6196702539735046,2028.2162948834016,1.0998904705047607,25.0,0.10875551402568817
CS2_36,CS2_36_1_10_11.xlsx,25,CS2_36:CS2_36_1_10_11.xlsx:cycle25,71,0.6353082057133594,2079.387430337919,1.0998904705047607,25.0,0.10865646600723267
CS2_36,CS2_36_1_10_11.xlsx,26,CS2_36:CS2_36_1_10_11.xlsx:cycle26,71,0.6399937024760192,2094.7174022448253,1.0998904705047607,25.0,0.10855759680271149
CS2_36,CS2_36_1_10_11.xlsx,27,CS2_36:CS2_36_1_10_11.xlsx:cycle27,72,0.6434961847920455,2106.171783296832,1.0998904705047607,25.0,0.10784559696912766
CS2_36,CS2_36_1_10_11.xlsx,28,CS2_36:CS2_36_1_10_11.xlsx:cycle28,68,0.6118719385020377,2002.700863407261,1.0998904705047607,25.0,0.10956712812185287
CS2_36,CS2_36_1_10_11.xlsx,29,CS2_36:CS2_36_1_10_11.xlsx:cycle29,67,0.6003409751854321,1964.95108270343,1.0998904705047607,25.0,0.10956712812185287
CS2_36,CS2_36_1_10_11.xlsx,30,CS2_36:CS2_36_1_10_11.xlsx:cycle30,67,0.6040536094559599,1977.107457705358,1.0998904705047607,25.0,0.10956712812185287
CS2_36,CS2_36_1_10_11.xlsx,31,CS2_36:CS2_36_1_10_11.xlsx:cycle31,67,0.600787187898419,1966.4196354687838,1.0998904705047607,25.0,0.10956712812185287
CS2_36,CS2_36_1_10_11.xlsx,32,CS2_36:CS2_36_1_10_11.xlsx:cycle32,67,0.5991067321306183,1960.9533001742805,1.0998904705047607,25.0,0.11027820408344269
CS2_36,CS2_36_1_10_11.xlsx,33,CS2_36:CS2_36_1_10_11.xlsx:cycle33,66,0.5923306394695587,1938.766063152781,1.0998904705047607,25.0,0.11027820408344269
CS2_36,CS2_36_1_10_11.xlsx,34,CS2_36:CS2_36_1_10_11.xlsx:cycle34,66,0.5869765471158175,1921.2489932447022,1.0998904705047607,25.0,0.11189994215965271
CS2_36,CS2_36_1_10_11.xlsx,35,CS2_36:CS2_36_1_10_11.xlsx:cycle35,65,0.5842782309048857,1912.4362677311144,1.0998904705047607,25.0,0.10946733504533768
CS2_36,CS2_36_1_10_11.xlsx,36,CS2_36:CS2_36_1_10_11.xlsx:cycle36,48,0.42884358266914546,1403.6636874155586,1.0998904705047607,25.0,0.11402101814746857
CS2_36,CS2_36_1_10_11.xlsx,37,CS2_36:CS2_36_1_10_11.xlsx:cycle37,64,0.5775431757555438,1890.389767248373,1.0998904705047607,25.0,0.10976724326610565
CS2_36,CS2_36_1_10_11.xlsx,38,CS2_36:CS2_36_1_10_11.xlsx:cycle38,64,0.5752441616843562,1882.8586439969613,1.0998904705047607,25.0,0.11007770150899887
CS2_36,CS2_36_1_10_11.xlsx,39,CS2_36:CS2_36_1_10_11.xlsx:cycle39,64,0.5702301573035697,1866.4679424855024,1.0998904705047607,25.0,0.11139342933893204
CS2_36,CS2_36_1_10_11.xlsx,40,CS2_36:CS2_36_1_10_11.xlsx:cycle40,64,0.571258005712906,1869.8119753844196,1.0998904705047607,25.0,0.10905374586582184
CS2_36,CS2_36_1_10_11.xlsx,41,CS2_36:CS2_36_1_10_11.xlsx:cycle41,64,0.5724617288591958,1873.7338210705911,1.0998904705047607,25.0,0.11179812252521515
CS2_36,CS2_36_1_10_11.xlsx,42,CS2_36:CS2_36_1_10_11.xlsx:cycle42,66,0.5903360242690354,1932.2026438022456,1.0998904705047607,25.0,0.10814106464385986
CS2_36,CS2_36_1_10_11.xlsx,43,CS2_36:CS2_36_1_10_11.xlsx:cycle43,66,0.5904940675810373,1932.7188291649961,1.0998904705047607,25.0,0.11027820408344269
CS2_36,CS2_36_1_10_11.xlsx,44,CS2_36:CS2_36_1_10_11.xlsx:cycle44,66,0.5891194540003539,1928.2185291626822,1.0998904705047607,25.0,0.11179812252521515
CS2_36,CS2_36_1_10_11.xlsx,45,CS2_36:CS2_36_1_10_11.xlsx:cycle45,66,0.5884061052384624,1925.890378028702,1.0998904705047607,25.0,0.10875551402568817
CS2_36,CS2_36_1_10_11.xlsx,46,CS2_36:CS2_36_1_10_11.xlsx:cycle46,66,0.5876103025185415,1923.2809826675718,1.0998904705047607,25.0,0.11027820408344269
CS2_36,CS2_36_1_10_11.xlsx,47,CS2_36:CS2_36_1_10_11.xlsx:cycle47,66,0.5870215894134674,1921.3437450453434,1.0998904705047607,25.0,0.10814106464385986
CS2_36,CS2_36_1_10_11.xlsx,48,CS2_36:CS2_36_1_10_11.xlsx:cycle48,66,0.5881321938698818,1924.968843295598,1.0998904705047607,25.0,0.1110890731215477
CS2_36,CS2_36_1_10_11.xlsx,49,CS2_36:CS2_36_1_10_11.xlsx:cycle49,66,0.5881978492992701,1925.2030926019463,1.0998904705047607,25.0,0.11037873476743698
CS2_36,CS2_36_1_10_11.xlsx,50,CS2_36:CS2_36_1_10_11.xlsx:cycle50,66,0.5876961668886338,1923.56262357838,1.0998904705047607,25.0,0.11098799109458923
CS2_36,CS2_36_1_18_11.xlsx,1,CS2_36:CS2_36_1_18_11.xlsx:cycle1,70,0.6240410372620651,2042.4996675780408,1.0998904705047607,25.0,0.10855759680271149
CS2_36,CS2_36_1_18_11.xlsx,2,CS2_36:CS2_36_1_18_11.xlsx:cycle2,68,0.6117895251638741,2002.4220285901015,1.0998904705047607,25.0,0.10946733504533768
CS2_36,CS2_36_1_18_11.xlsx,3,CS2_36:CS2_36_1_18_11.xlsx:cycle3,67,0.6002764997962511,1964.719148216324,1.0998904705047607,25.0,0.11179812252521515
CS2_36,CS2_36_1_18_11.xlsx,4,CS2_36:CS2_36_1_18_11.xlsx:cycle4,66,0.5911207719329792,1934.7660397988063,1.0998904705047607,25.0,0.1120019480586052
CS2_36,CS2_36_1_18_11.xlsx,5,CS2_36:CS2_36_1_18_11.xlsx:cycle5,65,0.5837923156880622,1910.7787814202318,1.0998904705047607,25.0,0.1110890731215477
CS2_36,CS2_36_1_18_11.xlsx,6,CS2_36:CS2_36_1_18_11.xlsx:cycle6,65,0.5788972196624069,1894.7658278328297,1.0998904705047607,25.0,0.1110890731215477
CS2_36,CS2_36_1_18_11.xlsx,7,CS2_36:CS2_36_1_18_11.xlsx:cycle7,64,0.5747096228583479,1881.0787020890527,1.0998904705047607,25.0,0.11098799109458923
CS2_36,CS2_36_1_18_11.xlsx,8,CS2_36:CS2_36_1_18_11.xlsx:cycle8,64,0.5729886444422609,1875.4073931321138,1.0998904705047607,25.0,0.11027820408344269
CS2_36,CS2_36_1_18_11.xlsx,9,CS2_36:CS2_36_1_18_11.xlsx:cycle9,64,0.5701477850503007,1866.1260735529318,1.0998904705047607,25.0,0.11119034141302109
CS2_36,CS2_36_1_18_11.xlsx,10,CS2_36:CS2_36_1_18_11.xlsx:cycle10,65,0.5855914388069312,1916.657559544172,1.0998904705047607,25.0,0.10814106464385986
CS2_36,CS2_36_1_18_11.xlsx,11,CS2_36:CS2_36_1_18_11.xlsx:cycle11,65,0.5788734692414046,1894.6912416360776,1.0998904705047607,25.0,0.1110890731215477
CS2_36,CS2_36_1_18_11.xlsx,12,CS2_36:CS2_36_1_18_11.xlsx:cycle12,65,0.5778892932889264,1891.4709945795676,1.0998904705047607,25.0,0.1112917885184288
CS2_36,CS2_36_1_18_11.xlsx,13,CS2_36:CS2_36_1_18_11.xlsx:cycle13,64,0.5739734799169174,1878.674320565486,1.0998904705047607,25.0,0.11098799109458923
CS2_36,CS2_36_1_18_11.xlsx,14,CS2_36:CS2_36_1_18_11.xlsx:cycle14,63,0.5677202811269639,1858.2054760518522,1.0998904705047607,25.0,0.11037873476743698
CS2_36,CS2_36_1_18_11.xlsx,15,CS2_36:CS2_36_1_18_11.xlsx:cycle15,63,0.5607166046945284,1835.3305063438877,1.0998904705047607,25.0,0.1112917885184288
CS2_36,CS2_36_1_18_11.xlsx,16,CS2_36:CS2_36_1_18_11.xlsx:cycle16,62,0.557332891981714,1824.2212761239552,1.0998904705047607,25.0,0.11037873476743698
CS2_36,CS2_36_1_18_11.xlsx,17,CS2_36:CS2_36_1_18_11.xlsx:cycle17,62,0.5546624470576198,1815.471632199096,1.0998904705047607,25.0,0.1110890731215477
CS2_36,CS2_36_1_18_11.xlsx,18,CS2_36:CS2_36_1_18_11.xlsx:cycle18,62,0.5533132352713697,1811.0810163785122,1.0998904705047607,25.0,0.11139342933893204
CS2_36,CS2_36_1_18_11.xlsx,19,CS2_36:CS2_36_1_18_11.xlsx:cycle19,62,0.5508900966206749,1803.0341462922977,1.0998904705047607,25.0,0.11271081119775772
CS2_36,CS2_36_1_18_11.xlsx,20,CS2_36:CS2_36_1_18_11.xlsx:cycle20,61,0.5486068818859646,1795.5811592904624,1.0998904705047607,25.0,0.1120019480586052
CS2_36,CS2_36_1_18_11.xlsx,21,CS2_36:CS2_36_1_18_11.xlsx:cycle21,62,0.5525975516785149,1808.643633700916,1.0998904705047607,25.0,0.11189994215965271
CS2_36,CS2_36_1_18_11.xlsx,22,CS2_36:CS2_36_1_18_11.xlsx:cycle22,65,0.5852786426516197,1915.585631173849,1.0998904705047607,25.0,0.1080423891544342
CS2_36,CS2_36_1_18_11.xlsx,23,CS2_36:CS2_36_1_18_11.xlsx:cycle23,62,0.5570695016543201,1823.3150501349517,1.0998904705047607,25.0,0.11119034141302109
CS2_36,CS2_36_1_18_11.xlsx,24,CS2_36:CS2_36_1_18_11.xlsx:cycle24,61,0.5495328901893064,1798.6575103739322,1.0998904705047607,25.0,0.1120019480586052
CS2_36,CS2_36_1_18_11.xlsx,25,CS2_36:CS2_36_1_18_11.xlsx:cycle25,61,0.5416271522335734,1772.7671266764858,1.0998904705047607,25.0,0.110479436814785
CS2_36,CS2_36_1_18_11.xlsx,26,CS2_36:CS2_36_1_18_11.xlsx:cycle26,60,0.5358429118177614,1753.8611896241403,1.0998904705047607,25.0,0.11189994215965271
CS2_36,CS2_36_1_18_11.xlsx,27,CS2_36:CS2_36_1_18_11.xlsx:cycle27,59,0.5311670220354614,1738.5648566758691,1.0998904705047607,25.0,0.11260825395584106
CS2_36,CS2_36_1_18_11.xlsx,28,CS2_36:CS2_36_1_18_11.xlsx:cycle28,45,0.3993213106012874,1307.009394282288,1.0998904705047607,25.0,0.112104132771492
CS2_36,CS2_36_1_18_11.xlsx,29,CS2_36:CS2_36_1_18_11.xlsx:cycle29,59,0.5257707766516635,1720.892889200392,1.0998904705047607,25.0,0.11027820408344269
CS2_36,CS2_36_1_18_11.xlsx,30,CS2_36:CS2_36_1_18_11.xlsx:cycle30,59,0.5234716034854614,1713.392985457602,1.0998904705047607,25.0,0.11189994215965271
CS2_36,CS2_36_1_18_11.xlsx,31,CS2_36:CS2_36_1_18_11.xlsx:cycle31,58,0.5197530254364082,1701.1901918311792,1.0998904705047607,25.0,0.11119034141302109
CS2_36,CS2_36_1_18_11.xlsx,32,CS2_36:CS2_36_1_18_11.xlsx:cycle32,58,0.5173493937651266,1693.3620320934483,1.0998904705047607,25.0,0.11341837793588638
CS2_36,CS2_36_1_18_11.xlsx,33,CS2_36:CS2_36_1_18_11.xlsx:cycle33,58,0.5214575545236109,1706.7838155175205,1.0998904705047607,25.0,0.1112917885184288
CS2_36,CS2_36_1_18_11.xlsx,34,CS2_36:CS2_36_1_18_11.xlsx:cycle34,58,0.518736390475226,1697.8934849683055,1.0998904705047607,25.0,0.11189994215965271
CS2_36,CS2_36_1_18_11.xlsx,35,CS2_36:CS2_36_1_18_11.xlsx:cycle35,58,0.5209858458967922,1705.2213813558405,1.0998904705047607,25.0,0.11119034141302109
CS2_36,CS2_36_1_18_11.xlsx,36,CS2_36:CS2_36_1_18_11.xlsx:cycle36,58,0.5178406222976761,1694.9402699828802,1.0998904705047607,25.0,0.1112917885184288
CS2_36,CS2_36_1_18_11.xlsx,37,CS2_36:CS2_36_1_18_11.xlsx:cycle37,57,0.5101955065481185,1669.9251766032262,1.0998904705047607,25.0,0.1112917885184288
CS2_36,CS2_36_1_18_11.xlsx,38,CS2_36:CS2_36_1_18_11.xlsx:cycle38,57,0.507888224357437,1662.3934537474165,1.0998904705047607,25.0,0.110479436814785
CS2_36,CS2_36_1_18_11.xlsx,39,CS2_36:CS2_36_1_18_11.xlsx:cycle39,57,0.5045790490707631,1651.565761586955,1.0998904705047607,25.0,0.11271081119775772
CS2_36,CS2_36_1_18_11.xlsx,40,CS2_36:CS2_36_1_18_11.xlsx:cycle40,55,0.4914303254423906,1608.5328657696875,1.0998904705047607,25.0,0.1142285093665123
CS2_36,CS2_36_1_18_11.xlsx,41,CS2_36:CS2_36_1_18_11.xlsx:cycle41,55,0.4880746118528094,1597.5197996502823,1.0998904705047607,25.0,0.1129164844751358
CS2_36,CS2_36_1_18_11.xlsx,42,CS2_36:CS2_36_1_18_11.xlsx:cycle42,54,0.4831854171037513,1581.5355486836424,1.0998904705047607,25.0,0.11189994215965271
CS2_36,CS2_36_1_18_11.xlsx,43,CS2_36:CS2_36_1_18_11.xlsx:cycle43,54,0.4814662647423411,1575.9106961604305,1.0998904705047607,25.0,0.11352168023586273
CS2_36,CS2_36_1_18_11.xlsx,44,CS2_36:CS2_36_1_18_11.xlsx:cycle44,54,0.48266048415499085,1579.8325397263181,1.0998904705047607,25.0,0.1128135547041893
CS2_36,CS2_36_1_18_11.xlsx,45,CS2_36:CS2_36_1_18_11.xlsx:cycle45,54,0.48554740129768703,1589.269965921219,1.0998904705047607,25.0,0.11352168023586273
CS2_36,CS2_36_1_18_11.xlsx,46,CS2_36:CS2_36_1_18_11.xlsx:cycle46,54,0.4848300200533586,1586.9237316334559,1.0998904705047607,25.0,0.1120019480586052
CS2_36,CS2_36_1_18_11.xlsx,47,CS2_36:CS2_36_1_18_11.xlsx:cycle47,54,0.48143935600523236,1575.8013893442119,1.0998904705047607,25.0,0.1128135547041893
CS2_36,CS2_36_1_18_11.xlsx,48,CS2_36:CS2_36_1_18_11.xlsx:cycle48,54,0.47769954173985596,1563.5650608034641,1.0998904705047607,25.0,0.1128135547041893
CS2_36,CS2_36_1_18_11.xlsx,49,CS2_36:CS2_36_1_18_11.xlsx:cycle49,53,0.4721784373855904,1545.5206039849315,1.0998904705047607,25.0,0.113625168800354
CS2_36,CS2_36_1_18_11.xlsx,50,CS2_36:CS2_36_1_18_11.xlsx:cycle50,53,0.46780467591148067,1531.2080321219808,1.0998904705047607,25.0,0.113625168800354
CS2_36,CS2_36_1_24_11.xlsx,1,CS2_36:CS2_36_1_24_11.xlsx:cycle1,56,0.496016428451054,1623.5351930704217,1.0998904705047607,25.0,0.11179812252521515
CS2_36,CS2_36_1_24_11.xlsx,2,CS2_36:CS2_36_1_24_11.xlsx:cycle2,54,0.4816064852957129,1576.3798329235944,1.0998904705047607,25.0,0.1120019480586052
CS2_36,CS2_36_1_24_11.xlsx,3,CS2_36:CS2_36_1_24_11.xlsx:cycle3,53,0.46930925253577704,1536.1302235124465,1.0998904705047607,25.0,0.11412467062473297
CS2_36,CS2_36_1_24_11.xlsx,4,CS2_36:CS2_36_1_24_11.xlsx:cycle4,52,0.460884780482973,1508.5525051127427,1.0998904705047607,25.0,0.11503864079713821
CS2_36,CS2_36_1_24_11.xlsx,5,CS2_36:CS2_36_1_24_11.xlsx:cycle5,51,0.4554691206120749,1490.8342800942348,1.0998904705047607,25.0,0.11352168023586273
CS2_36,CS2_36_1_24_11.xlsx,6,CS2_36:CS2_36_1_24_11.xlsx:cycle6,51,0.4506823335069532,1475.178393181853,1.0998904705047607,25.0,0.1145411804318428
CS2_36,CS2_36_1_24_11.xlsx,7,CS2_36:CS2_36_1_24_11.xlsx:cycle7,50,0.44674749376896905,1462.3052846995588,1.0998904705047607,25.0,0.11271081119775772
CS2_36,CS2_36_1_24_11.xlsx,8,CS2_36:CS2_36_1_24_11.xlsx:cycle8,36,0.3147102161556039,1030.092002536707,1.0998904705047607,25.0,0.11676515638828278
CS2_36,CS2_36_1_24_11.xlsx,9,CS2_36:CS2_36_1_24_11.xlsx:cycle9,50,0.44143497807704923,1444.8974049820322,1.0998904705047607,25.0,0.11524838209152222
CS2_36,CS2_36_1_24_11.xlsx,10,CS2_36:CS2_36_1_24_11.xlsx:cycle10,49,0.43938552456082736,1438.1944425371696,1.0998904705047607,25.0,0.11503864079713821
CS2_36,CS2_36_1_24_11.xlsx,11,CS2_36:CS2_36_1_24_11.xlsx:cycle11,50,0.44044665469963284,1441.6630555330207,1.0998904705047607,25.0,0.113625168800354
CS2_36,CS2_36_1_24_11.xlsx,12,CS2_36:CS2_36_1_24_11.xlsx:cycle12,50,0.44377676458720305,1452.5538247759803,1.0998904705047607,25.0,0.1128135547041893
CS2_36,CS2_36_1_24_11.xlsx,13,CS2_36:CS2_36_1_24_11.xlsx:cycle13,51,0.4514267366309257,1477.5851807169406,1.0998904705047607,25.0,0.1129164844751358
CS2_36,CS2_36_1_24_11.xlsx,14,CS2_36:CS2_36_1_24_11.xlsx:cycle14,48,0.43054474016825317,1409.242131910685,1.0998904705047607,25.0,0.11514341831207275
CS2_36,CS2_36_1_24_11.xlsx,15,CS2_36:CS2_36_1_24_11.xlsx:cycle15,48,0.425503042922764,1392.7422002490823,1.0998904705047607,25.0,0.1153535321354866
CS2_36,CS2_36_1_24_11.xlsx,16,CS2_36:CS2_36_1_24_11.xlsx:cycle16,47,0.41779158280832895,1367.492537350011,1.0998904705047607,25.0,0.11524838209152222
CS2_36,CS2_36_1_24_11.xlsx,17,CS2_36:CS2_36_1_24_11.xlsx:cycle17,47,0.41809486145073116,1368.5082330061075,1.0998904705047607,25.0,0.11433254927396774
CS2_36,CS2_36_1_24_11.xlsx,18,CS2_36:CS2_36_1_24_11.xlsx:cycle18,45,0.40016294810018493,1309.821580009408,1.0998904705047607,25.0,0.11514341831207275
CS2_36,CS2_36_1_24_11.xlsx,19,CS2_36:CS2_36_1_24_11.xlsx:cycle19,45,0.3965087110309433,1297.8371825133408,1.0998904705047607,25.0,0.1153535321354866
CS2_36,CS2_36_1_24_11.xlsx,20,CS2_36:CS2_36_1_24_11.xlsx:cycle20,44,0.3898991624520374,1276.1969529377063,1.0998904705047607,25.0,0.11757602542638779
CS2_36,CS2_36_1_24_11.xlsx,21,CS2_36:CS2_36_1_24_11.xlsx:cycle21,44,0.38872384379505576,1272.3711456738333,1.0998904705047607,25.0,0.11676515638828278
CS2_36,CS2_36_1_24_11.xlsx,22,CS2_36:CS2_36_1_24_11.xlsx:cycle22,44,0.38632069543870884,1264.509620248543,1.0998904705047607,25.0,0.11676515638828278
CS2_36,CS2_36_1_24_11.xlsx,23,CS2_36:CS2_36_1_24_11.xlsx:cycle23,43,0.38375189008027455,1256.0877937856653,1.0998904705047607,25.0,0.11605998873710632
CS2_36,CS2_36_1_24_11.xlsx,24,CS2_36:CS2_36_1_24_11.xlsx:cycle24,44,0.38561030228422943,1262.1810835686636,1.0998904705047607,25.0,0.11746903508901596
CS2_36,CS2_36_1_24_11.xlsx,25,CS2_36:CS2_36_1_24_11.xlsx:cycle25,45,0.3972632284349231,1300.3216660257103,1.0997085571289062,25.0,0.11584877222776413
CS2_36,CS2_36_1_24_11.xlsx,26,CS2_36:CS2_36_1_24_11.xlsx:cycle26,45,0.3948483047173159,1292.431199465206,1.0998904705047607,25.0,0.11676515638828278
CS2_36,CS2_36_1_24_11.xlsx,27,CS2_36:CS2_36_1_24_11.xlsx:cycle27,45,0.3964938358401682,1297.8060277109873,1.0998904705047607,25.0,0.11605998873710632
CS2_36,CS2_36_1_24_11.xlsx,28,CS2_36:CS2_36_1_24_11.xlsx:cycle28,45,0.4011144784286049,1312.930540580755,1.0998904705047607,25.0,0.11524838209152222
CS2_36,CS2_36_1_24_11.xlsx,29,CS2_36:CS2_36_1_24_11.xlsx:cycle29,45,0.39942600111835525,1307.444382882723,1.0998904705047607,25.0,0.11595428735017776
CS2_36,CS2_36_1_24_11.xlsx,30,CS2_36:CS2_36_1_24_11.xlsx:cycle30,43,0.3848214421278193,1259.6191894352078,1.0998904705047607,25.0,0.11605998873710632
CS2_36,CS2_36_1_24_11.xlsx,31,CS2_36:CS2_36_1_24_11.xlsx:cycle31,43,0.3807197270243119,1246.2131542355564,1.0997085571289062,25.0,0.11676515638828278
CS2_36,CS2_36_1_24_11.xlsx,32,CS2_36:CS2_36_1_24_11.xlsx:cycle32,43,0.38250491925766283,1252.0566002259477,1.0997085571289062,25.0,0.11524838209152222
CS2_36,CS2_36_1_24_11.xlsx,33,CS2_36:CS2_36_1_24_11.xlsx:cycle33,42,0.37526186640505266,1228.354005206052,1.0997085571289062,25.0,0.11665890365839005
CS2_36,CS2_36_1_24_11.xlsx,34,CS2_36:CS2_36_1_24_11.xlsx:cycle34,42,0.37387047533107953,1223.775926841127,1.0998904705047607,25.0,0.1188729777932167
CS2_36,CS2_36_1_24_11.xlsx,35,CS2_36:CS2_36_1_24_11.xlsx:cycle35,43,0.3759784453131907,1230.6976105216077,1.0998904705047607,25.0,0.1161658763885498
CS2_36,CS2_36_1_24_11.xlsx,36,CS2_36:CS2_36_1_24_11.xlsx:cycle36,42,0.3720701777340949,1217.8385742415712,1.0998904705047607,25.0,0.11676515638828278
CS2_36,CS2_36_1_24_11.xlsx,37,CS2_36:CS2_36_1_24_11.xlsx:cycle37,42,0.3730703248226632,1221.1039402183135,1.0998904705047607,25.0,0.11595428735017776
CS2_36,CS2_36_1_24_11.xlsx,38,CS2_36:CS2_36_1_24_11.xlsx:cycle38,43,0.37759622220590394,1235.9164828021378,1.0998904705047607,25.0,0.1161658763885498
CS2_36,CS2_36_1_24_11.xlsx,39,CS2_36:CS2_36_1_24_11.xlsx:cycle39,43,0.3823382970381086,1251.450628307474,1.0998904705047607,25.0,0.11464578658342361
CS2_36,CS2_36_1_24_11.xlsx,40,CS2_36:CS2_36_1_24_11.xlsx:cycle40,43,0.3795518296035425,1242.3382619266479,1.0998904705047607,25.0,0.11514341831207275
CS2_36,CS2_36_1_24_11.xlsx,41,CS2_36:CS2_36_1_24_11.xlsx:cycle41,43,0.3783781380652087,1238.4632199697708,1.0998904705047607,25.0,0.11524838209152222
CS2_36,CS2_36_1_24_11.xlsx,42,CS2_36:CS2_36_1_24_11.xlsx:cycle42,42,0.37322927691765173,1221.6354463200591,1.0998904705047607,25.0,0.11817164719104767
CS2_36,CS2_36_1_24_11.xlsx,43,CS2_36:CS2_36_1_24_11.xlsx:cycle43,42,0.36768719404437533,1203.4928067097999,1.0998904705047607,25.0,0.11757602542638779
CS2_36,CS2_36_1_24_11.xlsx,44,CS2_36:CS2_36_1_24_11.xlsx:cycle44,41,0.3622937956764076,1185.8548221351675,1.0998904705047607,25.0,0.11676515638828278
CS2_36,CS2_36_1_24_11.xlsx,45,CS2_36:CS2_36_1_24_11.xlsx:cycle45,41,0.35919026303507806,1175.6673119501681,1.0998904705047607,25.0,0.11605998873710632
CS2_36,CS2_36_1_24_11.xlsx,46,CS2_36:CS2_36_1_24_11.xlsx:cycle46,40,0.35578172634457417,1164.5268361616645,1.0998904705047607,25.0,0.11746903508901596
CS2_36,CS2_36_1_24_11.xlsx,47,CS2_36:CS2_36_1_24_11.xlsx:cycle47,40,0.353519684724958,1157.1207563269224,1.0998904705047607,25.0,0.11687160283327103
CS2_36,CS2_36_1_24_11.xlsx,48,CS2_36:CS2_36_1_24_11.xlsx:cycle48,40,0.3513254704097264,1149.917709302415,1.0998904705047607,25.0,0.11676515638828278
CS2_36,CS2_36_1_24_11.xlsx,49,CS2_36:CS2_36_1_24_11.xlsx:cycle49,40,0.3494830558886086,1143.9178616609859,1.0998904705047607,25.0,0.11757602542638779
CS2_36,CS2_36_1_24_11.xlsx,50,CS2_36:CS2_36_1_24_11.xlsx:cycle50,40,0.349583965406449,1144.2458187259012,1.0998904705047607,25.0,0.11746903508901596
CS2_36,CS2_36_1_28_11.xlsx,1,CS2_36:CS2_36_1_28_11.xlsx:cycle1,46,0.404530070911721,1324.1020467214441,1.0998904705047607,25.0,0.1137288361787796
CS2_36,CS2_36_1_28_11.xlsx,2,CS2_36:CS2_36_1_28_11.xlsx:cycle2,44,0.38818487176777,1270.5876506855545,1.0998904705047607,25.0,0.11665890365839005
CS2_36,CS2_36_1_28_11.xlsx,3,CS2_36:CS2_36_1_28_11.xlsx:cycle3,43,0.376006793075363,1230.7601583099417,1.0998904705047607,25.0,0.11584877222776413
CS2_36,CS2_36_1_28_11.xlsx,4,CS2_36:CS2_36_1_28_11.xlsx:cycle4,41,0.3659036852705311,1197.6671601761311,1.0998904705047607,25.0,0.11595428735017776
CS2_36,CS2_36_1_28_11.xlsx,5,CS2_36:CS2_36_1_28_11.xlsx:cycle5,41,0.36046959309443194,1179.8858369675188,1.0998904705047607,25.0,0.11655285954475403
CS2_36,CS2_36_1_28_11.xlsx,6,CS2_36:CS2_36_1_28_11.xlsx:cycle6,40,0.3529584292443937,1155.308152465375,1.0998904705047607,25.0,0.11665890365839005
CS2_36,CS2_36_1_28_11.xlsx,7,CS2_36:CS2_36_1_28_11.xlsx:cycle7,39,0.346617667105352,1134.5585512546654,1.0998904705047607,25.0,0.1161658763885498
CS2_36,CS2_36_1_28_11.xlsx,8,CS2_36:CS2_36_1_28_11.xlsx:cycle8,39,0.346131286937192,1132.9648721158887,1.0998904705047607,25.0,0.11605998873710632
CS2_36,CS2_36_1_28_11.xlsx,9,CS2_36:CS2_36_1_28_11.xlsx:cycle9,39,0.34392924122926516,1125.7620158568282,1.0998904705047607,25.0,0.11595428735017776
CS2_36,CS2_36_1_28_11.xlsx,10,CS2_36:CS2_36_1_28_11.xlsx:cycle10,39,0.341075401548959,1116.4183424777907,1.0998904705047607,25.0,0.11757602542638779
CS2_36,CS2_36_1_28_11.xlsx,11,CS2_36:CS2_36_1_28_11.xlsx:cycle11,38,0.3387374274433168,1108.7466387565935,1.0998904705047607,25.0,0.11605998873710632
CS2_36,CS2_36_1_28_11.xlsx,12,CS2_36:CS2_36_1_28_11.xlsx:cycle12,38,0.3357653694406273,1099.0435886050618,1.0998904705047607,25.0,0.11746903508901596
CS2_36,CS2_36_1_28_11.xlsx,13,CS2_36:CS2_36_1_28_11.xlsx:cycle13,38,0.3354103726591715,1097.871857766279,1.0997085571289062,25.0,0.11827916651964188
CS2_36,CS2_36_1_28_11.xlsx,14,CS2_36:CS2_36_1_28_11.xlsx:cycle14,39,0.3393988962139156,1110.9183645053827,1.0998904705047607,25.0,0.11687160283327103
CS2_36,CS2_36_1_28_11.xlsx,15,CS2_36:CS2_36_1_28_11.xlsx:cycle15,38,0.3321877302289362,1087.3095351082698,1.0998904705047607,25.0,0.11817164719104767
CS2_36,CS2_36_1_28_11.xlsx,16,CS2_36:CS2_36_1_28_11.xlsx:cycle16,37,0.3272621505299247,1071.2002658976987,1.0998904705047607,25.0,0.11898104101419449
CS2_36,CS2_36_1_28_11.xlsx,17,CS2_36:CS2_36_1_28_11.xlsx:cycle17,36,0.31414522425392377,1028.263624937151,1.0998904705047607,25.0,0.1183868944644928
CS2_36,CS2_36_1_28_11.xlsx,18,CS2_36:CS2_36_1_28_11.xlsx:cycle18,38,0.33116675696493214,1083.9658692591536,1.0998904705047607,25.0,0.11768320947885513
CS2_36,CS2_36_1_28_11.xlsx,19,CS2_36:CS2_36_1_28_11.xlsx:cycle19,38,0.33380446791019835,1092.6064311780904,1.0998904705047607,25.0,0.11665890365839005
CS2_36,CS2_36_1_28_11.xlsx,20,CS2_36:CS2_36_1_28_11.xlsx:cycle20,37,0.32600713470820075,1067.075680817576,1.0998904705047607,25.0,0.11736225336790085
CS2_36,CS2_36_1_28_11.xlsx,21,CS2_36:CS2_36_1_28_11.xlsx:cycle21,35,0.30438518681918136,996.295327002298,1.0998904705047607,25.0,0.1169782280921936
CS2_36,CS2_36_1_28_11.xlsx,22,CS2_36:CS2_36_1_28_11.xlsx:cycle22,34,0.30237197337207,989.7173669518646,1.0998904705047607,25.0,0.1169782280921936
CS2_36,CS2_36_1_28_11.xlsx,23,CS2_36:CS2_36_1_28_11.xlsx:cycle23,34,0.30081086800443835,984.6080742774298,1.0998904705047607,25.0,0.11919776350259781
CS2_36,CS2_36_1_28_11.xlsx,24,CS2_36:CS2_36_1_28_11.xlsx:cycle24,35,0.3082564625774076,1008.9669149935222,1.0998904705047607,25.0,0.11827916651964188
CS2_36,CS2_36_1_28_11.xlsx,25,CS2_36:CS2_36_1_28_11.xlsx:cycle25,36,0.3162563503825826,1035.1541040713007,1.0998904705047607,25.0,0.11768320947885513
CS2_36,CS2_36_1_28_11.xlsx,26,CS2_36:CS2_36_1_28_11.xlsx:cycle26,36,0.31888085240049335,1043.7478071586108,1.0998904705047607,25.0,0.1153535321354866
CS2_36,CS2_36_1_28_11.xlsx,27,CS2_36:CS2_36_1_28_11.xlsx:cycle27,36,0.3197606632948915,1046.6383462514266,1.0998904705047607,25.0,0.11595428735017776
CS2_36,CS2_36_1_28_11.xlsx,28,CS2_36:CS2_36_1_28_11.xlsx:cycle28,36,0.31815122627508785,1041.357155654477,1.0998904705047607,25.0,0.11676515638828278
CS2_36,CS2_36_1_28_11.xlsx,29,CS2_36:CS2_36_1_28_11.xlsx:cycle29,36,0.3196819199526004,1046.372808945757,1.0998904705047607,25.0,0.11605998873710632
CS2_36,CS2_36_1_28_11.xlsx,30,CS2_36:CS2_36_1_28_11.xlsx:cycle30,37,0.3231576323184875,1057.7634693914065,1.0998904705047607,25.0,0.11595428735017776
CS2_36,CS2_36_1_28_11.xlsx,31,CS2_36:CS2_36_1_28_11.xlsx:cycle31,37,0.327762353400173,1072.8100189826953,1.0998904705047607,25.0,0.11584877222776413
CS2_36,CS2_36_1_28_11.xlsx,32,CS2_36:CS2_36_1_28_11.xlsx:cycle32,37,0.3267882234173918,1069.6390687139485,1.0998904705047607,25.0,0.11514341831207275
CS2_36,CS2_36_1_28_11.xlsx,33,CS2_36:CS2_36_1_28_11.xlsx:cycle33,37,0.3243255090633781,1061.5603314398963,1.0998904705047607,25.0,0.11524838209152222
CS2_36,CS2_36_1_28_11.xlsx,34,CS2_36:CS2_36_1_28_11.xlsx:cycle34,36,0.3188646260425454,1043.6854844712975,1.0998904705047607,25.0,0.11757602542638779
CS2_36,CS2_36_1_28_11.xlsx,35,CS2_36:CS2_36_1_28_11.xlsx:cycle35,36,0.314011382082942,1027.8107508255189,1.0998904705047607,25.0,0.11746903508901596
CS2_36,CS2_36_1_28_11.xlsx,36,CS2_36:CS2_36_1_28_11.xlsx:cycle36,36,0.3118447363830583,1020.7327287115579,1.0998904705047607,25.0,0.11605998873710632
CS2_36,CS2_36_1_28_11.xlsx,37,CS2_36:CS2_36_1_28_11.xlsx:cycle37,35,0.3108846083966892,1017.5763752926523,1.0998904705047607,25.0,0.1161658763885498
CS2_36,CS2_36_1_28_11.xlsx,38,CS2_36:CS2_36_1_28_11.xlsx:cycle38,35,0.30833870975059874,1009.2328288426539,1.0998904705047607,25.0,0.1153535321354866
CS2_36,CS2_36_1_28_11.xlsx,39,CS2_36:CS2_36_1_28_11.xlsx:cycle39,35,0.30614658317398025,1002.0611473807799,1.0998904705047607,25.0,0.11757602542638779
CS2_36,CS2_36_1_28_11.xlsx,40,CS2_36:CS2_36_1_28_11.xlsx:cycle40,33,0.288232502527233,943.436815908495,1.0998904705047607,25.0,0.1186029240489006
CS2_36,CS2_36_1_28_11.xlsx,41,CS2_36:CS2_36_1_28_11.xlsx:cycle41,32,0.2818647475614853,922.5936670632963,1.0998904705047607,25.0,0.1183868944644928
CS2_36,CS2_36_1_28_11.xlsx,42,CS2_36:CS2_36_1_28_11.xlsx:cycle42,32,0.27918388650006243,913.826088484762,1.0998904705047607,25.0,0.11930642277002335
CS2_36,CS2_36_1_28_11.xlsx,43,CS2_36:CS2_36_1_28_11.xlsx:cycle43,32,0.27723104777766494,907.4378782843395,1.0998904705047607,25.0,0.11930642277002335
CS2_36,CS2_36_1_28_11.xlsx,44,CS2_36:CS2_36_1_28_11.xlsx:cycle44,32,0.28364301635032163,928.4216561854158,1.0998904705047607,25.0,0.11849481612443924
CS2_36,CS2_36_1_28_11.xlsx,45,CS2_36:CS2_36_1_28_11.xlsx:cycle45,32,0.28200786742500306,923.0778333446438,1.0998904705047607,25.0,0.1183868944644928
CS2_36,CS2_36_1_28_11.xlsx,46,CS2_36:CS2_36_1_28_11.xlsx:cycle46,32,0.280166719937311,917.046815602733,1.0997085571289062,25.0,0.11757602542638779
CS2_36,CS2_36_1_28_11.xlsx,47,CS2_36:CS2_36_1_28_11.xlsx:cycle47,32,0.2768840622028126,906.2969640550297,1.0998904705047607,25.0,0.11919776350259781
CS2_36,CS2_36_1_28_11.xlsx,48,CS2_36:CS2_36_1_28_11.xlsx:cycle48,31,0.27332371300122027,894.6408984280051,1.0998904705047607,25.0,0.11849481612443924
CS2_36,CS2_36_1_28_11.xlsx,49,CS2_36:CS2_36_1_28_11.xlsx:cycle49,31,0.27309580731694716,893.9065992485115,1.0998904705047607,25.0,0.12070956081151962
CS2_36,CS2_36_1_28_11.xlsx,50,CS2_36:CS2_36_1_28_11.xlsx:cycle50,31,0.2702863605817001,884.703514163762,1.0998904705047607,25.0,0.11898104101419449
NASA,B0005,0,NASA:B0005:discharge0,197,1.8564874208181574,3690.234,2.012427484501588,24.0,
NASA,B0005,1,NASA:B0005:discharge1,196,1.846327249719927,3672.344,2.0123677195748773,24.0,
NASA,B0005,2,NASA:B0005:discharge2,195,1.8353491942234077,3651.641,2.0124219555608507,24.0,
NASA,B0005,3,NASA:B0005:discharge3,194,1.8352625275821128,3631.563,2.0119430206140008,24.0,
NASA,B0005,4,NASA:B0005:discharge4,194,1.8346455082120419,3629.172,2.012480691655285,24.0,
NASA,B0005,5,NASA:B0005:discharge5,195,1.8356616600675495,3652.281,2.0125711470781713,24.0,
NASA,B0005,6,NASA:B0005:discharge6,195,1.8351461429226603,3650.828,2.0126074605530833,24.0,
NASA,B0005,7,NASA:B0005:discharge7,191,1.8257567905665537,3572.453,2.012705452409922,24.0,
NASA,B0006,0,NASA:B0006:discharge0,197,2.035337591005598,3690.234,2.010774648928528,24.0,
NASA,B0006,1,NASA:B0006:discharge1,196,2.0251402460314116,3672.344,2.010666626016543,24.0,
NASA,B0006,2,NASA:B0006:discharge2,195,2.013326371345464,3651.641,2.010582658201089,24.0,
NASA,B0006,3,NASA:B0006:discharge3,194,2.0132846655407413,3631.563,2.010103928654742,24.0,
NASA,B0006,4,NASA:B0006:discharge4,194,2.000528337624771,3629.172,2.0101928560313973,24.0,
NASA,B0006,5,NASA:B0006:discharge5,195,2.0138990759931645,3652.281,2.010659501746528,24.0,
NASA,B0006,6,NASA:B0006:discharge6,195,2.013101105626967,3650.828,2.010653097918857,24.0,
NASA,B0006,7,NASA:B0006:discharge7,191,1.9687898262728398,3572.453,2.0101191139797367,24.0,
NASA,B0007,0,NASA:B0007:discharge0,197,1.89105229539079,3690.234,1.9900238632384368,24.0,
NASA,B0007,1,NASA:B0007:discharge1,196,1.880637027686859,3672.344,1.9895728923137816,24.0,
NASA,B0007,2,NASA:B0007:discharge2,195,1.8806626717011388,3651.641,1.9897621133172154,24.0,
NASA,B0007,3,NASA:B0007:discharge3,194,1.8807709009833444,3631.563,1.9898259516214711,24.0,
NASA,B0007,4,NASA:B0007:discharge4,194,1.8794508728285058,3629.172,1.9895104894153857,24.0,
NASA,B0007,5,NASA:B0007:discharge5,195,1.8807003517117404,3652.281,1.989739464822645,24.0,
NASA,B0007,6,NASA:B0007:discharge6,195,1.8799352523566075,3650.828,1.989414284315373,24.0,
NASA,B0007,7,NASA:B0007:discharge7,191,1.8815088124038797,3572.453,1.989427300344076,24.0,
NASA,B0018,0,NASA:B0018:discharge0,366,1.8550045207910817,3434.891,2.008958921796279,24.0,
NASA,B0018,1,NASA:B0018:discharge1,362,1.8431955317089987,3425.485,2.0084632280562964,24.0,
NASA,B0018,2,NASA:B0018:discharge2,358,1.8396018424355423,3410.375,2.0081571632893045,24.0,
NASA,B0018,3,NASA:B0018:discharge3,355,1.8306736044962053,3404.719,2.008283096115818,24.0,
NASA,B0018,4,NASA:B0018:discharge4,354,1.8327002069419656,3417.641,2.0093781219890676,24.0,
NASA,B0018,5,NASA:B0018:discharge5,351,1.8285288846046388,3411.766,2.008645555067902,24.0,
NASA,B0018,6,NASA:B0018:discharge6,348,1.8212011895697924,3399.516,2.0085548118447307,24.0,
NASA,B0018,7,NASA:B0018:discharge7,345,1.8151700106433282,3388.75,2.0086553493108474,24.0,
Oxford,ExampleDC_C1,1,Oxford:ExampleDC_C1:dynamic_discharge,3145,0.48344,3144.0,0.415619,40.0,
