s0,s1,s2
105.53927540495302,87.31045964924202,3.856741192884206e-07
106.16995776275566,87.60930150765277,3.943995857041806e-07
105.76914180900623,87.77778233290034,4.089899679117349e-07
105.67874404837742,87.92934759246288,4.1710036979310597e-07
106.16947401003888,88.40428290543868,4.0910337211052576e-07
105.5820204259408,88.64780532913917,3.9662540882978094e-07
106.14563642962533,89.55083638009309,3.840904999743891e-07
105.07022632171582,88.30633390805453,3.854217348109592e-07
104.0789779984907,87.97014252617674,3.9439344059947673e-07
103.9764018837464,88.18462734837136,4.0716498486196765e-07
106.14158670570271,90.06493192877451,4.136845579732671e-07
105.27866699122842,89.84103083614741,4.072199478216254e-07
105.78945704852481,90.15600072687114,3.9459211473235107e-07
105.23753734413009,90.1366045013342,3.8836509751816815e-07
105.68617770622944,89.4825168064887,3.88740138362086e-07
104.87594453665118,89.04027053864321,3.9685886294495474e-07
108.30752222051576,90.97480800750516,4.075542692277685e-07
105.21197396823952,89.57032211085489,4.1362229995042814e-07
109.46223825715379,91.76136471914428,4.0630875262962454e-07
108.4859458120205,90.77443984816838,3.9484192488092517e-07
108.5255477022905,90.26880176892283,3.8974360195648224e-07
112.47189908249318,92.09761953966206,3.891365033473663e-07
105.94453272708441,88.80480984961267,3.973924654200596e-07
105.60223375014226,88.5040442904805,4.083441926882619e-07
105.89870937000339,88.50085619538379,4.126982924116288e-07
106.30612437019882,88.1568234300592,4.058492071967297e-07
105.5812616568989,88.0170466887799,3.9525303063300215e-07
106.56955414275374,88.46697976266759,3.893129159541479e-07
108.65184466359356,88.92250574231541,3.901968525843948e-07
106.90875355925775,88.43351222380676,3.977284514288797e-07
106.14063608463874,88.17530859216681,4.0982933678928185e-07
105.70008290994872,87.99176497714079,4.15112864460622e-07
105.85400265295982,88.00366131361122,4.0564589320879263e-07
106.00125624712281,88.07366921287382,3.940544009984893e-07
107.18920941096546,88.85306898721542,3.853098062814417e-07
108.92612836288906,89.45631561864076,3.8739669755190483e-07
110.33383361130969,90.15909740866242,3.989109211201704e-07
107.39475711842707,89.01047255842263,4.1063120641345224e-07
105.78413744439527,88.20742437560807,4.1442372512295857e-07
105.31262694485928,87.73202606067322,4.023734745180392e-07
105.13200302057012,87.73307234207812,3.890575780002294e-07
105.79533870433396,87.59039816631959,3.7760117943843927e-07
105.58546770723005,87.8470867456299,3.8256883880062326e-07
105.24852310218087,88.0018381169126,3.924512287853852e-07
105.37247950212418,88.36680491419527,4.0833741478144354e-07
106.56091824637755,89.15222581125586,4.1635278558371765e-07
105.23246468546012,88.73913720428945,3.980454338667844e-07
104.80637906362396,88.61588811030303,3.789175765243854e-07
105.4142150077945,89.03365055996964,3.6983840138923854e-07
104.93373826717621,88.84353358948721,3.724727212296062e-07
105.07712321223086,88.91251607470949,3.853453678407515e-07
106.07160829253624,89.25496950206804,4.1521172042557864e-07
105.41154990094554,88.77908394769756,4.2249592036988653e-07
105.6323323767612,88.60757646408925,3.960643771986565e-07
105.04057190694924,88.76763480099468,3.6734640047019067e-07
104.7378007110694,88.53290312112699,3.580218791976639e-07
104.46522076667878,88.3949007054893,3.609738967526501e-07
105.01825901459361,88.34950893770109,3.856020374006993e-07
105.53710699818035,88.7740452925241,4.222440557267287e-07
108.6373081024089,90.40297492912966,4.3114580685879265e-07
105.07538150365316,88.1680805251902,3.962133572168508e-07
104.91833631285603,88.39186492080633,3.6189911079220125e-07
105.45394664425201,88.86791493834887,3.510511447923945e-07
110.76257722185439,91.6910657398416,3.5682152483293584e-07
106.73107665792017,89.15765190448458,3.8488407005068204e-07
109.347738847518,90.0122969236833,4.2157639279856555e-07
105.7168970924043,88.38169711565588,4.315588824608148e-07
105.10094222605235,87.9326887314303,3.9607939018909343e-07
108.11060069735086,89.09649545809911,3.6402593652668306e-07
107.78572290205382,88.60900294945321,3.5618652869736267e-07
106.53990345759985,88.21559536007908,3.6156515663808324e-07
106.90836862326366,88.23351212069191,3.8695400582350235e-07
107.89869147439587,88.49339847536547,4.1732806722635047e-07
107.12041727388723,88.33548601141305,4.2188681266432186e-07
107.30572169134787,88.49339980169228,3.9356858306330427e-07
106.92623381859367,88.46760391804914,3.722936202918247e-07
107.25440834367734,88.54936057678454,3.679043280391512e-07
106.70508115935044,88.47969801381564,3.736609713215159e-07
106.1326380591633,88.18397077829745,3.8982740874046954e-07
105.56531354342026,88.03195031217805,4.118840598124211e-07
105.53767250298554,87.96636920947316,4.1395973018254445e-07
106.36200897016792,88.08599550151551,3.947876476906976e-07
105.52293434024746,87.90800962995644,3.8390453351057364e-07
105.68164872720702,87.73982027995727,3.769463996582094e-07
105.67160014776307,87.99252219156206,3.8388021324322254e-07
105.22015880139715,87.93854199365799,3.9728567466266083e-07
104.92331889817858,87.93185447111688,4.1256620991285197e-07
104.93088556795465,88.12798700146405,4.1375863643323e-07
105.29737240072679,88.43722238540711,4.011885759509614e-07
105.44303490726256,88.68608300604087,3.9020603155281425e-07
106.01403827879895,89.30291318169287,3.833985365501413e-07
105.94780340661892,89.31086393920071,3.886919108757903e-07
104.60099304015395,88.6870088653094,4.0235131886013153e-07
105.2213535602179,89.27975305404738,4.126322213494035e-07
104.68924341937735,88.68769501617584,4.1282939957771005e-07
104.54769833209406,88.44541458694867,4.0184877412122695e-07
105.24689831461183,88.43120213513276,3.9012855038194917e-07
104.93003989741155,89.12669311952092,3.8844535574984354e-07
105.87302695455988,89.9056690171493,3.9158295499430083e-07
107.98085023282103,91.48664520430245,4.0213556906522963e-07
105.42816481240214,89.79481441973576,4.1193125336826325e-07
105.46509551053904,89.79763783585165,4.106778917552387e-07
110.22946453054853,92.33430454822484,4.001164754626049e-07
106.56954417133474,89.83161968037496,3.9138311926555207e-07
107.47810619875466,89.89591896551498,3.898128819233164e-07
109.68756431425264,90.92094852165096,3.916787629658683e-07
106.01117614590387,88.94612194262137,4.024713874705741e-07
104.94294996198632,88.49370706153226,4.116186319151551e-07
104.95534125675981,88.40849968392097,4.1062012965197174e-07
106.42486395862451,88.79460704203213,4.003599338023349e-07
109.97151628348998,90.27379523297584,3.913172721422474e-07
109.81959230607623,90.3038209849284,3.885336309717076e-07
110.99261508246839,90.73613225487121,3.926816758205372e-07
109.70408652404642,89.8741300540521,4.04214787667726e-07
107.3751062367099,88.79807993693858,4.134627266522596e-07
105.81432070333852,88.0800955356377,4.118209355237109e-07
105.72314241794504,87.71376817420149,3.997209630624801e-07
105.46671504552062,87.74734157794224,3.878899633422265e-07
106.15554143661117,88.07535789148875,3.8492939991318096e-07
106.10943691211736,88.09931793418595,3.91964150228342e-07
106.49110969171316,88.5227639859838,4.0488977948896037e-07
105.11238122816258,88.0683043600191,4.149788471400738e-07
105.36157385358752,87.95129799926976,4.0945164733131344e-07
105.74558016781829,87.9477055997923,3.954014018929341e-07
105.64060645438511,87.81593324009538,3.823731691499004e-07
105.36994228306874,87.85873773136593,3.7778300581475494e-07
105.36265231108831,87.95380455985303,3.873535361661055e-07
104.74291318706432,88.00100307481037,3.997331109319203e-07
105.30632616766016,88.02912632201051,4.158058545516829e-07
105.17075326220382,88.33186814311688,4.0989545230274567e-07
106.08231248862748,88.94146273984657,3.8690072484885193e-07
107.71779411092407,90.08481389805857,3.729836888065224e-07
105.69757625797943,88.74768643235141,3.7023174967876264e-07
104.90896704983784,88.46903375221514,3.7586285295760156e-07
104.88260506784549,88.41659116815003,3.998926450685176e-07
105.6678409286109,89.1996488585668,4.226333171981547e-07
104.98502173483311,88.56564555667612,4.115674916795955e-07
105.43349056789248,88.92804256776462,3.8036574308162695e-07
105.74209135351933,89.1677944260833,3.6058619768460125e-07
105.59709174863085,89.16878438541555,3.5799365311840383e-07
106.34127701550675,89.6265144453116,3.6952764756163307e-07
108.09800868132783,90.47656608452766,4.027042885001381e-07
107.59163149390146,90.96626195812847,4.331425361774829e-07
106.53181020595451,89.3231903175391,4.16536876559022e-07
105.64131486790542,88.47458899090478,3.7777457759487363e-07
105.47140784742398,88.63568940017186,3.532509487676533e-07
108.11937639863906,89.39683546510048,3.511772702385752e-07
106.5813947818602,88.62962590329671,3.674104474439485e-07
105.81998988233563,88.11502247036323,4.035242019514034e-07
106.30491108755822,88.50743028537764,4.3519901142718306e-07
106.63376616928994,88.4219406729726,4.1315995977142217e-07
105.03074141926868,88.01244192147428,3.785620507991858e-07
105.38910425554947,88.16957658671402,3.5793260614144223e-07
106.49242021586836,88.40297457064652,3.576984662577163e-07
106.40246803503368,88.34216644861212,3.7074377844421715e-07
107.06769280973737,88.55898564308751,4.0313173775584253e-07
109.54125490621122,89.14584523472979,4.2667826475042154e-07
107.11580834628467,88.50822518398647,4.100251358852828e-07
106.95928606430978,88.46598730928324,3.8059573829308955e-07
107.30241609090331,88.40405947236466,3.7075726631118074e-07
106.85796331292514,88.26828685083696,3.703582147446047e-07
105.55282053492543,88.12059351508033,3.813416177035857e-07
105.58158389974516,88.14858311903764,4.039458348920344e-07
106.2437602813782,88.38912700896,4.1662665135721875e-07
105.68893430299676,88.40575423825291,4.058806722221854e-07
106.01228240718083,88.54968894334536,3.8736813948569857e-07
106.18719791259728,88.66707290815552,3.7628629002088125e-07
105.11407390586986,88.55308372701201,3.7696269739695156e-07
