rank,candidate_index,score,true_label,p_gnn,p_gb,anomaly
1,412,11.720332464539139,0,0.4268026351928711,0.9986368006868392,118.02851104736328
2,617,8.874152749715947,0,0.10458802804350853,0.715086749848578,349.4988098144531
3,4,8.815010617208426,0,0.4534809986750285,0.7745412069125901,57.16138458251953
4,249,8.597788477717144,0,0.5715358356634775,0.7486664190648269,45.36892318725586
5,889,8.082418110353105,0,0.5872536400953928,0.7079824581986296,34.08911895751953
6,699,7.584554886934051,0,0.6135398745536804,0.6557872187554524,57.930545806884766
7,466,7.301867698508906,0,0.5382066269715627,0.6273032402591369,94.60677337646484
8,370,6.702085265129167,0,0.4468254894018173,0.5879091174490654,90.28125
9,215,6.4495873598432185,0,0.6782980561256409,0.5472530832933954,80.04714965820312
10,0,6.359234907438195,0,0.5050724844137827,0.5658047522060303,54.10568618774414
11,755,5.54496781245134,0,0.6071936388810476,0.47901779355679164,79.90141296386719
12,513,5.530941979200871,0,0.4859184722105662,0.49067303340523216,77.7586441040039
13,74,4.871474872654478,0,0.8138182560602824,0.3948163433260138,101.92581176757812
14,492,4.849379766885174,0,0.5772956212361654,0.39636768976781356,161.46456909179688
15,317,4.810778218949114,1,0.5453516443570455,0.43225586999148635,55.59785461425781
16,308,4.6998660369746315,0,0.5542784432570139,0.42014020645492417,61.44407653808594
17,386,3.929455199292342,0,0.5110625823338827,0.3612991157963394,58.371219635009766
18,15,3.8935492043296525,0,0.5808093547821045,0.3643211841944556,20.140024185180664
19,5,3.881374028840986,0,0.2150834252436956,0.36416238747606333,125.14136505126953
20,243,3.764234882259391,0,0.5167798399925232,0.344437088935008,65.8128662109375
21,237,3.760786154899496,0,0.26579358552893,0.30205880094221454,263.6629333496094
22,375,3.4455236692626636,0,0.4217939426501592,0.31978037883728433,88.13907623291016
23,437,3.180319110374844,0,0.6099613706270853,0.2987710020127734,29.608844757080078
24,552,2.970822725300293,0,0.46884238719940186,0.29123403839872697,41.86143493652344
25,53,2.875906574141592,0,0.4667345384756724,0.2776678034814488,59.15583419799805
26,253,2.8067516245804236,0,0.4247588167587916,0.26713954650992944,85.54396057128906
27,164,2.7096491199198973,0,0.37906414270401,0.28314412363945046,27.9580078125
28,906,2.574005354040946,0,0.6869462927182516,0.23413060266380964,48.59128952026367
29,141,2.5052134111595303,0,0.5094835162162781,0.2328025552160847,87.7847900390625
30,284,2.086456243530834,0,0.7024353941281637,0.18956815019134565,55.64304733276367
31,354,1.9750840038034156,1,0.47978339592615765,0.20744164099027845,41.06950378417969
32,433,1.75987604084273,0,0.5360249876976013,0.1758248977753556,64.86882781982422
33,706,1.698159556122477,0,0.6258989175160726,0.1671935436550029,48.729000091552734
34,357,1.6239368837791692,0,0.6871903936068217,0.12646158713027975,132.5352783203125
35,830,1.5752348447361344,0,0.5825652082761129,0.1561948444181513,63.69743347167969
36,581,1.451513836782007,0,0.4787333905696869,0.1691903350040039,25.535531997680664
37,993,1.4400242741556024,0,0.4920671880245209,0.15475406560609276,61.34353256225586
38,489,1.3307175973246077,0,0.6226709683736166,0.1268667512020991,78.29686737060547
39,438,1.310850928902407,0,0.46199174722035724,0.1502810524716732,51.6453971862793
40,556,1.287836267301635,0,0.4725964367389679,0.14870211168097133,47.529170989990234
41,735,1.0903370997311077,0,0.46576859553654987,0.12324349541672555,76.0694351196289
42,69,1.030533192810792,1,0.39504016439119977,0.11417809781502763,108.89574432373047
43,168,0.9645510207153193,0,0.5605146686236063,0.11770166029580045,33.65593719482422
44,623,0.9516049042215489,1,0.4262675642967224,0.13164163975872384,28.85797882080078
45,753,0.9504751795607558,0,0.3801088829835256,0.09115548588888218,161.4813232421875
46,351,0.9396144999081357,0,0.699364185333252,0.08446112194279082,84.68409729003906
47,876,0.869620499700128,0,0.41356990734736127,0.12368756933899851,35.90027618408203
48,194,0.8388030852739359,0,0.541533480087916,0.08368511891291804,108.61486053466797
49,363,0.8319240340799531,0,0.510648121436437,0.11284509786452852,30.058679580688477
50,127,0.787003176962174,0,0.5695408582687378,0.10055838836345167,37.92613983154297
51,758,0.7639037821167508,0,0.4793781340122223,0.1105733641853959,29.242462158203125
52,796,0.7509061811621018,0,0.4897671441237132,0.1095640000050263,25.970989227294922
53,927,0.7491596910313468,0,0.5046737392743429,0.10987237207379136,20.2506160736084
54,692,0.7284168707940671,1,0.6305459042390188,0.0900923829637897,36.45002746582031
55,818,0.7247074315690966,0,0.40685470898946124,0.10041131467134405,70.88990020751953
56,968,0.7008705125578208,0,0.6207355260848999,0.08119987717984545,58.77910232543945
57,615,0.6847575781174582,0,0.5503258109092712,0.08791440580148376,55.731712341308594
58,123,0.6794620183529622,0,0.6329032381375631,0.09056292161725732,22.34706687927246
59,57,0.6715939075302082,0,0.6415050526460012,0.06728809685154971,86.48670959472656
60,181,0.6648332724597696,0,0.6984995206197103,0.07391242046455201,48.545223236083984
61,495,0.6461099652907206,0,0.7091267307599386,0.06989330804092306,52.66854476928711
62,843,0.6316938100527186,0,0.6814066767692566,0.07120140588168598,53.42219161987305
63,799,0.6003525576124492,0,0.5173045297463735,0.09545620284744454,22.48166847229004
64,97,0.5966489356467506,0,0.5587704579035441,0.08361472808528458,44.283023834228516
65,698,0.5724524778612656,0,0.4258974293867747,0.10210054383054,22.919530868530273
66,232,0.5658323646190699,0,0.4940274854501088,0.09299757787982242,28.093791961669922
67,694,0.5423412098976089,0,0.49280112981796265,0.08521969321624519,45.60982894897461
68,907,0.5373765337019223,0,0.4778825839360555,0.0940288330808243,22.812255859375
69,201,0.5327737049064332,0,0.5534940560658773,0.08051924943111136,39.27061462402344
70,124,0.5251797824640705,0,0.6991646885871887,0.04351690622476494,103.64026641845703
71,510,0.4853564273365108,0,0.5167478024959564,0.0854558154671615,23.8784236907959
72,271,0.48526406973749436,0,0.5870356559753418,0.07811733283291541,24.820777893066406
73,339,0.48252881154298155,0,0.6541029413541158,0.06558412569854577,41.37199020385742
74,910,0.4803997936131147,0,0.38373057047526044,0.07368313363203176,96.46734619140625
75,880,0.4560159490733831,0,0.5316590368747711,0.07621166951388328,39.535152435302734
76,875,0.44842536419278456,0,0.7041615049044291,0.04974988244892076,64.94950103759766
77,547,0.43281197073665106,0,0.48234591881434125,0.0845276081498677,23.82379722595215
78,45,0.4326934961465453,0,0.7021830876668295,0.06173898036005844,26.330463409423828
79,384,0.43045126314664656,0,0.5779019196828207,0.06869646460944089,41.81175231933594
80,752,0.4141124391591279,0,0.5958648920059204,0.07183577723482977,23.265010833740234
81,722,0.40981100778183116,0,0.7640323837598165,0.019053693006232972,128.33889770507812
82,318,0.37746006760979167,0,0.5403041243553162,0.07374921056377741,24.958560943603516
83,364,0.3629219325576055,0,0.536186546087265,0.07356058624893955,23.154605865478516
84,740,0.3551513317776275,0,0.6466698944568634,0.050513864751283,56.69269943237305
85,967,0.3424615699088935,0,0.6890233159065247,0.03461457414991146,87.98632049560547
86,848,0.3408993486330965,0,0.7884654800097147,0.024374172108382112,88.54952239990234
87,659,0.32941127493497635,0,0.4927321473757426,0.07491531299358208,23.707218170166016
88,121,0.32751060816766436,0,0.4383651514848073,0.08166121255540831,19.34125328063965
89,397,0.3168393040895109,0,0.39656323194503784,0.08142355397824169,29.710693359375
90,75,0.3104440000854706,0,0.575208455324173,0.06507141431891174,23.81513786315918
91,335,0.3028195274236517,0,0.5450887481371561,0.06700996226444621,25.08407211303711
92,512,0.29986894048402174,0,0.561279167731603,0.057960677187365375,46.271583557128906
93,430,0.2957403714542228,0,0.4836018880208333,0.07021703020104157,31.970003128051758
94,937,0.29119157098186277,0,0.5251411398251852,0.07062842620037332,17.4277400970459
95,126,0.2905352883732284,0,0.4101596673329671,0.05493280624776215,97.33287811279297
96,812,0.28289793842119104,0,0.7416846255461375,0.030959042339263068,68.64984130859375
97,664,0.27931579720251953,0,0.705135315656662,0.026596899319322624,91.3727035522461
98,252,0.2715775299086568,0,0.6196643312772115,0.04949112433172928,47.121559143066406
99,669,0.2603692950918524,0,0.6660723686218262,0.04494760461659689,44.11662673950195
100,279,0.2554312037096648,0,0.3794615566730499,0.05657207515430225,92.90513610839844
101,979,0.25509351893860677,1,0.5330043435096741,0.0540471295291346,55.12271499633789
102,59,0.24439609555012137,0,0.6263424754142761,0.04816490056044746,42.391536712646484
103,103,0.22741219671816715,1,0.5157147943973541,0.061448091004332406,31.593650817871094
104,657,0.22556308361867322,0,0.4524509807427724,0.04826361731307671,88.59941101074219
105,655,0.22243647358280458,0,0.4213191370169322,0.0693699186117472,34.774932861328125
106,16,0.21754107288609476,0,0.7174131274223328,0.030687847483626428,60.533729553222656
107,380,0.21436854917940493,0,0.5592589974403381,0.058078312834621885,25.520397186279297
108,453,0.20995126053104257,0,0.5054541230201721,0.062294038682644215,27.82861328125
109,54,0.20872310635468777,0,0.6523916721343994,0.042219919596889484,43.494415283203125
110,326,0.20395288276923232,0,0.5616789062817892,0.057387816361619874,24.286108016967773
111,119,0.20287469205426575,0,0.8201497197151184,0.006977157482274962,96.61280822753906
112,65,0.2024306209476744,0,0.5401565035184225,0.057473492066489926,29.987314224243164
113,845,0.2023193750434142,0,0.4623795549074809,0.061761255868870296,40.188533782958984
114,944,0.20096576522593726,0,0.53179399172465,0.06044919175614998,23.31546401977539
115,467,0.18415371608126513,0,0.5887201726436615,0.006536293371669736,161.35476684570312
116,217,0.18401932821568207,0,0.662217915058136,0.03452139461486981,57.22926712036133
117,149,0.18026081367304142,0,0.6387304464975992,0.044526984671339025,33.72072982788086
118,807,0.1779607275232555,0,0.6063503126303355,0.037538144767132485,63.27472686767578
119,663,0.17642567606919002,0,0.5809462169806162,0.04998601878489807,33.677284240722656
120,404,0.17549755200355038,0,0.464790145556132,0.06516864781699151,22.849485397338867
121,934,0.1747744584257256,0,0.4507312476634979,0.06722442080829874,20.7459659576416
122,516,0.1725253859857231,0,0.6849273045857748,0.007005439456598194,128.83123779296875
123,896,0.1583132030148891,0,0.5730861922105154,0.0527374083271186,23.43028450012207
124,727,0.15761595529359182,0,0.7362732092539469,0.02341887959393168,61.696388244628906
125,87,0.15428309223838826,0,0.5223503212134043,0.05718057469914216,24.260936737060547
126,301,0.15336671664381482,0,0.7320750753084818,0.03188522143266431,36.9330940246582
127,783,0.15181361845992752,0,0.6037353078524271,0.025864933398243955,92.02794647216797
128,531,0.14670590006591183,0,0.6356280247370402,0.04387573100794408,28.311477661132812
129,17,0.14346751378712008,0,0.4229719291130702,0.038588611684245475,105.62047576904297
130,176,0.1360945567545163,0,0.659382700920105,0.008109678173382956,124.13948822021484
131,770,0.13439257275640826,0,0.5959222316741943,0.04677740583440159,28.408416748046875
132,597,0.129379690557062,0,0.5944218635559082,0.04125424629669506,43.89752197265625
133,231,0.12692017702361075,0,0.726382295290629,0.032516185497226825,30.251934051513672
134,833,0.12366140835405165,0,0.8167521158854166,0.007467264794123356,76.71282958984375
135,846,0.12272043980690583,1,0.5448878506819407,0.0500248226971268,30.974384307861328
136,809,0.1215276615942789,0,0.5048599938551585,0.05444759749842576,29.413814544677734
137,648,0.1214818897310096,0,0.5912986993789673,0.04759448105255365,24.188674926757812
138,736,0.12115544331673078,0,0.4849282006422679,0.008127374191939252,171.7080078125
139,515,0.11971215977757711,0,0.6670924425125122,0.0371753782033463,32.180259704589844
140,459,0.11779877987952769,0,0.4585235118865967,0.030901278138466926,111.52210235595703
141,526,0.11342807401109711,0,0.6517659525076548,0.031290645143296915,52.48775863647461
142,954,0.1124245895981312,0,0.4277855356534322,0.06319112895069093,24.067094802856445
143,514,0.10956150856990703,0,0.5494703948497772,0.05158061396497867,21.809772491455078
144,814,0.10533338896773745,0,0.5488201975822449,0.05040477474627724,24.428234100341797
145,129,0.10067525212997284,0,0.6592988967895508,0.03529319507785101,35.343814849853516
146,208,0.09766106252407683,0,0.5243519842624664,0.04916943571116581,33.37868881225586
147,550,0.09598214523378418,0,0.6257527867952982,0.013921359349499401,107.04578399658203
148,784,0.09556316091044259,0,0.6287728647391001,0.0027337269467445245,139.02975463867188
149,213,0.09476475274303345,0,0.5647543867429098,0.03752112878728434,55.12164306640625
150,118,0.09394204138952439,0,0.7410550912221273,0.024441371532094767,41.638851165771484
151,407,0.08644993793721056,1,0.6493922670682272,0.03714516062094602,29.304170608520508
152,138,0.0852484646489156,0,0.7462144494056702,0.019440854769185188,52.7255859375
153,481,0.08200744144930876,0,0.722488005956014,0.02404226275355614,45.34285354614258
154,228,0.0797023017701401,0,0.43323274453481037,0.05981069503378277,24.39280891418457
155,702,0.0790537913271753,0,0.4097327043612798,0.03924960869576386,91.74493408203125
156,436,0.07887211940500087,0,0.6540547509988149,0.03728720396131552,25.653669357299805
157,616,0.07806534772930815,0,0.6586858232816061,0.03618622654184031,27.33905029296875
158,860,0.07675087371273831,0,0.45885083079338074,0.031618099662406765,99.23196411132812
159,374,0.07486591592489442,0,0.5428563753763834,0.037274770559952215,57.398746490478516
160,432,0.07426551947386241,0,0.5020047128200531,0.05005230170039596,31.600793838500977
161,713,0.07375082174084283,0,0.5205394228299459,0.04472356445361457,41.731266021728516
162,994,0.06970499129127905,0,0.4801186223824819,0.03092240761453958,93.29930877685547
163,482,0.06836052120084135,1,0.4880317747592926,0.0389234319907723,67.0601806640625
164,256,0.06526249964726501,0,0.5254847804705302,0.046486725381383855,32.995853424072266
165,287,0.06397649481306311,0,0.5210745831330618,0.04913717076329934,26.16461181640625
166,170,0.059773719280331344,0,0.50004314382871,0.051186776353522534,25.274608612060547
167,518,0.05761359407663007,0,0.5360278685887655,0.045428636958610484,31.136301040649414
168,206,0.056272927637179615,0,0.7208168903986613,0.010739683112544685,78.72235107421875
169,741,0.04715042697632918,0,0.7406488259633383,0.012324747001582316,65.97946166992188
170,7,0.04486577386880331,0,0.5362044374148051,0.04640939567933458,25.062881469726562
171,145,0.043849636968657374,0,0.5987876156965891,0.03499402330319229,40.05988693237305
172,99,0.04216189531519543,0,0.6541255017121633,0.003847524287777398,115.1781997680664
173,167,0.042031777547798806,0,0.5490470031897227,0.04409659155490019,27.407983779907227
174,971,0.04087104668599061,0,0.44119500120480853,0.05567876405958829,24.693758010864258
175,411,0.038056864900081325,0,0.7092720071474711,0.02606504773488875,32.47233581542969
176,826,0.0375975496014852,0,0.5134938756624857,0.048465352555125164,23.89496421813965
177,345,0.03724681248746399,0,0.6072723269462585,0.036467177653731905,31.60174560546875
178,471,0.03560671462703194,0,0.7039475242296854,0.01876208178250945,54.96097946166992
179,936,0.03239455906417906,0,0.5154486894607544,0.047169413474199076,25.86211585998535
180,133,0.03189170886009993,0,0.44767099618911743,0.03838684583558914,71.55127716064453
181,771,0.02894891120959566,0,0.6604606409867605,0.023955046756274474,50.80510330200195
182,461,0.028416981756163157,0,0.7314165234565735,0.023277231027131175,31.81124496459961
183,135,0.027635365159859662,0,0.542360246181488,0.044535377361677786,24.544925689697266
184,86,0.026433663630550067,0,0.4711756805578868,0.05155427285579628,24.490352630615234
185,155,0.025969189795428164,0,0.5246688226858774,0.04473730506978748,28.74183464050293
186,607,0.0255262752856507,0,0.693478008111318,0.028336654371019433,27.34292984008789
187,982,0.0248511314580728,0,0.500227302312851,0.04856096300826394,24.383087158203125
188,22,0.021696066650528353,0,0.6970523794492086,0.020333698130306714,48.93954849243164
189,269,0.02034728933728276,0,0.4541751444339752,0.04921090065244863,34.90066146850586
190,105,0.01717410579049479,0,0.5139711995919546,0.04677740583440159,23.71385955810547
191,372,0.016270341904094654,0,0.666987140973409,0.022743788939428685,49.342628479003906
192,61,0.014881985769889585,1,0.6141030391057333,0.03247585096307777,35.86500549316406
193,128,0.01466886407773061,0,0.5384055773417155,0.04396246964951891,24.211708068847656
194,270,0.014253582264781982,0,0.679276039203008,0.024908791595377275,38.85319137573242
195,570,0.012894902660948164,0,0.6567212343215942,0.031001615639860453,27.19244384765625
196,179,0.010644654293346375,0,0.6041903893152872,0.03313809882213133,35.7867317199707
197,369,0.00877455754890822,0,0.6195168693860372,0.03292088569909244,31.461681365966797
198,677,0.008610508543778893,0,0.6795598864555359,0.028451518165005903,26.941892623901367
199,779,0.008476495670040218,0,0.5462921857833862,0.04278784184231626,23.834369659423828
200,563,0.0079197834032061,0,0.7329036394755045,0.019657915189524033,37.00772476196289
201,898,0.006953947285497586,0,0.5961046715577444,0.020007615648537917,75.95870971679688
202,219,0.0067277161764526805,0,0.5703557034333547,0.006366587174875769,123.67933654785156
203,111,0.006126285478387068,0,0.5955330928166708,0.03810821602608151,22.57321548461914
204,382,0.005345871447195035,0,0.6847304701805115,0.025436454576083085,33.506656646728516
205,258,0.004501843680276459,0,0.457473357518514,0.051186776353522534,24.215681076049805
206,311,0.0037960142369040384,0,0.5287507375081381,0.043419938016072496,25.9789981842041
207,703,-0.00029837885202909503,0,0.44866393009821576,0.05194160964297749,23.401927947998047
208,851,-0.001721853623891878,0,0.5321513712406158,0.013470973365487885,111.89656066894531
209,983,-0.00307379956819389,0,0.5414868593215942,0.040630930229306805,28.767799377441406
210,389,-0.004531663049700346,0,0.5970787952343622,0.020379201839058635,71.75629425048828
211,472,-0.010900446323433746,0,0.5468558073043823,0.029907359465679174,56.8741340637207
212,949,-0.01601187516687555,0,0.6203809777895609,0.016023388080327643,74.9244384765625
213,343,-0.017595633816318984,0,0.6927274266878763,0.016716933092707307,51.221439361572266
214,365,-0.018698924157954346,0,0.5502382516860962,0.03617938745891815,35.478065490722656
215,454,-0.021867262506086886,0,0.5684391260147095,0.037330533825315725,25.955957412719727
216,130,-0.026311780657445324,0,0.5049078166484833,0.04473720184667574,21.711977005004883
217,447,-0.030721080360107088,0,0.45920408765474957,0.0467019449572656,28.275033950805664
218,768,-0.03140042811446993,0,0.6036535302797953,0.030556505381499094,33.22761154174805
219,470,-0.0320170707057858,0,0.582559327284495,0.03427471436084867,28.318700790405273
220,18,-0.03551232823847357,0,0.6416887640953064,0.01662177980842767,62.107032775878906
221,670,-0.036852991185765654,0,0.6423572897911072,0.026792215511141235,31.604570388793945
222,174,-0.037054123942481226,0,0.5352484881877899,0.015576844685551467,96.10169982910156
223,68,-0.038676024290319556,0,0.5330169896284739,0.03944961552517446,25.9960880279541
224,790,-0.03942024908337684,0,0.65774933497111,0.015233088939577711,60.518531799316406
225,281,-0.03960591360636446,0,0.5265704393386841,0.0404785203567073,24.630373001098633
226,13,-0.041531478209332756,0,0.5332430998484293,0.03918836191936732,25.998355865478516
227,977,-0.042295907150839016,0,0.5181412498156229,0.03993235367860482,28.057697296142578
228,405,-0.04320448656926871,0,0.7013636827468872,0.02245573048008804,25.478286743164062
229,52,-0.04402841046622487,0,0.4466104507446289,0.034774702271325855,63.86408615112305
230,89,-0.04513960692941796,0,0.5009914437929789,0.04357586492647698,21.6623477935791
231,751,-0.049692616045742995,0,0.489843746026357,0.04397236994063673,22.652908325195312
232,288,-0.05074558694440806,0,0.6170886556307474,0.015557030823703567,68.73654174804688
233,314,-0.052373136990790554,0,0.5979674955209097,0.031196011434866486,27.863632202148438
234,427,-0.05316784252224805,0,0.5392897228399912,0.030648843319594044,46.532466888427734
235,431,-0.0533118505041396,0,0.6962847510973612,0.013047316806699348,52.21983337402344
236,410,-0.053664795562057735,0,0.4982225199540456,0.04100244098507529,27.96766471862793
237,651,-0.054508798879185326,0,0.6104848682880402,0.022448061156031533,49.442996978759766
238,569,-0.05855241549516099,0,0.47233256697654724,0.03673187357574756,46.96614456176758
239,501,-0.059057048282824265,0,0.4266503155231476,0.0494179269282511,22.881528854370117
240,685,-0.06001456487603821,0,0.6645643810431162,0.012504952584999014,61.4980583190918
241,564,-0.060907487197484345,0,0.4677749772866567,0.044535377361677786,24.72739601135254
242,49,-0.061039344144331986,0,0.697037398815155,0.013077672290790075,50.01125717163086
243,383,-0.06132695563812703,1,0.5641563832759857,0.03417249422055548,26.83211898803711
244,475,-0.061760663737167903,0,0.6846199433008829,0.01207572930246061,56.43799591064453
245,675,-0.06387996658745686,0,0.47002609570821124,0.044721455770663304,22.787090301513672
246,803,-0.06714570093367292,0,0.5398017664750417,0.03737405106967942,23.12696075439453
247,665,-0.0671783278056182,0,0.5132519801457723,0.039072034817728786,25.919897079467773
248,689,-0.06750037686162944,0,0.5940872232119242,0.031654521926803875,23.937843322753906
249,566,-0.06767188029497431,0,0.4640633463859558,0.04457661930816629,24.035762786865234
250,874,-0.06787927057327356,0,0.6319399476051331,0.027722556318346008,24.305282592773438
251,292,-0.06792919324364081,0,0.6341255307197571,0.025985932465508062,28.769039154052734
252,562,-0.0710913126559641,0,0.7146475911140442,0.017472317097305113,29.412242889404297
253,161,-0.07172615876374966,0,0.6745419303576151,0.019477255682316494,35.137977600097656
254,682,-0.07298394803094496,0,0.4741737445195516,0.043419938016072496,23.167930603027344
255,55,-0.07315430267108847,0,0.5720648566881815,0.03268666997275179,25.981664657592773
256,267,-0.0734757621544844,1,0.3893204927444458,0.05107470347288861,25.432113647460938
257,781,-0.07372146082428166,0,0.6524456938107809,0.024745134629664472,25.617528915405273
258,276,-0.07373674407532993,0,0.5159676671028137,0.04038648731041266,19.636518478393555
259,63,-0.0749532712793376,0,0.39197052518526715,0.01848056258694169,120.35911560058594
260,631,-0.075324568210039,0,0.5642613768577576,0.031408851099262454,31.509166717529297
261,191,-0.07618135250262235,0,0.49470513065656024,0.03675935495151818,35.97804641723633
262,400,-0.07746479430126582,0,0.535390297571818,0.03622816119613467,25.26705551147461
263,844,-0.07943840419949319,0,0.7262588540712992,0.017397985411080025,24.167621612548828
264,828,-0.08020134122031387,0,0.5559246242046356,0.021122849130578054,63.07974624633789
265,291,-0.08086751790479517,0,0.6158296267191569,0.028300456653375917,24.1485595703125
266,278,-0.08087789145741803,0,0.38045377532641095,0.05274165313462216,21.307790756225586
267,203,-0.08090201561628065,0,0.6269367535909017,0.022067012164178258,39.24723815917969
268,574,-0.08447271592390918,0,0.5312555929025015,0.035773711032988265,26.101015090942383
269,879,-0.08567247575485036,0,0.517636626958847,0.03809969714165155,22.954654693603516
270,886,-0.0887843771635237,0,0.5556152562300364,0.024167231935432208,52.08964920043945
271,829,-0.08912176647488386,0,0.5418050587177277,0.034180104494000094,26.554737091064453
272,921,-0.08924398542629877,0,0.44740333159764606,0.0450863996981725,22.133283615112305
273,737,-0.08998123001827336,0,0.7033645908037821,0.00951526049041374,51.543067932128906
274,935,-0.09005248406870703,0,0.5806498030821482,0.030308413395776695,26.31734275817871
275,533,-0.09337727300624306,0,0.5648844341437022,0.0315733924568144,26.40737533569336
276,110,-0.09801094596815205,0,0.6794835329055786,0.016721445229232964,35.352317810058594
277,660,-0.09836246052524752,1,0.6471928556760153,0.022951182204477567,26.397729873657227
278,486,-0.0989188983697659,0,0.6504392623901367,0.01815585980465676,39.44050979614258
279,895,-0.10068248296188556,0,0.6268429557482401,0.019781950760078285,41.15190887451172
280,10,-0.10084044970197409,0,0.5911752581596375,0.02925951097628761,23.66496467590332
281,938,-0.10142285817972613,0,0.5585123598575592,0.03289255862446329,22.41666603088379
282,333,-0.1018534526267881,0,0.5215068062146505,0.03581200164679433,24.585693359375
283,943,-0.10405131554540123,0,0.4600982069969177,0.04185250486960689,24.296077728271484
284,499,-0.1043234380749069,0,0.555732011795044,0.03225926599454371,24.388309478759766
285,701,-0.10529431202027971,0,0.5050298174222311,0.03045448204243643,44.37579345703125
286,538,-0.10545683054120462,0,0.4561273554960887,0.04296183309903962,21.84865379333496
287,536,-0.10618709521774913,0,0.5207264026006063,0.03680314162496751,20.829498291015625
288,500,-0.10632127926684581,0,0.6151436567306519,0.02156360773309014,37.95533752441406
289,578,-0.1072343110033054,0,0.4783867597579956,0.03969909207793626,24.48455238342285
290,236,-0.10882017626469029,0,0.4621333082516988,0.040791578571068805,25.653560638427734
291,143,-0.10928438078820445,0,0.483179251352946,0.039837033824500025,22.16550064086914
292,980,-0.10933358916023797,0,0.6056899726390839,0.021577935268913467,39.95268630981445
293,337,-0.11149054807943681,0,0.49744825561841327,0.02073773656498897,73.72245025634766
294,463,-0.11160522506104634,0,0.6195955673853556,0.013649337864074308,58.675533294677734
295,778,-0.11161595565603562,0,0.5376030206680298,0.03341422940584869,24.523059844970703
296,881,-0.11191293589430744,0,0.5683305561542511,0.03024694313711424,24.751583099365234
297,961,-0.11201328579501427,0,0.5055527786413828,0.03437727377069086,31.00974464416504
298,166,-0.11225015243049752,0,0.6078622937202454,0.02412084371467899,31.102685928344727
299,344,-0.11293178206254292,0,0.5556212166945139,0.02915601632956017,31.453338623046875
300,321,-0.1129682624398354,0,0.5565879344940186,0.029992878367786847,28.693571090698242
301,530,-0.11383224651771594,0,0.6348350246747335,0.02205468564128018,28.874006271362305
302,754,-0.11386338904413117,0,0.5511589546998342,0.02745327586263738,37.55515670776367
303,104,-0.11477491255735695,0,0.4083268841107686,0.04591796935735892,24.900522232055664
304,134,-0.11551361772359235,0,0.5891898771127065,0.02599348855430616,30.271398544311523
305,484,-0.11570295783469117,0,0.5421126087506613,0.032115160341118915,26.02241325378418
306,378,-0.11580663184549272,0,0.5071649054686228,0.032685590683215866,34.590274810791016
307,653,-0.11730503867459452,0,0.5354824066162109,0.032900155975531274,25.264511108398438
308,915,-0.11752055250096849,0,0.6176042556762695,0.02031998995923385,38.14692306518555
309,535,-0.11904021711885013,0,0.5411686499913534,0.03226626738675067,25.034948348999023
310,282,-0.11921441718347198,0,0.5074482063452402,0.035880384467365106,24.253618240356445
311,759,-0.1195601275744281,0,0.6271146933237711,0.023632914092560457,25.085330963134766
312,782,-0.12068089767657687,0,0.5507067938645681,0.03133528817244698,24.571788787841797
313,290,-0.12105417816375,0,0.5639069974422455,0.02707619560827593,33.15263366699219
314,66,-0.1219338267955532,0,0.484602024157842,0.037042065621329424,26.878551483154297
315,913,-0.12197226605290927,0,0.45686864852905273,0.04187311706528176,20.78353500366211
316,332,-0.12234877842362142,0,0.51937868197759,0.034573330638866036,23.82872772216797
317,989,-0.12257190349410776,0,0.6466088891029358,0.020307448650275027,28.41594123840332
318,366,-0.12322257209079808,0,0.6678612033526102,0.009697605322818801,53.27973937988281
319,32,-0.12335133548744645,0,0.6694397926330566,0.018984293006479552,25.412139892578125
320,644,-0.12368794256990182,0,0.6058696707089742,0.020848151515579682,38.52549743652344
321,589,-0.12383987369904986,0,0.5270988047122955,0.005720952066610615,106.23320007324219
322,109,-0.12803820270587013,0,0.6143356362978617,0.022971905450643735,28.708486557006836
323,594,-0.12926086494208827,0,0.5842883288860321,0.022057384163225432,39.93760681152344
324,46,-0.130028461413377,0,0.5784021417299906,0.02784095390490031,24.43295669555664
325,800,-0.13177909873976526,0,0.704306403795878,0.014874341333402699,25.20534324645996
326,559,-0.13182295081900275,0,0.5725597739219666,0.027866032219549416,25.6359806060791
327,385,-0.13195299633613938,0,0.5128452380498251,0.03329998196023066,27.14392852783203
328,25,-0.13312771733874804,0,0.5403538644313812,0.03129341732056523,24.682096481323242
329,147,-0.13365699282352145,0,0.5199520488580068,0.033174715270528635,25.0052490234375
330,656,-0.13369797008386342,0,0.5030004183451334,0.026568824958886527,49.449371337890625
331,300,-0.1344332344376578,0,0.5290613869825999,0.03386768157885344,20.093992233276367
332,336,-0.1348296081300745,0,0.588922123114268,0.003321557412567511,92.43017578125
333,67,-0.13510876294075053,0,0.4774857560793559,0.03801996130210952,22.852767944335938
334,122,-0.13628400035823252,0,0.6570075849692026,0.006336091782912793,63.17072296142578
335,131,-0.13654707018486822,0,0.4556741416454315,0.039501356755375965,24.545833587646484
336,940,-0.13709728826912151,0,0.5995851755142212,0.02262961138125959,31.829153060913086
337,858,-0.13746394307730342,0,0.5702600876490275,0.01567722817021046,60.852352142333984
338,125,-0.1377189368212065,0,0.5995292663574219,0.02466731648074995,25.686922073364258
339,847,-0.1379978871891338,0,0.5602350831031799,0.028681160637516797,25.340377807617188
340,645,-0.13893661681130615,0,0.5211279888947805,0.03301669156819329,23.828641891479492
341,567,-0.1395684276392605,0,0.6448879639307658,0.02073894878319365,23.475830078125
342,388,-0.14053161825888166,0,0.5585052768389384,0.028061195460355244,27.05397605895996
343,892,-0.14120476668390222,0,0.5060644447803497,0.03416262420135031,24.322723388671875
344,863,-0.1419819947498981,0,0.5842267870903015,0.02444581808638464,29.79172134399414
345,509,-0.14201938159964564,0,0.544479101896286,0.029752214415672076,25.828125
346,975,-0.14256052767966199,0,0.5982301731904348,0.020920097806259304,35.92445755004883
347,42,-0.1430163422988952,0,0.5319968859354655,0.03102245031591786,25.509117126464844
348,71,-0.1435988628881055,0,0.4790698091189067,0.036596745779732376,24.496767044067383
349,502,-0.1447233199186776,0,0.505051185687383,0.034180104494000094,23.70496368408203
350,202,-0.14520627663581553,0,0.5824482540289561,0.028704508839768262,16.970548629760742
351,361,-0.14550838634494373,0,0.5134834547837576,0.032761331490715744,25.21480369567871
352,608,-0.14593514618483494,0,0.6315456032752991,0.02155020293436481,23.443740844726562
353,725,-0.1464878746204255,1,0.5656163990497589,0.024598078287919104,33.70778274536133
354,445,-0.14660638967360576,0,0.5777712364991506,0.01114572755912918,69.7550277709961
355,428,-0.1479402738301183,0,0.6065675020217896,0.018204846601625205,40.15506362915039
356,19,-0.14795139913114258,0,0.5183337132136027,0.03276704647564636,23.171993255615234
357,585,-0.15042863019131247,0,0.6416178146998087,0.015798386020233868,36.3320198059082
358,899,-0.1505536147428181,0,0.6399140357971191,0.012773548450980068,45.717735290527344
359,620,-0.15085759746947563,0,0.6385472416877747,0.008107241353234726,59.79853439331055
360,991,-0.1521180511738939,0,0.5562793811162313,0.028617940290966117,23.22186279296875
361,268,-0.15338042352557268,0,0.6134850780169169,0.014959545207662147,46.350528717041016
362,575,-0.15347225360213926,1,0.47044915954271954,0.036850621613523656,23.858110427856445
363,652,-0.15361394151712385,0,0.4516517221927643,0.03841913784294416,24.726667404174805
364,216,-0.1540581597993375,0,0.5348662336667379,0.03110173616004806,21.720033645629883
365,972,-0.15420090741796727,0,0.4797169864177704,0.035769589781266604,24.140682220458984
366,540,-0.15562204307942443,0,0.466566522916158,0.037259812690200116,23.265567779541016
367,448,-0.15699432992449275,0,0.4984981616338094,0.01960905828036436,65.56501770019531
368,624,-0.15765461181962978,0,0.5398430625597636,0.030189135989335553,22.063404083251953
369,558,-0.15767052575584894,0,0.5977978010972341,0.02442049801126304,22.023460388183594
370,50,-0.15898646084372695,0,0.53873344262441,0.02322095027028439,42.60078430175781
371,305,-0.1593404740829752,0,0.603507916132609,0.02103499091490712,29.913105010986328
372,192,-0.15962451898449884,0,0.5138888756434122,0.031765030191258266,24.56529998779297
373,700,-0.159648430959841,0,0.6951450705528259,0.00961057189130022,36.56882858276367
374,450,-0.15975940276823408,0,0.617981493473053,0.013585966318238829,47.51047134399414
375,806,-0.16274918088935786,0,0.46892555554707843,0.03550598161078167,25.990924835205078
376,855,-0.16330891671265463,0,0.49428193767865497,0.0335040511513121,24.299230575561523
377,592,-0.16404596137631838,0,0.5773054858048757,0.022694098268702514,31.570877075195312
378,96,-0.1642455626192675,0,0.6278927524884542,0.01878840432333289,28.160959243774414
379,323,-0.1647518319573827,0,0.5918044447898865,0.023313269409526233,25.309860229492188
380,683,-0.16602390898833724,0,0.4898056487242381,0.033174715270528635,25.91916847229004
381,101,-0.16751348324249735,0,0.5339568654696146,0.028584854215714238,26.10117530822754
382,986,-0.1679259819859611,0,0.22254515687624613,0.014059198099975639,160.36830139160156
383,582,-0.1684996568147176,0,0.5424088637034098,0.028854386691988525,22.579660415649414
384,534,-0.16892927952191905,0,0.5408657193183899,0.021337893681882304,45.082176208496094
385,283,-0.16941722198915016,0,0.6099648873011271,0.021141108082474394,25.227191925048828
386,197,-0.17091126760562875,0,0.5984753171602885,0.018302754175447935,36.60404968261719
387,822,-0.1710478839720882,0,0.5065579315026602,0.03192379004407643,23.447153091430664
388,962,-0.17297213210459583,0,0.4614744782447815,0.036209965494168446,23.595901489257812
389,184,-0.17318798669121874,0,0.4856526851654053,0.033520277612152455,24.362163543701172
390,496,-0.17569143821576624,0,0.5654360850652059,0.025303499291076982,24.50939178466797
391,158,-0.17626821743942972,0,0.5359991391499838,0.02845483822811698,23.733848571777344
392,298,-0.17695939303345745,0,0.5598591764767965,0.026201879403455156,23.189687728881836
393,312,-0.1772074795225952,0,0.5066750744978586,0.03133467266155157,23.636335372924805
394,811,-0.17760957248126188,0,0.629928300778071,0.010112940652471494,49.85071563720703
395,424,-0.17796485875244347,0,0.5294747650623322,0.025298158666582943,34.539424896240234
396,884,-0.17849523533506462,0,0.48943889141082764,0.03334591646633144,22.45950698852539
397,393,-0.1794650682988978,0,0.5023610293865204,0.031324999615034016,24.378725051879883
398,813,-0.17993226114316932,0,0.4361110230286916,0.03895276442125344,21.25918197631836
399,299,-0.18131633168992778,0,0.5410118500391642,0.02689209365401043,25.626405715942383
400,246,-0.1815661589127155,0,0.4763600726922353,0.034180104494000094,23.091768264770508
401,696,-0.18189718932423032,0,0.6094837188720703,0.01398760038542306,43.388118743896484
402,912,-0.1826152541146416,0,0.5743285417556763,0.021619339911479143,31.05336570739746
403,387,-0.18270093097611395,0,0.5334261457125345,0.010103609774324713,76.99945068359375
404,356,-0.18339714154570128,0,0.5598392883936564,0.024954334065694743,25.291515350341797
405,924,-0.1834101331266433,0,0.5490053594112396,0.027461035670578376,21.08517074584961
406,802,-0.1841975805936632,0,0.6479805707931519,0.009591004607252778,44.463741302490234
407,352,-0.18441820939459536,0,0.5843322773774465,0.011804048438199218,56.599365234375
408,398,-0.184707059279908,0,0.6159250537554423,0.016686200162361192,32.850341796875
409,280,-0.18532772376911744,0,0.4804894228776296,0.03226491219295872,26.598817825317383
410,853,-0.18674827661364146,0,0.5329836706320444,0.027616868110464217,24.516414642333984
411,646,-0.18724966298404563,0,0.5572132567564646,0.01719999674213268,47.97278594970703
412,714,-0.18777667217823898,0,0.6034565766652426,0.009498213017280193,56.94829177856445
413,798,-0.18785207041625746,0,0.5229304532210032,0.027464631473804197,27.649682998657227
414,688,-0.1881804364732516,0,0.5384553074836731,0.02679438145043448,24.98024559020996
415,12,-0.1882971527625925,1,0.6037272413571676,0.01722737548091646,33.959716796875
416,235,-0.1888818096321516,0,0.4955486257870992,0.03129341732056523,24.161962509155273
417,498,-0.1888851185030401,0,0.517547200123469,0.029052403960426423,24.298799514770508
418,254,-0.1893539542127966,0,0.5077694058418274,0.023329039046874604,43.92755126953125
419,148,-0.18951517333941453,0,0.58042840162913,0.022715456899588187,24.334697723388672
420,229,-0.19032714873661266,0,0.5425683160622915,0.024954334065694743,28.667213439941406
421,788,-0.19054417182533917,0,0.578866978486379,0.013854141032121944,50.659156799316406
422,950,-0.1905891269551429,0,0.5032713909943899,0.030308413395776695,24.37539291381836
423,144,-0.19145230201538133,0,0.5792396863301595,0.019218407848022933,34.515743255615234
424,493,-0.19206115430984572,0,0.5087206264336904,0.02996170702310623,23.43368911743164
425,460,-0.19298713415533103,0,0.6182437340418497,0.01827543739701122,25.450944900512695
426,595,-0.19368753681301534,0,0.445361187060674,0.034182411333029045,29.221704483032227
427,348,-0.19444456334101326,0,0.5130688945452372,0.027805572931239666,27.925003051757812
428,139,-0.19577711008317875,0,0.5261626144250234,0.02849036775055107,21.72979736328125
429,353,-0.19585367051195263,0,0.6084153254826864,0.018655605493198155,26.515974044799805
430,390,-0.1961954834231191,0,0.4951907893021901,0.028862776681865633,29.635116577148438
431,543,-0.19747767132276006,0,0.5188130537668864,0.0214553283027614,44.208213806152344
432,156,-0.19846618032015137,0,0.6047222018241882,0.020074143506232173,22.77909278869629
433,439,-0.1985383066427322,0,0.45061261455218,0.0367009898820851,19.063127517700195
434,609,-0.19913976279075532,0,0.4109251896540324,0.03222595467511983,43.77337646484375
435,319,-0.19979922437568312,1,0.4989271064599355,0.03037289465631785,23.200613021850586
436,775,-0.20047100661514416,0,0.5687187115351359,0.023212430335962337,23.621864318847656
437,541,-0.20106234152901478,0,0.4996665120124817,0.027952277568112343,29.807615280151367
438,658,-0.2016569584412322,0,0.5066521465778351,0.028588454706841196,25.732715606689453
439,871,-0.20185148143462645,0,0.6052094300587972,0.016648066453117748,31.902563095092773
440,720,-0.20443596740762854,0,0.5983870426813761,0.01966882025508812,24.370147705078125
441,955,-0.2045753822651724,0,0.3821861545244853,0.041304190953779275,24.130224227905273
442,132,-0.20528133240297503,0,0.585771401723226,0.020207715931152323,26.283172607421875
443,604,-0.2058098964827458,0,0.4940418203671773,0.03051134973064502,22.752614974975586
444,520,-0.20639291049242592,0,0.42552219827969867,0.037967973183848515,20.776321411132812
445,227,-0.2069426161870762,0,0.3864520788192749,0.04000226251296919,26.132007598876953
446,914,-0.20705308218931567,0,0.4323267141977946,0.036209965494168446,23.795265197753906
447,441,-0.20738040942846922,0,0.5447276731332144,0.02432218886505507,25.707386016845703
448,98,-0.2074260544174929,0,0.5477999250094095,0.021922643133814382,31.865428924560547
449,642,-0.20760000483613483,0,0.46222543716430664,0.033174715270528635,23.81690788269043
450,633,-0.20828362137828826,0,0.5224701464176178,0.013110506672882324,65.07493591308594
451,731,-0.20908817371267005,0,0.5048195421695709,0.009803276816983833,79.814453125
452,637,-0.2091221680216193,0,0.4848472674687703,0.03041034494590189,24.940044403076172
453,198,-0.20925156807536288,0,0.5895533263683319,0.020051816865780732,24.65572166442871
454,35,-0.20952239662618177,0,0.5236102739969889,0.02521824001631384,28.748794555664062
455,621,-0.21015565027586702,0,0.45098816355069477,0.008342320608844043,99.68478393554688
456,331,-0.21075240285592065,0,0.515171468257904,0.027223138113362473,25.018423080444336
457,528,-0.2109094918732311,0,0.4766627450784047,0.03101195110778117,25.134145736694336
458,861,-0.21112114458537237,0,0.5736087361971537,0.021345103278336202,25.072402954101562
459,627,-0.21207490763834813,1,0.5133755803108215,0.021557039072576764,41.92205047607422
460,403,-0.21303820515479538,0,0.4954186677932739,0.028681160637516797,25.966947555541992
461,84,-0.21382883363430688,0,0.5182519952456156,0.02682090548377863,24.542747497558594
462,661,-0.21395008858713754,1,0.6429338852564493,0.013022884212018426,28.525197982788086
463,544,-0.21405219906106668,0,0.5239876210689545,0.026340721605803478,24.2169246673584
464,137,-0.21413905008252748,0,0.6115655700365702,0.015086930550721874,31.617443084716797
465,303,-0.21425716652731228,0,0.5280360579490662,0.025674094292567926,24.94118309020996
466,825,-0.21439064122935547,0,0.6501920918623606,0.008765399445223726,38.831729888916016
467,709,-0.2151826352304872,0,0.5049681067466736,0.028041053337896433,24.519424438476562
468,611,-0.21518836639584177,0,0.5137436091899872,0.026924129016941127,25.23007583618164
469,451,-0.21533373673886194,0,0.42767346898714703,0.030792155960384635,39.09825897216797
470,107,-0.21611456536389123,0,0.5514659384886423,0.023139999200780994,25.06570053100586
471,151,-0.21614214204196594,0,0.5925744076569875,0.014965063829211405,37.068092346191406
472,599,-0.21771982833482242,0,0.45118163029352826,0.033174715270528635,24.578418731689453
473,672,-0.21843587669483622,0,0.5818051298459371,0.020219782080473606,24.183013916015625
474,190,-0.21938852419116894,0,0.499453604221344,0.02834468411103971,24.21281623840332
475,241,-0.21980280929847223,0,0.6444429457187653,0.010549161071147279,33.93526840209961
476,641,-0.21980850376331715,0,0.42482511202494305,0.036939100346967985,20.719005584716797
477,226,-0.22003779303649323,0,0.5435381233692169,0.02264389393662798,27.895193099975586
478,987,-0.2201911632218181,0,0.5176749527454376,0.026442916834050808,24.26394271850586
479,524,-0.22072043374945688,0,0.5047337313493093,0.027699090227004477,24.23619270324707
480,643,-0.22239989064858076,0,0.5383756657441457,0.02158373098001122,31.957595825195312
481,379,-0.22292482737969682,0,0.4686439335346222,0.03213426784753047,21.232830047607422
482,941,-0.22319278548272697,0,0.5146268308162689,0.02645839123866753,24.377300262451172
483,733,-0.22320555067973358,0,0.5097225109736124,0.02758107788342737,22.506994247436523
484,708,-0.22349402383833472,0,0.5246230761210123,0.022501300803565175,33.027671813964844
485,175,-0.22395456531649782,0,0.4354995886484782,0.035769589781266604,20.009511947631836
486,222,-0.2241030074256065,0,0.5435276329517365,0.02413511096323885,22.50462532043457
487,634,-0.22439067762124437,0,0.4627789656321208,0.03129341732056523,25.075475692749023
488,362,-0.22460981414548942,0,0.47591716051101685,0.024761508494072326,40.411376953125
489,973,-0.22511238605125558,0,0.4541615645090739,0.03222294310147157,24.692031860351562
490,832,-0.22543776237182933,0,0.4147544503211975,0.03604002344479914,24.947235107421875
491,638,-0.22579084612765438,0,0.5894227425257365,0.007494856701411043,57.64293670654297
492,78,-0.22621951931610715,0,0.5216520627339681,0.02494190470194294,26.038272857666016
493,997,-0.22627732231932063,0,0.5622490445772806,0.019094455124653714,31.323514938354492
494,729,-0.2266086854480193,0,0.6052198906739553,0.01667311669825308,25.74542999267578
495,413,-0.22661057357992725,0,0.5128732621669769,0.02607746127515457,25.176225662231445
496,304,-0.22682245260089756,0,0.5146306057771047,0.021190670286746836,39.011009216308594
497,974,-0.2270053495328499,0,0.5762897829214731,0.006144266771138888,65.1865234375
498,455,-0.22705250750337486,0,0.5366577704747518,0.023249329022772713,26.4107666015625
499,324,-0.2276134678765714,0,0.4597391386826833,0.03129341732056523,25.17768669128418
500,707,-0.22793369698299065,0,0.6213957468668619,0.00941571180634873,42.05501174926758
501,867,-0.22799654771865724,0,0.5441308518250784,0.022962855291011042,24.826190948486328
502,904,-0.2281857684193111,0,0.4932517210642497,0.028763034814401317,22.642559051513672
503,647,-0.2292188308729419,0,0.45946479837099713,0.030954875342871876,25.86190414428711
504,416,-0.2298877047758738,0,0.5686501065889994,0.016138552968989514,37.26723098754883
505,697,-0.23060137297368655,0,0.4770154257615407,0.028588454706841196,27.33733558654785
506,328,-0.23100330397542865,0,0.5154170294602712,0.025674094292567926,24.53842544555664
507,64,-0.23115781007030317,0,0.551484594742457,0.02106957066962426,27.468128204345703
508,926,-0.2311723696916379,0,0.44097450375556946,0.032929823381775324,24.997251510620117
509,367,-0.23129868367144696,0,0.642421285311381,0.011548335426828735,28.761320114135742
510,396,-0.2319390405445734,0,0.5332406163215637,0.021141108082474394,32.429141998291016
511,91,-0.23246173007070708,0,0.48338134090105694,0.02852677677136247,25.190654754638672
512,831,-0.23306270452846334,0,0.5259727338949839,0.025060729391335308,22.73712158203125
513,204,-0.23382328439545597,0,0.5805307229359945,0.019759044380186667,22.136625289916992
514,426,-0.23410700470639673,0,0.5843840539455414,0.01687635500782908,29.430593490600586
515,817,-0.23433018466441974,0,0.6032200753688812,0.012199101829511935,37.623870849609375
516,805,-0.2346918736953329,0,0.5830234090487162,0.017864399530147106,26.774789810180664
517,836,-0.2347682750072692,0,0.5049513578414917,0.026243427847405125,25.01260757446289
518,409,-0.23532275239739758,0,0.5103339751561483,0.0260767782274532,23.78512954711914
519,334,-0.23595040858427513,0,0.6004263559977213,0.013222064231263656,35.032196044921875
520,537,-0.2364331186101939,0,0.6178116202354431,0.013444796187488941,29.145889282226562
521,769,-0.23676247707295928,0,0.517690102259318,0.025674094292567926,22.45572280883789
522,48,-0.23707964997325426,0,0.6287722786267599,0.013243189485354256,26.3588924407959
523,929,-0.23721341555907607,0,0.5329336921374003,0.02399636695486275,22.8083438873291
524,837,-0.23722319874169728,0,0.5640044311682383,0.017723658917128907,32.159515380859375
525,852,-0.23741327812915214,0,0.5535574754079183,0.01616368113798094,39.78216552734375
526,548,-0.23774975156193315,0,0.5298584302266439,0.023734204288579648,24.353456497192383
527,102,-0.23843292055466273,0,0.5711041986942291,0.019116390947559524,25.670101165771484
528,588,-0.2389472685089748,0,0.4162448247273763,0.036209965494168446,20.690317153930664
529,368,-0.2390512395973843,0,0.5115103820959727,0.024908791595377275,25.96613121032715
530,150,-0.2391413218421888,0,0.46696441372235614,0.029973949495364215,24.1113224029541
531,901,-0.24092925540132917,1,0.3839604953924815,0.037214129783527033,26.735443115234375
532,342,-0.24096487407295053,1,0.5215017994244894,0.024207497482675387,24.62569236755371
533,115,-0.24260550229438138,0,0.4923326075077057,0.027304268358256792,23.670989990234375
534,721,-0.24375885566625477,0,0.575339694817861,0.010968174455822446,47.13315200805664
535,92,-0.24397700082345863,0,0.5680013298988342,0.018829672521516478,26.065834045410156
536,529,-0.2442467426177338,0,0.4182078142960866,0.035769589781266604,20.109655380249023
537,73,-0.24479527859511135,0,0.4971100389957428,0.013118487685279503,63.54023742675781
538,590,-0.2451322330304013,0,0.5489851931730906,0.02071085658198722,25.828201293945312
539,789,-0.24520383304442328,0,0.5560922920703888,0.012447171498007333,48.0777702331543
540,686,-0.245671883552742,0,0.5267668267091116,0.02474615490662472,20.334104537963867
541,816,-0.2459517120995817,0,0.4378606180349986,0.03294269083256248,22.245088577270508
542,635,-0.24663818114472483,0,0.5060173074404398,0.02074141723665369,38.00083541870117
543,850,-0.2471913062898028,1,0.537608782450358,0.02275273976184043,22.648860931396484
544,223,-0.24740138596861624,0,0.5220138231913248,0.024119066790741193,23.155031204223633
545,359,-0.24767033422460286,0,0.5338268180688223,0.02246216112533,24.49957275390625
546,612,-0.24873210013694663,0,0.4812193711598714,0.026240866221578802,28.567930221557617
547,730,-0.2489157798164659,0,0.5242136418819427,0.018147945893708693,39.73582458496094
548,662,-0.24897060137043794,0,0.4919788936773936,0.018479464152702862,48.222251892089844
549,34,-0.24901786151340083,0,0.4830087025960286,0.028041053337896433,22.66575813293457
550,230,-0.2490680833729595,0,0.5581784645716349,0.01936219422115227,26.133846282958984
551,429,-0.24928156973522697,0,0.4974658687909444,0.025452336219526334,25.980649948120117
552,24,-0.25067396705589773,0,0.5756997267405192,0.01800568347816043,24.5864200592041
553,765,-0.2509341541722829,0,0.4940678079922994,0.025674094292567926,25.920198440551758
554,870,-0.2513320147686202,0,0.5426005224386851,0.012561841398381396,50.201324462890625
555,521,-0.25165300550555786,0,0.503804494937261,0.025091639067784687,24.59781265258789
556,419,-0.25184495262850604,0,0.42167607446511585,0.009859686865545919,93.59156036376953
557,205,-0.25251554648819663,0,0.4408922990163167,0.03121553388659426,24.83241081237793
558,188,-0.2545016659826348,0,0.5032755732536316,0.015972028222216987,50.93312454223633
559,417,-0.2545612211171873,0,0.509220540523529,0.012545266580749507,59.27082061767578
560,650,-0.25468755158606604,0,0.49658745527267456,0.026019925330306195,23.238296508789062
561,313,-0.25551033648772425,0,0.561019370953242,0.010746515687074937,49.110557556152344
562,726,-0.2555149883416202,0,0.4525698920090993,0.03197792837106561,18.415447235107422
563,497,-0.2556317981775186,0,0.5203064382076263,0.022392784763953233,26.723758697509766
564,711,-0.2556867777065366,0,0.5346458156903585,0.018317165647843914,34.507083892822266
565,38,-0.2556988722803894,0,0.431907057762146,0.03224369357263382,23.661836624145508
566,392,-0.2561145691158039,0,0.47114769617716473,0.028286739397406037,23.685842514038086
567,890,-0.25673355484910787,0,0.5488775769869486,0.016263584154042193,36.11865234375
568,919,-0.2572174696947253,0,0.5641477803389231,0.007373048912492741,57.714603424072266
569,865,-0.25796711394028926,0,0.4266999165217082,0.03224369357263382,24.635669708251953
570,956,-0.25818715795172587,0,0.5458259483178457,0.019975171145048185,25.719188690185547
571,866,-0.2582801020332277,0,0.4685149888197581,0.028432149047559932,23.499431610107422
572,360,-0.2584741922458148,0,0.43468963106473285,0.031774420638803896,23.545307159423828
573,468,-0.25873436590017984,0,0.5238778591156006,0.02227848072209625,25.24869155883789
574,285,-0.2592639331135789,0,0.5201058685779572,0.0216311073121592,28.13568687438965
575,724,-0.2596361975249883,0,0.5662373602390289,0.014246002999215098,36.24868392944336
576,449,-0.259769639024373,0,0.5921826362609863,0.006253921120860082,52.144107818603516
577,777,-0.25982090859171375,0,0.5611307819684347,0.01660684006587919,30.74625015258789
578,414,-0.2601454576241168,0,0.5839672386646271,0.015274689869822571,27.879043579101562
579,93,-0.2606376057863506,0,0.4837654034296672,0.02596460153618169,25.709745407104492
580,401,-0.2607553788144861,0,0.47434284289677936,0.027393698578446566,24.238889694213867
581,626,-0.2612764687418412,0,0.4920695225397746,0.011570020116939628,65.53846740722656
582,434,-0.2620581583690045,0,0.539664218823115,0.019239859794590097,28.74732208251953
583,746,-0.2628781554890103,0,0.5189272960027059,0.021956164878503735,26.636470794677734
584,277,-0.26292255830655686,0,0.574713279803594,0.015764232549683416,28.474775314331055
585,435,-0.2633009153898851,0,0.46728867292404175,0.027862285912148715,24.3065185546875
586,14,-0.26364741293293736,0,0.5071948965390524,0.023849835467963137,24.31540870666504
587,490,-0.2638183152298566,0,0.5691078106562296,0.014771406010853382,32.829078674316406
588,712,-0.263830328897118,0,0.49054643511772156,0.025674094292567926,23.788257598876953
589,6,-0.2644842880760325,1,0.547415554523468,0.019616629459694283,24.762083053588867
590,248,-0.26466187419757564,0,0.5540018379688263,0.015957931480124442,33.565860748291016
591,221,-0.26552009469470716,0,0.47383710741996765,0.028458779784548947,20.078136444091797
592,88,-0.2668774163313801,0,0.42735180258750916,0.031816289278075165,23.51544189453125
593,629,-0.26703545040265647,0,0.5331225395202637,0.02053250996433447,25.638185501098633
594,260,-0.2671007574046326,0,0.4499475657939911,0.029366629469309912,24.03763771057129
595,684,-0.267353885803706,0,0.43551985422770184,0.03102245031591786,23.336801528930664
596,39,-0.2681096051244241,0,0.4902004599571228,0.02043775083800206,38.272769927978516
597,774,-0.2683573497659554,0,0.5543432434399923,0.007873921966885524,56.38496017456055
598,421,-0.2693442203432791,0,0.4118082523345947,0.03274687340152068,24.736581802368164
599,196,-0.2697490933609693,0,0.37701472640037537,0.0350759941555067,28.001523971557617
600,307,-0.27006541805939144,0,0.5433835089206696,0.007031888145652322,61.66946792602539
601,695,-0.2702252317942614,0,0.49284403522809345,0.02494190470194294,23.70029067993164
602,573,-0.270476002985179,0,0.46971020102500916,0.02172119961501145,39.932857513427734
603,761,-0.27139490217250095,0,0.47513413429260254,0.015730061152781902,55.77101135253906
604,742,-0.2727366487427168,0,0.5340421199798584,0.021183138632681835,22.049964904785156
605,394,-0.2727568192201763,0,0.5246093471844991,0.020046796267627055,28.167537689208984
606,224,-0.2727619933620507,0,0.4344888428846995,0.02914393922714029,27.848501205444336
607,116,-0.27291876515970637,0,0.5049690206845602,0.023279879649382197,24.372732162475586
608,117,-0.2732127824753634,0,0.5285764038562775,0.019414039516669247,28.754247665405273
609,687,-0.2736075458465366,0,0.49497999747594196,0.024872278578209575,22.44685935974121
610,539,-0.27427340116390553,0,0.5441320240497589,0.007446371871125013,59.19428634643555
611,854,-0.2743971336880071,0,0.5204718112945557,0.02213681819303054,22.820926666259766
612,310,-0.2745036437244576,0,0.425573468208313,0.03090492156539128,24.85150909423828
613,679,-0.27486702222355186,0,0.47331345081329346,0.02645839123866753,23.832548141479492
614,58,-0.27504416455276093,0,0.5504030485947927,0.01822042219318634,25.405540466308594
615,408,-0.27559899057076354,0,0.48262832562128705,0.025674094292567926,23.225868225097656
616,603,-0.2760037170030507,0,0.5605134864648184,0.01519849056545187,31.104345321655273
617,9,-0.276574847890914,0,0.4896732072035472,0.02466731648074995,23.882415771484375
618,259,-0.2771583657507513,0,0.5562788049379984,0.017403683075430523,25.56611442565918
619,507,-0.2775150418353858,0,0.49549366037050885,0.02379001774046953,24.526073455810547
620,60,-0.27755077919207205,0,0.46524935960769653,0.022948796383104177,35.88856506347656
621,838,-0.27769391145397854,0,0.4842952291170756,0.025674094292567926,22.221298217773438
622,113,-0.2777887910222106,0,0.4938853085041046,0.02399636695486275,24.323497772216797
623,939,-0.2785110704847273,0,0.5247767368952433,0.017685867994673584,33.663787841796875
624,767,-0.2792428770687902,0,0.6281801064809164,0.008742730178003701,29.4427433013916
625,94,-0.27960282064277087,0,0.5880265732606252,0.013640823089378286,26.722694396972656
626,517,-0.2797366395400305,0,0.640366663535436,0.00626001174309425,33.056270599365234
627,262,-0.2800231699261659,0,0.5096501012643179,0.02142272902617488,26.72551727294922
628,632,-0.2804738124318193,0,0.5570937792460123,0.016832958354714454,26.194429397583008
629,882,-0.28068592552546107,0,0.5587634642918905,0.016619465191033248,26.280704498291016
630,210,-0.2809605264953575,0,0.5322654247283936,0.020603220976106094,22.261844635009766
631,242,-0.281245772255584,0,0.5229261517524719,0.01954791143164708,28.047988891601562
632,808,-0.2819114203381875,0,0.49773967266082764,0.021418976317137385,29.77450180053711
633,220,-0.2819305512203069,0,0.5585811932881674,0.016162638713589736,27.375083923339844
634,963,-0.28243844231668697,0,0.5024537642796835,0.020084661752067523,32.191925048828125
635,970,-0.2829382559923504,0,0.4531855881214142,0.0268958831594851,26.478416442871094
636,990,-0.2830020385595065,0,0.5359105964501699,0.018417356871520598,27.1314640045166
637,842,-0.2831396869348648,0,0.5837437907854716,0.015058498094475424,22.93470001220703
638,483,-0.28315487213322027,0,0.4718460738658905,0.011841889598846125,65.30963897705078
639,577,-0.2841334565684666,0,0.5268135070800781,0.019731513088980208,25.654754638671875
640,593,-0.2848270971214512,0,0.4891659716765086,0.019619717042250857,36.88228988647461
641,160,-0.28495768316523845,0,0.5221824745337168,0.01867235847075241,29.935638427734375
642,90,-0.2860480359356353,0,0.47629957397778827,0.02278153911401045,31.0459041595459
643,27,-0.2872686439477601,0,0.5013743837674459,0.02197351101153078,25.755741119384766
644,406,-0.2874037193116089,0,0.45691917339960736,0.026814174437923347,24.52488136291504
645,47,-0.28786905432634097,0,0.4578707714875539,0.027495357822167468,22.12308692932129
646,508,-0.28805105411636633,0,0.5244309604167938,0.011854702489661023,48.609439849853516
647,586,-0.28813833406992834,0,0.5205735762914022,0.018317165647843914,30.67441177368164
648,106,-0.2886722489359409,0,0.4361100693543752,0.02923996497832042,23.181365966796875
649,465,-0.28923453083186634,0,0.4732981820901235,0.025293506593613693,23.741878509521484
650,320,-0.2900261923354558,0,0.5458084046840668,0.010743202893873845,45.115455627441406
651,667,-0.29004585222393947,0,0.5781881213188171,0.008708985242372675,41.58670425415039
652,690,-0.2903257693974409,0,0.46301722526550293,0.02621463285443953,23.781522750854492
653,601,-0.2910801082008979,0,0.541182150443395,0.014602053237912192,34.84304428100586
654,255,-0.2911957690104434,0,0.5313185056050619,0.015745833373444762,34.34333801269531
655,177,-0.2912391183170754,0,0.49682902296384174,0.022693827320896157,23.99386978149414
656,739,-0.2918499589108125,0,0.5718144774436951,0.01028301184626573,38.378143310546875
657,738,-0.29200477167628985,0,0.45440622170766193,0.02721245577651964,22.95979118347168
658,946,-0.29249502011190054,0,0.5428824623425802,0.018778902779464115,21.684682846069336
659,182,-0.2930877801729716,0,0.515486498673757,0.015796792682221873,38.38308334350586
660,349,-0.2934483645764018,0,0.5603067576885223,0.01490440235846495,27.74762535095215
661,523,-0.2938402365052745,0,0.49464643994967145,0.02262260605121454,24.206649780273438
662,506,-0.2953484317216635,0,0.5008729000886282,0.004162490875206632,76.41558074951172
663,479,-0.2953636663183063,1,0.47130099932352704,0.017815290770710167,44.86529541015625
664,33,-0.2959964781600227,0,0.5287220676740011,0.01944811043068858,23.015459060668945
665,199,-0.2968561254532056,0,0.602324903011322,0.00988571625024305,29.349592208862305
666,764,-0.29843871540888806,0,0.3946270744005839,0.031964769722033846,24.947608947753906
667,193,-0.2985417329507312,0,0.5024222135543823,0.021646561278128203,23.642736434936523
668,732,-0.2987702898241571,0,0.520564059416453,0.019404600836093397,24.860923767089844
669,942,-0.298875369966517,0,0.5529911716779073,0.01618144491606368,24.801572799682617
670,960,-0.2998126480595385,0,0.527361661195755,0.01714539141629649,29.265295028686523
671,821,-0.3001871328693535,0,0.5231490532557169,0.012136350666983426,45.17563247680664
672,195,-0.30130434486724034,0,0.5711767872174581,0.014967572369222627,22.436264038085938
673,82,-0.30181802811320596,0,0.5341509580612183,0.019060732768191105,21.13139533996582
674,605,-0.30291191881543833,0,0.5722966889540354,0.012028099699864748,30.376094818115234
675,625,-0.3032764209237192,0,0.41893399755160016,0.028037729796035547,28.187938690185547
676,265,-0.3040982640045332,0,0.4748827914396922,0.01819455194128302,40.54923629760742
677,718,-0.3046582362889757,0,0.5030533075332642,0.009404562256868493,58.0374641418457
678,347,-0.3047415638399768,0,0.5464517970879873,0.013567225457147426,32.988677978515625
679,839,-0.3048200547461466,1,0.47310251990954083,0.023614243640210402,24.921201705932617
680,81,-0.3055533642099143,0,0.5609978834788004,0.011433188396771496,34.80268096923828
681,893,-0.3059348007653435,0,0.48677674929300946,0.02228859109768921,24.53447151184082
682,257,-0.3060133339215525,0,0.5665766000747681,0.012697875925664369,29.321992874145508
683,420,-0.3063270204898232,0,0.4712649881839752,0.023649401441688932,24.987709045410156
684,728,-0.3073384938109269,0,0.5451167424519857,0.018578514430645572,17.972965240478516
685,756,-0.3073933008527916,0,0.4297297994295756,0.02738246950602137,25.93422508239746
686,159,-0.30761229302210785,0,0.519848237435023,0.019182252703056242,23.555187225341797
687,178,-0.3077455973913907,0,0.48861998319625854,0.021979254758103257,24.45958709716797
688,787,-0.30792808966832375,0,0.5249712665875753,0.018730000862827927,23.304439544677734
689,491,-0.30822984344107607,0,0.4934157927831014,0.021671603046782242,23.837472915649414
690,100,-0.30834510470481385,0,0.4197277824083964,0.028773559958127724,24.540918350219727
691,329,-0.30866451545037976,0,0.4455179770787557,0.026243427847405125,24.337543487548828
692,11,-0.3088236847044185,0,0.4252860446770986,0.028041053337896433,24.948265075683594
693,29,-0.3091007881894063,0,0.5765446523825327,0.009395014483939867,35.368080139160156
694,85,-0.30941141263923844,0,0.5242310067017873,0.017038762911566085,28.142587661743164
695,885,-0.30997877886749964,0,0.4925583004951477,0.021468912629485963,24.257463455200195
696,583,-0.31046225362846985,0,0.5423270960648855,0.013821736498145762,32.04621887207031
697,947,-0.3106035449191572,0,0.5503972967465719,0.016466767567276712,21.842832565307617
698,928,-0.31092445365159593,0,0.44839080174763996,0.026405707697108545,22.459596633911133
699,693,-0.3111686514948459,0,0.5388972957928976,0.0166769794825237,24.46546173095703
700,70,-0.3115416580857621,0,0.5464254717032114,0.014732362074011586,27.892194747924805
701,613,-0.31193658904527455,0,0.4620069166024526,0.02426477161579207,24.518144607543945
702,157,-0.3130303276536598,1,0.40188101927439374,0.02862320807151172,29.08035659790039
703,639,-0.3131276886915299,0,0.5309655070304871,0.00461212226256011,61.87661361694336
704,945,-0.31315419907893977,0,0.4404510160287221,0.02581554992299741,25.98573112487793
705,41,-0.3131601013189726,1,0.5373273690541586,0.017023444590893888,23.416749954223633
706,322,-0.3133198033613272,0,0.5537105699380239,0.01195839880470931,33.48973846435547
707,966,-0.3133552563890169,0,0.49970664580663043,0.02106957066962426,22.503639221191406
708,261,-0.3133981358118411,0,0.42602333426475525,0.028584854215714238,22.00522804260254
709,925,-0.31391276339189644,0,0.45928316315015155,0.02432218886505507,24.664358139038086
710,245,-0.31402316097633004,0,0.4545719822247823,0.026842924657914314,18.59263801574707
711,527,-0.3145767397782281,0,0.4708643853664398,0.006325392319946025,74.1407241821289
712,888,-0.3147810042117256,0,0.5447506507237753,0.015738942384032072,24.622201919555664
713,477,-0.314865416459585,0,0.5523358583450317,0.009171248189292788,41.729244232177734
714,373,-0.31509554105339677,1,0.5523476004600525,0.010415720733450906,38.001277923583984
715,553,-0.31583356516940575,0,0.4421851436297099,0.02604225933800776,24.14965057373047
716,810,-0.31601061295682886,1,0.5540698071320852,0.01428826584351565,25.85615348815918
717,668,-0.31715314775937853,0,0.5006423691908518,0.019807231978358607,25.01645278930664
718,464,-0.31727104632348674,0,0.4232170581817627,0.027616868110464217,24.732181549072266
719,555,-0.3177073498498867,0,0.485322505235672,0.019619007049587536,29.939165115356445
720,487,-0.3178399542935248,0,0.4753062625726064,0.02237984634508783,24.713991165161133
721,587,-0.3186929087111964,0,0.42114431659380597,0.025657105720138577,30.768630981445312
722,773,-0.3189653543151924,0,0.5300906499226888,0.01650846052128702,25.636489868164062
723,835,-0.32001731377596504,0,0.5503649214903513,0.011718279790770579,33.536224365234375
724,444,-0.32035745564513113,0,0.4445880850156148,0.027663196475181222,17.55454444885254
725,140,-0.32056447577732505,0,0.5900882283846537,0.010575868354124489,25.090368270874023
726,984,-0.32079007557215017,0,0.47172605991363525,0.02365455540294534,21.284921646118164
727,545,-0.3213831778673191,0,0.475166658560435,0.022034631077476188,24.9023380279541
728,598,-0.3214013259443793,0,0.4977673490842183,0.020813916643558854,21.851247787475586
729,572,-0.3222882171782719,0,0.5403010646502177,0.01200755118687994,35.08467102050781
730,44,-0.322533463727292,0,0.45424174269040424,0.025674094292567926,20.044694900512695
731,485,-0.3226379510251734,0,0.45435308416684467,0.017242663031457876,44.83736038208008
732,165,-0.32266903953046067,0,0.5616256892681122,0.013272201006887181,24.994234085083008
733,819,-0.32310095741542516,0,0.4932876129945119,0.015424131532029971,38.63689041137695
734,186,-0.32375408802809674,0,0.5727546314398447,0.009368193569552026,32.9626350402832
735,985,-0.3238934869735898,1,0.4993978242079417,0.018701545765625417,26.98589515686035
736,918,-0.32407116444898465,0,0.4843676785628001,0.02106957066962426,24.381532669067383
737,83,-0.3240876349464622,0,0.36683788895606995,0.0322092702261321,26.097759246826172
738,791,-0.3244179581466669,0,0.4843028088410695,0.0053773867053788045,70.56706237792969
739,704,-0.3249236198678639,0,0.37093664209047955,0.03279632942380757,22.957096099853516
740,442,-0.32574286736367963,0,0.5143357217311859,0.017773672426961536,24.874797821044922
741,225,-0.3268961724923456,0,0.5117782652378082,0.018575244991896594,22.980865478515625
742,551,-0.32725711113237843,0,0.462290624777476,0.022816945971334417,24.939470291137695
743,964,-0.32729101182158166,0,0.47616446018218994,0.022036053017859845,23.15386390686035
744,561,-0.32731849775929306,0,0.5019450386365255,0.018417356871520598,26.233478546142578
745,346,-0.32732485783172194,0,0.5829578836758932,0.01159612267980657,22.519250869750977
746,80,-0.32744588838932337,0,0.525616983572642,0.017704016690590595,21.34515953063965
747,873,-0.3280187808568266,0,0.5304158926010132,0.01532306885181627,26.811260223388672
748,766,-0.32865233964427226,0,0.5152975618839264,0.01754858749637716,24.540889739990234
749,748,-0.3288698593239519,0,0.4587607185045878,0.02375061192623275,22.829265594482422
750,532,-0.32887736706929177,0,0.5135238567988077,0.01439123526965157,34.31317138671875
751,909,-0.329115381497272,0,0.4191024700800578,0.027075255531750476,24.629337310791016
752,760,-0.32956834252632994,0,0.47135914365450543,0.021675103748187454,25.07120132446289
753,678,-0.32971358912330356,0,0.45438921451568604,0.02250083498268063,27.590904235839844
754,998,-0.3301008685097264,0,0.4805164635181427,0.021084283617018546,23.989564895629883
755,591,-0.33022995126572663,0,0.47490765651067096,0.003274885516593634,78.09882354736328
756,95,-0.33028444731603973,0,0.43505170941352844,0.025293506593613693,24.904726028442383
757,503,-0.3309415329201727,0,0.42415667573610943,0.026388485312804823,24.7191162109375
758,263,-0.33141811797230614,0,0.4941162367661794,0.019182252703056242,25.273826599121094
759,763,-0.3314497976981311,0,0.5832207500934601,0.00815652781317604,31.566875457763672
760,289,-0.33173313887466094,0,0.5300429165363312,0.01770610520075684,18.98485565185547
761,554,-0.3321824420402413,0,0.454683780670166,0.023569580819452953,23.74791145324707
762,579,-0.33274305349937583,0,0.4373217225074768,0.026714198755127903,19.446130752563477
763,180,-0.33292854311351194,0,0.40854177872339886,0.02897963776624513,21.184656143188477
764,525,-0.33296281390304744,0,0.4292777379353841,0.027160067844993387,20.442922592163086
765,715,-0.33348320937331677,0,0.47220346331596375,0.023441755505488476,18.6544189453125
766,264,-0.33384442736347036,0,0.464659849802653,0.02222327691331242,24.374910354614258
767,911,-0.3341954218157576,0,0.4341712494691213,0.016045528419438286,51.460845947265625
768,51,-0.3342223867436285,0,0.5026543835798899,0.01809627747860551,25.27573585510254
769,446,-0.3343606319566731,0,0.47061827778816223,0.02205231306928341,23.000259399414062
770,719,-0.3344751935478138,0,0.4897762139638265,0.019702961616175803,24.264240264892578
771,654,-0.3344801747575079,0,0.4548184076944987,0.02262961138125959,25.91451644897461
772,792,-0.3353855040695713,0,0.5370435317357382,0.011282967508463847,34.961429595947266
773,619,-0.3360601555379566,0,0.5410977403322855,0.01238344441239877,30.36022186279297
774,995,-0.33608763054445356,0,0.45230992635091144,0.024330674117695062,21.24346351623535
775,402,-0.3363679033436976,0,0.5047299265861511,0.01754858749637716,25.752878189086914
776,108,-0.3364802458635202,0,0.5940408706665039,0.007745775337427373,28.36097526550293
777,900,-0.3370190750125584,0,0.5235242247581482,0.016367281914690085,23.549245834350586
778,302,-0.3375973820238164,0,0.5269135534763336,0.01634904307118681,22.46451187133789
779,275,-0.3377967667379542,0,0.41471917430559796,0.02719928518172073,23.420360565185547
780,776,-0.3382921416428847,0,0.5674359500408173,0.01233867682997477,22.200572967529297
781,315,-0.33863454712593355,0,0.4153070052464803,0.02656889929141491,24.899803161621094
782,473,-0.33932247030071516,0,0.5445170104503632,0.012212564576426551,29.05740737915039
783,36,-0.3398761488732148,0,0.5870769818623861,0.011135044912059924,19.584707260131836
784,978,-0.34029375347003726,0,0.46160779396692914,0.02227848072209625,23.525588989257812
785,820,-0.3411946787151947,0,0.4548732240994771,0.020997060819102936,29.061187744140625
786,560,-0.3416611427297083,0,0.4336095452308655,0.02620599551550623,19.84517478942871
787,859,-0.34370936837242616,0,0.5615772008895874,0.012125052354920101,23.22224998474121
788,951,-0.34425224823596257,0,0.5051958759625753,0.017680819719485753,23.289794921875
789,815,-0.34441934079908565,0,0.5146180192629496,0.015708356914057267,26.29234504699707
790,244,-0.3449689804845237,0,0.4693126678466797,0.020308538773759204,25.918415069580078
791,933,-0.34570130419103084,0,0.4212789634863536,0.025734746832121798,23.86709976196289
792,797,-0.34675620584136163,0,0.46909640232721966,0.021443189964929964,22.198759078979492
793,923,-0.34736169860752236,0,0.4770590364933014,0.014770975021388076,39.37493133544922
794,883,-0.348473472973878,0,0.4338175058364868,0.023048620650283992,27.417110443115234
795,457,-0.34883013717934536,0,0.522772490978241,0.01719761710101125,18.42217254638672
796,23,-0.3490704221226243,0,0.4563855429490407,0.021778123481297415,24.38020133972168
797,443,-0.3492327396229781,0,0.44193657239278156,0.014291795423178405,50.653770446777344
798,557,-0.35098032420077296,0,0.48750794927279156,0.018951713607186983,23.091798782348633
799,458,-0.3511294336362082,0,0.4798037310441335,0.018492349251441213,26.674163818359375
800,992,-0.3514783248339612,0,0.4937331775824229,0.015538038219087318,31.200847625732422
801,152,-0.3520356186017083,0,0.506061315536499,0.01645552952695623,24.73526382446289
802,187,-0.35240994565842604,0,0.5659277240435282,0.012456770598744681,18.82866859436035
803,953,-0.3533447394018794,0,0.5042930146058401,0.016915057679298455,23.579204559326172
804,478,-0.35364631175747085,0,0.5638452172279358,0.011931358994567164,20.685895919799805
805,887,-0.35452445510356884,1,0.5322317183017731,0.011199053681350291,31.923019409179688
806,981,-0.35532950582317857,0,0.4955049852530162,0.0161710975927797,27.868209838867188
807,862,-0.35623121664455826,0,0.5210056006908417,0.014933889407505379,23.796157836914062
808,801,-0.3565181567949712,0,0.45626405874888104,0.016269845334657203,38.82206726074219
809,8,-0.3574467748432878,0,0.44240357478459674,0.02296149239474641,22.945819854736328
810,749,-0.3577890048359368,0,0.4184049765268962,0.02474615490662472,24.657190322875977
811,136,-0.3589433832649391,0,0.45489733417828876,0.020153310930406284,27.182016372680664
812,172,-0.35900550602705794,0,0.414893517891566,0.02608334701614395,21.449512481689453
813,286,-0.3596991724946098,0,0.4928323229153951,0.017562661113041944,23.479270935058594
814,680,-0.36048626880398343,0,0.4635121325651805,0.020356432788115428,23.671653747558594
815,218,-0.36060356326135884,0,0.5394035478432974,0.013390270148673824,21.863048553466797
816,716,-0.36060819805068145,1,0.43007145325342816,0.023634915571958785,23.810169219970703
817,153,-0.36094829371236586,0,0.45511894424756366,0.021378814851849566,23.012380599975586
818,37,-0.361959762299698,0,0.42586050430933636,0.024745134629664472,21.443958282470703
819,207,-0.36430881260100145,0,0.47216418385505676,0.01878418874903773,24.8232364654541
820,76,-0.3645597833720937,0,0.4583064019680023,0.02012068733335467,24.89655113220215
821,297,-0.3645811011069548,0,0.4408441086610158,0.02197351101153078,24.56416130065918
822,744,-0.3645977896081649,0,0.459741731484731,0.020848446074997196,22.32021141052246
823,827,-0.36470649819019246,0,0.48426323135693866,0.018413002184905554,22.262493133544922
824,146,-0.36501529825676454,0,0.4040347735087077,0.027186928487050618,19.913284301757812
825,395,-0.3659637261503554,0,0.4745688239733378,0.01878418874903773,23.709835052490234
826,171,-0.36640798554308646,0,0.40449952085812885,0.02130949105948557,36.75795364379883
827,691,-0.3664400747178665,0,0.4747711916764577,0.017348745219971037,27.76422119140625
828,734,-0.3664833067502339,0,0.46686282753944397,0.019589195770185863,23.47509002685547
829,931,-0.36683550839719414,0,0.5608444114526113,0.009158817560327005,26.500818252563477
830,988,-0.3670612219539312,0,0.5036147733529409,0.01552356338744612,24.511253356933594
831,804,-0.36711888224921385,0,0.46284937858581543,0.020340929970148375,22.283266067504883
832,272,-0.3686348752777836,0,0.44833771387736004,0.019463264972402614,28.76423454284668
833,62,-0.3705669835308841,1,0.4710739652315776,0.01905395152888617,22.811683654785156
834,376,-0.3709034946615778,0,0.49772700667381287,0.011979331905040806,35.7449951171875
835,43,-0.3709525085302574,0,0.4569520155588786,0.020181633112954456,23.54509162902832
836,824,-0.37136921071227336,0,0.4375875989596049,0.004657791772175001,74.89134216308594
837,200,-0.3718990357096344,0,0.4629359245300293,0.01982218070829411,22.612821578979492
838,40,-0.3719760102674434,0,0.5139860212802887,0.013603243307508645,25.91507339477539
839,723,-0.37223350110457026,0,0.4568387766679128,0.01878418874903773,27.38265037536621
840,932,-0.37250579084278757,0,0.3974602321783702,0.025674094292567926,24.465553283691406
841,636,-0.3740213423159362,0,0.5358865360418955,0.008615413935562566,33.6752815246582
842,841,-0.3742042016863374,1,0.48079780737559,0.0169450911304114,25.275314331054688
843,296,-0.37438798125438494,0,0.42765172322591144,0.02262961138125959,24.100400924682617
844,209,-0.37538387189406314,0,0.49928457538286847,0.014650443373271115,26.313798904418945
845,976,-0.3772908621600068,0,0.5004483262697855,0.014725852310662533,25.281047821044922
846,869,-0.37793125054093324,0,0.44399412473042804,0.021146514223469685,22.79685401916504
847,295,-0.37897214617093133,0,0.39271047711372375,0.025459976653840113,24.904979705810547
848,580,-0.3794357642668521,0,0.36714524527390796,0.004636488794744577,93.68309020996094
849,610,-0.3800434831939395,0,0.5221601128578186,0.008628579903593352,36.19304275512695
850,350,-0.38055638182884344,0,0.43110207716623944,0.019580005625958692,30.5595760345459
851,440,-0.3817051879423399,0,0.4690937598546346,0.018600843020485015,21.993892669677734
852,959,-0.3818195995137359,0,0.5400824149449667,0.010826718369142618,24.008819580078125
853,423,-0.38190528124665746,0,0.4192739725112915,0.022914575281543566,23.877344131469727
854,957,-0.38228046748992867,0,0.40135011076927185,0.02432218886505507,24.905973434448242
855,840,-0.3822871253458264,0,0.5134285589059194,0.013353301536679534,24.28330421447754
856,905,-0.38287520224864197,0,0.4761923551559448,0.014807867008242305,30.799091339111328
857,857,-0.382906396881083,0,0.532538910706838,0.011025171299338603,25.374773025512695
858,112,-0.3834326917762526,0,0.4099367956320445,0.0233327616830912,25.0147762298584
859,908,-0.3841731536552148,0,0.4924234052499135,0.011463255902108704,35.566402435302734
860,79,-0.38509901860222084,0,0.4687891999880473,0.011113784506099879,43.3175163269043
861,902,-0.3851116020430268,0,0.4539423982302348,0.018828879108149905,24.939678192138672
862,3,-0.38518399520722524,1,0.4649697244167328,0.01720546226534267,26.464773178100586
863,1,-0.385324198058042,0,0.4235519468784332,0.02197011710004076,24.563678741455078
864,480,-0.38649781489035684,0,0.510584831237793,0.012023355073996262,28.005165100097656
865,600,-0.3868718616275488,0,0.39552127321561176,0.0246205328985177,24.61268424987793
866,571,-0.3884152781844008,0,0.47230493028958637,0.018637683001763893,19.29326629638672
867,793,-0.38842990762373575,0,0.36986615260442096,0.024320084519179767,32.65819549560547
868,185,-0.38907325487574246,0,0.5159413516521454,0.008286981026075115,36.81053924560547
869,456,-0.3899635393267562,0,0.4096393883228302,0.023569580819452953,22.800268173217773
870,381,-0.39025296793214814,0,0.4401748677094777,0.019221173851070646,26.568382263183594
871,214,-0.39142975403176694,0,0.4555293718973796,0.01433331614238573,36.17176818847656
872,274,-0.3916104752044352,0,0.4408518075942993,0.020455331158104082,22.398372650146484
873,173,-0.3918561177616384,0,0.5237407783667246,0.010733316466018812,26.623647689819336
874,922,-0.39280147644109265,0,0.4507289131482442,0.01878418874903773,24.12757682800293
875,355,-0.3928215313839719,0,0.410440852244695,0.02423964493039208,19.88776397705078
876,864,-0.39303419551159074,0,0.4639585614204407,0.017704016690590595,23.36463737487793
877,154,-0.39494550364922476,0,0.4398042658964793,0.020710644711716342,21.134767532348633
878,422,-0.39538621153122355,0,0.49612658222516376,0.014456324779616014,22.90194320678711
879,452,-0.3961201571733266,0,0.4757576684157054,0.014507595316420355,28.559036254882812
880,415,-0.3978476887622506,1,0.39096716046333313,0.01422527432471207,53.895301818847656
881,903,-0.3979273264126797,0,0.42452725768089294,0.020695739076460166,24.937824249267578
882,780,-0.3984195025019643,1,0.3990099827448527,0.023194394746618968,24.95441436767578
883,920,-0.39847941471729853,0,0.3861349920431773,0.02569309086879153,21.360214233398438
884,602,-0.39965583831412654,0,0.47201116879781085,0.016372395402340815,23.295795440673828
885,391,-0.40141785414468945,0,0.49729161461194354,0.014198433167218338,21.838205337524414
886,211,-0.4015463401126536,0,0.5239518384138743,0.012351374979227793,19.41261863708496
887,505,-0.4018438315950896,0,0.4041842420895894,0.02248504202829269,24.682954788208008
888,522,-0.4029346052691967,0,0.5420397619406382,0.008248805063285874,25.84585952758789
889,247,-0.4034862667996528,0,0.5035591522852579,0.013035201005973,22.916105270385742
890,462,-0.40414604074039423,0,0.43272240956624347,0.01163224801649316,47.71518325805664
891,28,-0.40470028346514136,0,0.4945217967033386,0.013853036343954841,22.86441993713379
892,546,-0.4060769333059944,0,0.503092090288798,0.008862941820000587,34.71461486816406
893,114,-0.40630594349402427,0,0.4287939767042796,0.01996661134789911,23.774723052978516
894,469,-0.40630729984620245,0,0.4907271166642507,0.013892479717534935,23.469125747680664
895,584,-0.40675556676178665,1,0.41630078355471295,0.02133311856446738,23.309612274169922
896,494,-0.4075247233809646,0,0.4848564962546031,0.00540672893687485,49.90726089477539
897,952,-0.40752743575744366,0,0.39829238255818683,0.021778123481297415,27.102895736694336
898,325,-0.4076916065776342,0,0.5160074432690939,0.013946425345927587,15.537729263305664
899,474,-0.4078178776916823,0,0.4328511158625285,0.018967407703439812,25.155685424804688
900,306,-0.40900495621135713,0,0.4097748597462972,0.02243753102845755,21.420618057250977
901,120,-0.41057913618308456,1,0.5007506112257639,0.010253802915429024,30.19782829284668
902,568,-0.41223949377558655,0,0.473432332277298,0.0165965233762515,19.12689971923828
903,666,-0.41258058291610333,0,0.41314366459846497,0.02260315877318828,19.063859939575195
904,916,-0.41261642959326666,0,0.45436673363049823,0.017918483098123137,20.743228912353516
905,630,-0.4130727538341444,0,0.44760647416114807,0.018780480541045166,20.0779972076416
906,239,-0.4132904706048562,0,0.3944866359233856,0.022173207441334976,25.641935348510742
907,878,-0.41449644859741647,0,0.45275824268658954,0.01654615248197278,24.799253463745117
908,649,-0.4146937252758971,0,0.4275375008583069,0.011692341105003671,46.47197723388672
909,674,-0.4147719181169716,0,0.44311458865801495,0.01740883309890897,25.02414321899414
910,750,-0.4154896752399592,0,0.4961337447166443,0.012303551523159808,24.307695388793945
911,969,-0.41572159343919896,0,0.4190860291322072,0.0215287199073431,19.71222496032715
912,30,-0.415802728957412,0,0.464334378639857,0.016988357659045605,19.771684646606445
913,958,-0.41610441842434853,0,0.4256926079591115,0.019485347342140164,23.698570251464844
914,606,-0.41799926591849773,0,0.4456455111503601,0.017865572673419813,22.141225814819336
915,212,-0.41872984736615737,0,0.44822971026102704,0.017991559996671038,20.830705642700195
916,293,-0.4209269599756049,0,0.4975389838218689,0.012136321829710065,23.052087783813477
917,786,-0.42224569053330646,0,0.4036613305409749,0.0215707911935726,22.52080535888672
918,897,-0.42566835963326055,0,0.4224362373352051,0.01529274253397222,34.66450881958008
919,894,-0.42727582952364945,0,0.45370880762736004,0.014226868287116915,28.21717643737793
920,872,-0.4276495144645931,0,0.4032976031303406,0.019450447836191546,27.550159454345703
921,476,-0.4286223298952371,0,0.5089773039023081,0.009836458853128161,24.577970504760742
922,183,-0.43049485199925785,0,0.4550519287586212,0.015511472560983864,23.24544334411621
923,834,-0.43089914002194923,0,0.4215855399767558,0.004817018122697101,64.50643920898438
924,163,-0.4321482863040494,0,0.41687915722529095,0.0200784429400219,20.601337432861328
925,614,-0.43371948694729223,0,0.4390367964903514,0.01852045865689192,18.293163299560547
926,757,-0.4342100996838374,0,0.4922077755133311,0.00886549328675983,30.997743606567383
927,418,-0.43472619439947807,0,0.4170997937520345,0.018359619271877257,24.969465255737305
928,31,-0.4351710195790838,0,0.4349465568860372,0.01622636187785731,25.900897979736328
929,504,-0.43567754851326124,0,0.39132506648699444,0.020850663604880776,24.97140884399414
930,21,-0.4357561078399289,0,0.44394182165463764,0.01360472163816776,30.839698791503906
931,338,-0.4360867154305891,0,0.5270502765973409,0.007392025464549388,24.636104583740234
932,856,-0.43756802469868017,0,0.4487946728865306,0.008980520696943838,42.597476959228516
933,795,-0.44183121899900013,0,0.38346152504285175,0.021141108082474394,24.91592025756836
934,425,-0.4439573879173814,0,0.4645628233750661,0.01170654883553842,28.357669830322266
935,26,-0.4456135894802974,0,0.44492698709170025,0.015567943080192314,22.342660903930664
936,673,-0.44605515301711834,0,0.4412585198879242,0.015307342685481852,24.080846786499023
937,917,-0.4461724980677827,1,0.39554935693740845,0.01982218070829411,24.183351516723633
938,20,-0.4462666542165632,0,0.4601219594478607,0.008439714422487313,38.724910736083984
939,316,-0.44779380758136017,0,0.5252540608247122,0.006346181657335844,25.371551513671875
940,294,-0.44839099152785145,0,0.4513210852940877,0.013643008968703883,25.45429229736328
941,240,-0.44978216700455426,0,0.41884403427441913,0.017503015953843057,23.28377914428711
942,340,-0.4514398420984129,0,0.4585992097854614,0.013272201006887181,23.658674240112305
943,273,-0.4522781653801973,0,0.4122968316078186,0.018249988452755952,22.394004821777344
944,596,-0.4528870607501266,1,0.47341520587603253,0.011921552332334502,22.928285598754883
945,965,-0.4549176685432364,0,0.3904987871646881,0.018153722659567974,28.438121795654297
946,251,-0.45654197800598195,0,0.43300536274909973,0.013954501177229114,27.919179916381836
947,640,-0.45708800284814355,0,0.3552029033501943,0.0179101729004803,38.99993896484375
948,233,-0.4586478507586836,0,0.5119713048140208,0.004608659636152947,31.732219696044922
949,542,-0.46011626429058744,0,0.3880908091862996,0.008232367639619473,57.11183166503906
950,996,-0.46056769350776744,0,0.41861043373743695,0.01741849518604418,20.952714920043945
951,142,-0.46080783919624824,0,0.4263678292433421,0.015816970027895724,23.333446502685547
952,2,-0.4613757559374646,0,0.41186537345250446,0.01807961201856104,20.788711547851562
953,565,-0.4615148037811662,0,0.45965254306793213,0.013355189747584073,20.63003921508789
954,772,-0.4622766263406072,0,0.399098664522171,0.019141557158798266,21.190866470336914
955,169,-0.4628406043717252,0,0.49826863408088684,0.004903489802333151,33.862098693847656
956,309,-0.46354517683261015,0,0.4403158624966939,0.009203274761509284,38.05385971069336
957,743,-0.46387276269425315,0,0.3932378590106964,0.019182252703056242,22.401994705200195
958,56,-0.46510103242355616,0,0.4888167381286621,0.006739898717575817,30.673120498657227
959,628,-0.46663746410281487,0,0.42935746908187866,0.014720080270867492,24.25577735900879
960,930,-0.4669517986308797,0,0.45306896169980365,0.012753002409128368,23.005224227905273
961,399,-0.46999281687179356,0,0.48289687434832257,0.010136550974123667,21.200769424438477
962,762,-0.4700533299112197,0,0.3860033651192983,0.0170023454591914,29.4361515045166
963,234,-0.4704798050325226,0,0.3650818467140198,0.011509662854998829,51.6716423034668
964,377,-0.47175599962021303,0,0.3314543316761653,0.022912078023646417,27.636877059936523
965,266,-0.4727280413782677,0,0.36646512150764465,0.020431461004702167,24.41642189025879
966,717,-0.4733549317671217,0,0.41958485047022503,0.0133319512117896,29.570571899414062
967,618,-0.47704485823848786,0,0.4277476867039998,0.013447991987834255,25.92245101928711
968,488,-0.47758403921581066,0,0.3520907362302144,0.02018893163261881,28.16472625732422
969,511,-0.4816490956610041,0,0.4534880916277568,0.008794519571404015,30.93978500366211
970,676,-0.48448050303232243,0,0.4672395984331767,0.00807842629702066,28.31209945678711
971,868,-0.4845064272631135,0,0.4334280689557393,0.012837791080794091,24.218425750732422
972,189,-0.4851088826729491,0,0.44249995549519855,0.012635370910287862,21.999950408935547
973,999,-0.4893925523154402,0,0.3957049548625946,0.016088123335948414,24.52889060974121
974,330,-0.489873222764049,0,0.40616093079249066,0.01538812928911895,23.399967193603516
975,681,-0.49379828728107705,0,0.43809138735135394,0.010330078358043542,27.956693649291992
976,327,-0.4960769848663525,0,0.4388648370901744,0.006347040613026031,38.909393310546875
977,710,-0.49843387490189156,0,0.4669715960820516,0.006893369317143897,28.456899642944336
978,747,-0.49933543997551466,0,0.38208460807800293,0.016320844291419934,25.40542984008789
979,250,-0.5023569345332808,0,0.4152915875116984,0.01308118235993127,24.449193954467773
980,371,-0.5031061718638875,0,0.4009704788525899,0.013004065769133396,28.70288848876953
981,519,-0.5052134791178284,0,0.444965918858846,0.00979264727314417,24.71611785888672
982,785,-0.5063302068570309,0,0.40491275986035663,0.014380633404497753,22.69471549987793
983,77,-0.507583369076653,0,0.44782082239786786,0.009350087530325653,24.599159240722656
984,877,-0.5095642058638838,0,0.41155309478441876,0.013128371096818775,23.639162063598633
985,948,-0.5101905731501084,0,0.34308379888534546,0.015295236290008129,37.22862243652344
986,358,-0.5150357581934503,0,0.47647104660669964,0.006183251728789408,23.679758071899414
987,891,-0.5188262820256281,0,0.45060819387435913,0.004363710363380467,35.71548080444336
988,622,-0.5188746928055016,0,0.4486914773782094,0.007924890753565594,25.77077293395996
989,341,-0.5330571033672398,1,0.3848453164100647,0.013920234251705074,23.387571334838867
990,72,-0.5446375240197097,0,0.4175993303457896,0.010384932204597328,21.333864212036133
991,238,-0.54620389225788,0,0.4029357930024465,0.012428341779149626,19.237445831298828
992,576,-0.5467180468423761,0,0.31792591015497845,0.00881892986874824,54.742576599121094
993,705,-0.5556749903175839,0,0.3341042399406433,0.01600753087210211,26.598468780517578
994,794,-0.5612777008559834,0,0.418157955010732,0.008998919514775485,21.168075561523438
995,162,-0.5673601713122471,0,0.340213418006897,0.003977873984922233,57.38914108276367
996,745,-0.5873939318820713,0,0.39619822303454083,0.00897686312207688,21.27525520324707
997,849,-0.5900361291597631,0,0.38421831528345746,0.00923226988208573,23.395647048950195
998,671,-0.5940761131617117,0,0.38633426030476886,0.008887115559018024,22.798681259155273
999,549,-0.5990123103177802,0,0.3972371319929759,0.007439171863834418,22.648649215698242
1000,823,-0.6038922330940419,0,0.35645148158073425,0.011309344593726447,22.034086227416992
