observed,pred_mean,pred_std,n_predictions,No
22.363765038924274,27.443792828730654,7.317627352619154,8,G-001
12.569002123142251,15.344793971943261,2.8878506526224323,8,G-002
10.927105449398443,20.223682292852587,6.591020830838411,8,G-003
126.82236376503893,41.493707405443224,3.1097582911144137,8,G-004
109.27105449398444,88.17319834577772,4.814709633168344,8,G-005
7.19037508846426,15.71957960951681,4.544298216352923,8,G-006
39.97169143665959,35.56195095440145,2.2803613280942963,8,G-007
77.5654635527247,55.70118371541162,5.995450851818868,8,G-008
11.040339702760084,-0.47095209581941844,3.815615013275713,8,G-009
76.9992922859165,46.411665262756884,2.994985332707508,8,G-010
44.217975937721164,46.5506766810426,5.956696028107497,8,G-011
103.60934182590233,55.79034787222114,4.3153506104849635,8,G-012
104.74168435951876,87.51207753905112,2.4391840172604766,8,G-013
21.231422505307854,25.40400615328675,5.554610315226566,8,G-014
67.37438075017693,69.334690507788,3.1016187245679236,8,G-015
58.881811748053785,80.91994129616927,4.45899661236255,8,G-016
10.021231422505307,15.128071987318503,3.22489649541587,8,G-017
69.63906581740977,47.56203794681792,6.4484509220964314,8,G-018
50.389242745930645,51.25641909725577,3.0065010785120916,8,G-019
44.78414720452937,51.62749560659006,3.7920085110332433,8,G-020
51.238499646142955,57.70162822919828,6.327580223202662,8,G-021
60.01415428167021,32.30029092495455,1.9206094469106756,8,G-022
6.510969568294409,20.534275409334306,6.304275569128571,8,G-023
60.58032554847841,58.24783168973956,3.515560365058494,8,G-024
66.58174097664543,54.069397414611274,3.952139103724129,8,G-025
70.20523708421797,73.24682394196844,6.459469573082906,8,G-026
67.94055201698514,63.309050645252775,2.947802371283331,8,G-027
19.532908704883226,27.442855855475273,2.392805742971009,8,G-028
69.01627742392074,80.26817356215224,4.742083473412537,8,G-029
47.388535031847134,34.83567055471044,2.1219294246424827,8,G-030
38.55626326963907,49.82676461161439,4.8401288665512165,8,G-031
21.45789101203114,23.07411579766555,2.432190979254714,8,G-032
39.518754423213025,38.15153389814433,1.7129065548307598,8,G-033
79.03750884642605,54.02368257212616,3.608204972432756,8,G-034
96.41896673743807,70.24248722038985,5.036786887195335,8,G-035
16.022646850672327,12.455317544050445,1.9377558246106228,8,G-036
44.16135881104034,49.920412425624356,3.8045647898403243,8,G-037
66.24203821656052,48.74853084414084,7.8223602508684875,8,G-038
24.57183297947629,38.7661732747238,2.1743534010437524,8,G-039
107.5725406935598,58.940310457105525,3.1425373907186143,8,G-040
123.99150743099787,82.22554033887344,6.943206121107512,8,G-041
146.63835810332625,111.6730375898038,7.648090298401689,8,G-042
53.61641896673744,63.85749979373783,7.291543939932138,8,G-043
41.84005661712668,32.718359803779734,1.6164224508589504,8,G-044
56.617126680820945,36.45864516018587,4.395727643979866,8,G-045
28.931351733899504,48.927539112438716,12.092675740644946,8,G-046
34.47983014861996,22.481764218715078,4.4775894105793705,8,G-047
67.94055201698514,47.18515368647289,2.860635951079184,8,G-048
13.81457891012031,8.483656585262617,1.2779013465956643,8,G-049
33.57395612172682,50.98011521341073,3.820572651258157,8,G-050
88.88888888888889,38.636477195373736,4.4667199115381555,8,G-051
51.068648266100496,22.13448781935682,3.0700927813233556,8,G-052
69.80891719745223,57.132931062645284,3.811725334430772,8,G-053
64.3170559094126,57.124276083818835,4.931843009593217,8,G-054
52.08775654635527,71.20422472111639,6.834617836472474,8,G-055
19.1932059447983,74.59530795526763,6.140365283404157,8,G-056
7.19037508846426,17.191265442346246,1.843411776271934,8,G-057
9.171974522292993,7.047447174769895,3.660608265450846,8,G-058
95.6829440905874,62.278608804036175,2.8322814076907377,8,G-059
90.30431705590941,66.26701500999482,5.418633739958384,8,G-060
87.19037508846426,62.885233838489825,4.941686936466054,8,G-061
41.50035385704175,59.767229964211694,6.687235875438212,8,G-062
87.75654635527248,62.94365177358344,5.0806754704544685,8,G-063
8.492569002123142,11.051239399409106,1.2444321409057504,8,G-064
8.152866242038217,20.413846478541622,7.057844634536671,8,G-065
10.700636942675159,15.314128066600553,4.768896980573604,8,G-066
37.65038924274593,60.94317002240999,4.596016184469831,8,G-067
48.35102618542109,76.69151631252161,3.522232198098798,8,G-068
3.340410474168436,25.594230461236165,1.6798297800170658,8,G-069
49.9929228591649,51.37091004876169,6.549834800777918,8,G-070
21.06157112526539,33.11622410839553,2.4059472128528476,8,G-071
72.80962491153574,81.26229053221729,1.933315343109191,8,G-072
87.53007784854918,90.66667376030246,4.622394877285439,8,G-073
104.74168435951876,56.62223095743421,4.472385631363633,8,G-074
73.60226468506723,81.87818530527288,3.0107785852680786,8,G-075
88.88888888888889,71.54571885453308,2.302615207042141,8,G-076
42.1797593772116,85.16695077692812,9.060220152160527,8,G-077
1.7551309271054494,27.518431756580313,14.871063429693374,8,G-078
91.66312809624912,92.83725647222133,6.505668413933597,8,G-079
23.21302193913659,41.066849731566926,4.8541420456203115,8,G-080
103.4961075725407,62.130746473650554,8.405024477665965,8,G-081
51.52158527954706,62.91388177435037,2.89048260649732,8,G-082
9.4550601556971,12.19587387233669,1.9288955362126192,8,G-083
81.8683651804671,58.71480321252438,4.789790626472731,8,G-084
66.4685067232838,52.36392406251855,5.409587508204127,8,G-085
1.1889596602972399,20.443875383723963,13.471969781035062,8,G-086
8.096249115357395,18.285380739937676,14.28942313645237,8,G-087
11.889596602972398,8.844857028677119,1.2998953237872828,8,G-088
3.6234961075725405,7.207410742302068,4.121969390372679,8,G-089
4.7558386411889595,12.477703800900382,1.444879046711714,8,G-090
22.533616418966737,68.01588524396594,4.287001802973945,8,G-091
22.929936305732483,42.81422140467365,3.3034115299093796,8,G-092
11.889596602972398,38.08382676660527,4.393256368688355,8,G-093
5.152158527954707,8.917708310671498,1.1354172024706046,8,G-094
9.228591648973815,12.917122659131266,3.6069387671332542,8,G-095
87.69992922859164,58.22140279779896,2.580728360183599,8,G-096
82.4345364472753,89.54496007320452,15.237217355506433,8,G-097
85.49186128803963,89.39422985050972,2.821818711479144,8,G-098
1.4154281670205238,39.96547748508276,3.021557053862017,8,G-099
3.5102618542108988,35.748340610920366,4.653801139415031,8,G-100
49.37013446567587,64.4693458793413,6.689943608996065,8,G-101
27.912243453644727,38.593728367228486,5.687958810760764,8,G-102
66.24203821656052,79.48130958606481,2.871185357502539,8,G-103
97.38145789101203,107.42760753807303,4.946253235660351,8,G-104
83.79334748761501,75.05476605323148,2.4173238137975255,8,G-105
2.264685067232838,17.314497201291616,2.4340575252643593,8,G-106
137.0134465675867,132.6737339455031,7.937353379539896,8,G-107
107.5725406935598,123.71518528772647,2.7537678266981347,8,G-108
77.11252653927814,87.51758804972471,6.267809163604775,8,G-109
71.3375796178344,83.72510507309545,2.617981557709022,8,G-110
76.20665251238499,76.12914521702244,2.2051019757476844,8,G-111
93.81457891012032,74.29054818767429,1.8634073494322454,8,G-112
7.246992215145081,8.56954950296435,1.5329622669494696,8,G-113
11.153573956121727,19.46042989775185,5.88116495617169,8,G-114
93.41825902335457,55.65406005657087,4.632474561967416,8,G-115
40.14154281670205,63.037966137072345,4.320716053438155,8,G-116
62.27883934890304,55.67701655727953,5.265252724094128,8,G-117
21.684359518754423,45.17363633774577,4.701682037265057,8,G-118
15.060155697098372,5.083422524505297,2.9514138650703963,8,G-119
87.19037508846426,91.16039695000933,4.236198559627949,8,G-120
59.447983014862,83.19448542370745,2.7466195030097986,8,G-121
21.910828025477706,46.05756363916656,3.625267210288842,8,G-122
43.76503892427459,13.988128735133472,5.342475069359328,8,G-123
11.832979476291579,14.516613718653282,2.6074030219985116,8,G-124
12.738853503184714,13.167592310386704,2.922819972316611,8,G-125
18.343949044585987,4.299126435195609,3.8256321908979984,8,G-126
63.411181882519465,85.39385357677155,10.217158481532792,8,G-127
19.532908704883226,27.583213108043985,3.4793594141098665,8,G-128
24.118895966029726,48.56631934124019,2.930140235797896,8,G-129
69.63906581740977,80.46029416496489,2.9938864689471143,8,G-130
82.66100495399859,76.41964489028845,2.866230271843329,8,G-131
71.9037508846426,82.21373620872379,12.868061290773213,8,G-132
25.194621372965322,40.52525624911903,2.6066235760512666,8,G-133
4.18966737438075,14.267660981200239,1.7065988430471108,8,G-134
16.022646850672327,21.770888970819307,6.625747491894042,8,G-135
1.9249823071479122,19.587752380157404,4.578063311665781,8,G-136
76.9992922859165,65.64643560155089,12.12549139465932,8,G-137
41.953290870488324,61.10093814676375,2.5995224058324222,8,G-138
4.359518754423213,9.133641367560262,0.9501048744894384,8,G-139
95.6829440905874,81.10657205331725,4.0880976402540705,8,G-140
101.45789101203114,80.16659403372972,5.73103442182672,8,G-141
89.68152866242038,82.94247474322243,2.515669514606579,8,G-142
11.210191082802547,16.67579222072569,6.513040555866629,8,G-143
11.32342533616419,6.66957848277678,6.194227656482545,8,G-144
14.94692144373673,8.571605432720705,6.113119358844501,8,G-145
32.554847841472046,53.73456489782885,8.541277929528777,8,G-146
17.098372257607927,9.179239878475695,2.3901381033658184,8,G-147
14.94692144373673,7.872355199526669,2.2145334202022324,8,G-148
83.62349610757254,87.8209922175711,2.526040383111785,8,G-149
25.534324133050248,56.5435262100422,6.279068056135013,8,G-150
15.399858457183297,10.103186981188372,3.059750104516211,8,G-151
113.8004246284501,105.48256939754836,4.3728297910937215,8,G-152
107.8556263269639,87.55887012128991,6.337393678809417,8,G-153
121.33050247699929,112.18260910572153,3.7789879197954894,8,G-154
15.682944090587403,12.14540892202028,1.6676389202937332,8,G-155
37.53715498938429,54.4084372266453,8.054311964714548,8,G-156
5.322009907997169,17.585664421655444,3.327694128786433,8,G-157
4.585987261146497,13.234640726966635,2.2117922545494824,8,G-158
18.343949044585987,7.809668578169398,3.7896853345551387,8,G-159
12.229299363057326,15.14301241629836,7.301318699736907,8,G-160
13.13517338995046,11.098879129206516,1.5326341793171703,8,G-161
16.475583864118896,11.51151450212462,4.381169876153372,8,G-162
91.15357395612173,78.06328683044894,1.8108203942051642,8,G-163
118.895966029724,102.74399422064175,4.609931148842814,8,G-164
7.643312101910828,8.225097782373428,1.600017605739656,8,G-165
20.099079971691438,22.509781054506675,3.5093045165502805,8,G-166
97.38145789101203,80.81763365234815,4.4203001061302585,8,G-167
8.88888888888889,22.80560957415957,3.884534122780957,8,G-168
13.531493276716207,13.891379114772878,2.2950288153119414,8,G-169
65.10969568294409,40.01844268849898,5.100600163415767,8,G-170
20.38216560509554,33.67790642905993,13.756483147120894,8,G-171
7.246992215145081,21.964024542896304,7.233787143865098,8,G-172
2.6610049539985847,11.454861729070592,2.0928709465520603,8,G-173
61.769285208775656,48.51834185275352,5.043843478889838,8,G-174
48.35102618542109,103.7953130378868,3.5228450927941095,8,G-175
12.965322009907997,47.35494492788127,8.832262524550819,8,G-176
31.64897381457891,37.60747069358346,8.289973022235516,8,G-177
8.32271762208068,18.161056502986646,1.4406732311496802,8,G-178
5.8881811748053785,12.86293535232629,3.9962603191753447,8,G-179
1.1889596602972399,15.214107292160902,1.8429639968427396,8,G-180
