No.,Nucleophilic-HEA,Hydrophobic-BA,Acidic-CBEA,Cationic-ATAC,Aromatic-PEA,Amide-AAm,Glass (kPa)_10s,Glass (kPa)_60s,Steel (kPa)_10s,Steel (kPa)_60s,Q,Phase Seperation,Modulus (kPa),Tanδ,Slope,Log_Slope,G'',XlogP3,feature_sum,is_holdout
G-001,0.5187030996297279,0.19930214833259108,0.09476832310244172,0.18722642893523825,0.0,0.0,22.363765038924274,,,,2.515456000000001,1.0,5599.0,0.0105,1.0,,58.789500000000004,-0.3133557183360619,0.999999999999999,False
G-002,0.42178707272479005,0.4062137461445382,0.17199918113067175,0.0,0.0,0.0,12.569002123142251,,,,0.238328,0.0,19219.0,0.1573,84.42814271423809,0.11659186344364714,3023.1486999999997,0.5252238952657209,1.0,False
G-003,0.5368643097418104,0.10837528063313279,0.1840671899149181,0.17069321971013868,0.0,0.0,10.927105449398443,,,,2.9038056296296286,1.0,4555.0,,1.9073024341447151,0.01494220234868233,,-0.3969259926288726,1.0,False
G-004,0.2163563060405009,0.1994740702224794,0.0881418434484952,0.17430278490590836,0.32172499538261606,0.0,126.82236376503893,,,,1.1910160000000003,1.0,8866.0,0.148,45.628542847615876,0.13090681558247894,1312.168,0.38459513044044935,1.0,False
G-005,0.11982103312688624,0.4100782635726174,0.1918131069994494,0.18716702427784399,0.09112057202320299,0.0,109.27105449398444,,33.85704175513093,,1.1033703703703706,1.0,7136.0,0.1024,25.035011670556855,0.09580937142957065,730.7264,0.30477564110839206,1.0,False
G-006,0.23359972043322955,0.2999268066669277,0.46647347289984264,0.0,0.0,0.0,7.19037508846426,,60.58032554847841,,0.2962962962962963,0.0,13350.0,0.0988,43.30110036678893,0.09096949887870766,1318.98,0.4751298196846271,0.9999999999999999,False
G-007,0.5083477338623493,0.22245732419009484,0.10150779687566042,0.16768714507189547,0.0,0.0,39.97169143665959,,,,2.2999680000000002,1.0,6240.0,0.00755733,2.6375458486162056,0.014700212911616778,47.1577392,-0.22365413696286934,1.0,False
G-008,0.4279597500148048,0.3820111115391019,0.09970859608637408,0.09032054235971926,0.0,0.0,77.5654635527247,,,,0.5120000000000002,1.0,12158.0,0.1422,46.70556852284095,0.1069565102018121,1728.8675999999998,0.24047760738737908,1.0,False
G-009,0.44303394698918414,0.17691555573758633,0.38005049727322954,0.0,0.0,0.0,11.040339702760084,,,,0.33329303703703705,1.0,21207.0,0.0739,43.034344781593866,0.06317142022807716,1567.1972999999998,0.21106050104204177,1.0,False
G-010,0.638621162720913,0.11451410258815117,0.08572782173699028,0.0763537893540844,0.08478312359986119,0.0,76.9992922859165,,,,0.5927039999999999,1.0,10703.0,0.0719,20.2434144714905,0.0609914255246587,769.5457,-0.041057200082559225,1.0000000000000002,False
G-011,0.5069656195679517,0.3052583981925558,0.10062452884908858,0.08715145339040398,0.0,0.0,44.217975937721164,,,,0.5927039999999999,1.0,8089.0,0.1195,24.268089363121042,0.08745025769855591,966.6355,0.10939806694177331,1.0,False
G-012,0.3078800999942429,0.2213090350308787,0.38635015696330094,0.08446070801157755,0.0,0.0,103.60934182590233,,90.02123142250531,,0.4052239999999998,1.0,11698.0,0.1218,32.86428809603201,0.08108691793647417,1424.8164000000002,0.10160614399312812,1.0,False
G-013,0.2123454146473781,0.5079801849379997,0.19680715250970285,0.08286724790491946,0.0,0.0,104.74168435951876,,91.15357395612173,,0.3528936296296296,1.0,11690.0,0.1836,84.20806935645216,0.1626104832729187,2146.284,0.5320530341862546,1.0,False
G-014,0.2306518816149881,0.49923541836127544,0.18200348810610692,0.0,0.0881092119176296,0.0,21.231422505307854,,44.72753007784855,,0.23072237037037033,0.0,5951.0,0.186,37.48249416472158,0.15375506872702258,1106.886,0.8820719444495364,1.0,False
G-015,0.23410077528009438,0.5044048392812583,0.09694436553100166,0.16455001990764564,0.0,0.0,67.37438075017693,,35.44232130219391,,1.1910160000000003,1.0,7873.0,0.0766,20.186728909636546,0.0754947674532499,603.0718,0.2910084605099207,0.9999999999999999,False
G-016,0.19063616336722153,0.4043636547955581,0.2266512161027418,0.09572775390463152,0.08262121182984702,0.0,58.881811748053785,,50.332625619249825,,0.427525037037037,1.0,25301.0,0.1206,137.55251750583528,0.12375996696622726,3051.3006,0.5021882708147938,1.0,False
G-017,0.40952353647686185,0.4153046351705805,0.17517182835255768,0.0,0.0,0.0,10.021231422505307,,60.01415428167021,,0.2788717037037037,0.0,23559.0,0.0499,58.21607202400801,0.07163834789540309,1175.5941,0.5431888577403657,1.0,False
G-018,0.5536943211729035,0.27425453442042697,0.07774562228952112,0.0943055221171485,0.0,0.0,69.63906581740977,,,,0.9032962962962963,1.0,11649.0,0.0513,16.99899966655552,0.04700777966858038,597.5937,0.02598642603794532,1.0000000000000002,False
G-019,0.5426729399285165,0.21999155422362437,0.14905080160391457,0.08828470424394456,0.0,0.0,50.389242745930645,,,,0.6661010370370372,1.0,10248.0,0.0569,10.996998999666557,0.03489589699016908,583.1111999999999,-0.02397317564392537,1.0,False
G-020,0.5705274908941438,0.2536266502916755,0.08758241174812822,0.08826344706605237,0.0,0.0,44.78414720452937,,,,0.5513679999999999,1.0,10144.0,0.0629,45.09169723241081,0.3871804131755653,638.0576,0.00722912545103252,0.9999999999999999,False
G-021,0.5722976613136135,0.2490081824570476,0.09012862139866443,0.0885655348306745,0.0,0.0,51.238499646142955,,,,0.7129197037037038,1.0,11819.0,0.0444,54.25808602867623,0.39702172958720927,524.7636,-0.0005812691147299154,1.0,False
G-022,0.42835735362010097,0.30310247640275706,0.08805903089758042,0.1804811390795615,0.0,0.0,60.01415428167021,,,,2.032296296296296,1.0,6499.0,0.016,5.841947315771924,0.030034044183948876,103.98400000000001,-0.11354855473787917,1.0,False
G-023,0.1939385653003168,0.35217163011179914,0.4538898045878841,0.0,0.0,0.0,6.510969568294409,,90.58740268931352,,0.216,0.0,18061.0,0.0361,28.772924308102702,0.04737563273747423,652.0021,0.5635077757512599,1.0,False
G-024,0.5108891068589234,0.22671781141562042,0.17758739409884444,0.08480568762661166,0.0,0.0,60.58032554847841,,,,0.5927039999999999,1.0,16605.0,0.0398,19.413137712570858,0.03852236249086769,660.879,0.009891782783809755,1.0,False
G-025,0.508476553543306,0.23241162171545077,0.17283840647653145,0.08627341826471183,0.0,0.0,66.58174097664543,,,,0.636056,1.0,16319.0,0.0391,18.91630543514505,0.03784751912770002,638.0729,0.014544680815507,1.0000000000000002,False
G-026,0.5535924602587167,0.21312607537615638,0.17154571305862507,0.061735751306501885,0.0,0.0,70.20523708421797,,,,0.5380290370370371,1.0,25325.0,0.038,30.273424474824942,0.03901971856482705,962.35,0.03505409753079772,1.0,False
G-027,0.5116229155075326,0.2263794860021154,0.19085958768639252,0.07113801080395929,0.0,0.0,67.94055201698514,,,,0.43897600000000025,1.0,27585.0,0.0348,33.62120706902301,0.039941719804000825,959.958,0.04687353684294768,0.9999999999999999,False
G-028,0.524952922968346,0.20933004917372855,0.08369119470838728,0.18202583314953832,0.0,0.0,19.532908704883226,,,,2.000376,1.0,4829.0,0.0128,2.1373791263754587,0.015779497044063843,61.8112,-0.288702495518916,1.0,False
G-029,0.2300126235532236,0.4999971467399693,0.1805403311111953,0.08944989859561164,0.0,0.0,69.01627742392074,,,,0.416274962962963,1.0,23567.0,0.1183,109.91997332444149,0.11875807860873726,2787.9761,0.49475207861620085,0.9999999999999998,False
G-030,0.5227726109319161,0.22690265202872884,0.08653985934856558,0.16378487769078956,0.0,0.0,47.388535031847134,,,,1.8457789629629626,1.0,4668.0,0.169,1.033677892630877,0.007883581417515481,788.892,-0.21393289228946025,1.0,False
G-031,0.5071156852634597,0.30342887399438934,0.09979554928519888,0.08965989145695206,0.0,0.0,38.55626326963907,,,,0.5513679999999999,1.0,13917.0,0.082,28.252750916972325,0.062128700973765286,1141.194,0.09996625513283383,1.0,False
G-032,0.3128754814998835,0.4487101338189882,0.15128892521424933,0.0,0.08712545946687908,0.0,21.45789101203114,,,,0.28749600000000003,0.0,27490.0,0.0724,81.30043347782595,0.06545132402422331,1990.276,0.7738631408216053,1.0,False
G-033,0.5057071166218131,0.23479371043905878,0.0883194749973266,0.17117969794180132,0.0,0.0,39.518754423213025,,,,1.906624,1.0,6615.0,0.0114,2.717572524174725,0.014565756792227135,75.411,-0.2156846873972939,0.9999999999999999,False
G-034,0.4965817485747678,0.3575734349454584,0.0,0.14584481647977382,0.0,0.0,79.03750884642605,,8.039631988676575,,1.728,1.0,7182.0,0.0233,9.339779926642215,0.04401463315122319,167.3406,0.021488800005907915,1.0,False
G-035,0.21046771513593646,0.5095246553249995,0.08843370264625793,0.1915739268928061,0.0,0.0,96.41896673743807,,,,1.306946370370371,1.0,3995.0,0.0457,7.51250416805602,0.05860411367223103,182.5715,0.23448734715398978,1.0,False
G-036,0.4188853124496205,0.40333860718702447,0.17777608036335496,0.0,0.0,0.0,16.022646850672327,,86.96390658174097,,0.26214400000000004,0.0,24616.0,0.0596,54.36478826275425,0.06333808209887902,1467.1136,0.5228129374791817,1.0,False
G-037,0.507843741003072,0.3066106278269983,0.09948653793907768,0.08605909323085224,0.0,0.0,44.16135881104034,,,,0.5249069629629629,1.0,15026.0,0.0816,33.4111370456819,0.06778048160638675,1226.1216000000002,0.11378654735995133,1.0000000000000002,False
G-038,0.5942339690361933,0.09104206399141367,0.24980890749941392,0.06491505947297914,0.0,0.0,66.24203821656052,,,,0.6069282962962964,1.0,17356.0,0.0169,9.276425475158387,0.01879542698442216,293.3164,-0.1551514950509658,1.0,False
G-039,0.5236197264079707,0.22160494778735654,0.08613499080519735,0.1686403349994755,0.0,0.0,24.57183297947629,,,,2.2309736296296294,1.0,5929.0,0.0128,3.87462487495832,0.023292504394598602,75.8912,-0.23478602567780077,1.0,False
G-040,0.2907703431335454,0.08835411115546692,0.0,0.2228370531533274,0.39803849255766033,0.0,107.5725406935598,,,,1.2831842962962963,1.0,7377.0,0.1019,25.43181060353451,0.09547836484064846,751.7163,0.1896770455657144,1.0,False
G-041,0.12457265137375594,0.6201755264247695,0.0921295619726014,0.07596144603593272,0.08716081419294035,0.0,123.99150743099787,,,,0.43897600000000025,0.0,18447.0,0.2438,233.8012670890297,0.21740257856221318,4497.3786,0.882022551048468,0.9999999999999998,False
G-042,0.14094187214901174,0.591213469724186,0.07622518060868366,0.09585094387023263,0.0957685336478861,0.0,146.63835810332625,,,,0.3732480000000001,1.0,5855.0,0.3099,72.21740580193398,0.22099131343205342,1814.4645,0.7945647355979923,1.0000000000000002,False
G-043,0.4579286235543928,0.3797911322864173,0.08135668592343984,0.08092355823574997,0.0,0.0,53.61641896673744,,,,0.43897600000000025,1.0,10215.0,0.1034,31.24708236078693,0.08821910392363215,1056.231,0.24905640842018834,0.9999999999999998,False
G-044,0.5233049315668445,0.22171094565137311,0.08657872904738335,0.16840539373439903,0.0,0.0,41.84005661712668,,,,2.7049863703703703,1.0,4383.0,0.0122,2.207402467489163,0.017453887900703596,53.4726,-0.23384418838755244,1.0,False
G-045,0.4035182343333867,0.31396141710723074,0.08738461599301106,0.19513573256637146,0.0,0.0,56.617126680820945,,,,2.032296296296296,1.0,6419.0,0.0169,4.968322774258087,0.026439674909274128,108.48109999999998,-0.12768634053439593,1.0,False
G-046,0.5754787353907006,0.184678411389549,0.08524606744360373,0.15459678577614663,0.0,0.0,28.931351733899504,,,,2.515456000000001,1.0,5432.0,0.0108,1.9539846615538514,0.012398753909129952,58.665600000000005,-0.2699218422355975,1.0,False
G-047,0.5044751788031535,0.2281446122057628,0.08304079363112797,0.1843394153599557,0.0,0.0,34.47983014861996,,,,2.064554370370371,1.0,4771.0,0.0103,3.3511170390130047,0.025330321817413987,49.1413,-0.2602831014076571,0.9999999999999999,False
G-048,0.4300821605833393,0.4001397606227585,0.0,0.1697780787939022,0.0,0.0,67.94055201698514,,,,1.728,1.0,10283.0,0.0204,11.017005668556186,0.03538875414433246,209.7732,0.04382210563825867,1.0,False
G-049,0.3807630807099782,0.40530471623213665,0.2139322030578851,0.0,0.0,0.0,13.81457891012031,,91.15357395612173,,0.26214400000000004,0.0,9594.0,0.0427,20.0,0.0605692145704785,409.66380000000004,0.5438086214375498,0.9999999999999999,False
G-050,0.5298512804675678,0.2890317924994711,0.08759982955685314,0.09351709747610815,0.0,0.0,33.57395612172682,,,,0.7453202962962965,1.0,11057.0,0.0774,24.42814271423808,0.06871169050480036,855.8118,0.05925358811024781,1.0000000000000002,False
G-051,0.5726949622942966,0.1859485796070933,0.15143167820171521,0.08992477989689476,0.0,0.0,88.88888888888889,,,,0.5649256296296296,1.0,8234.0,0.0128,8.712904301433811,0.034264648037827035,105.3952,-0.08811037074127484,0.9999999999999999,False
G-052,0.22675711882224517,0.4504857591581371,0.22768802819183223,0.0,0.09506909382778546,0.0,51.068648266100496,,,,0.3237709629629629,0.0,16227.0,0.048,49.59986662220741,0.07774317226475656,778.8960000000001,0.8305032614159782,1.0,False
G-053,0.4505051665122059,0.3916595603371927,0.08691852734168357,0.07091674580891781,0.0,0.0,69.80891719745223,,,,0.30527437037037036,1.0,4299.0,0.1271,13.567855951983995,0.08649782049459785,546.4028999999999,0.29603167597140034,1.0,False
G-054,0.41679500029575783,0.39185196609339223,0.09012275152663067,0.10123028208421918,0.0,0.0,64.3170559094126,,,,0.5119999999999999,1.0,6887.0,0.0944,15.941980660220075,0.06903954676091409,650.1328,0.22874667166816925,0.9999999999999998,False
G-055,0.5569704150956345,0.2129951231361723,0.15068075399837474,0.07935370776981843,0.0,0.0,52.08775654635527,,,,0.5927039999999999,1.0,13019.0,0.0431,17.7459153051017,0.045627763939541384,561.1188999999999,-0.015453623974654357,1.0,False
G-056,0.3437046228426227,0.4849985665669715,0.08294304548967303,0.0883537651007328,0.0,0.0,19.1932059447983,,,,0.427525037037037,1.0,13050.0,0.1499,63.57452484161388,0.12723796933747292,1956.1950000000002,0.4230591770171521,1.0,False
G-057,0.2428511021683609,0.5040798563280073,0.18679935636457445,0.0,0.06626968513905737,0.0,7.19037508846426,,21.51450813871196,,0.19511199999999998,0.0,16056.0,0.07,58.20606868956319,0.09200994935448502,1123.92,0.8475706577661497,1.0,False
G-058,0.3742481335670098,0.1988845785427616,0.4268672878902285,0.0,0.0,0.0,9.171974522292993,,,,0.216,1.0,15920.0,0.0261,1.5905301767255753,0.0034566984103081024,415.512,0.2733600520949718,0.9999999999999998,False
G-059,0.5183817041192231,0.2109833677872132,0.19446589802064393,0.07616903007291961,0.0,0.0,95.6829440905874,,,,0.636056,1.0,13287.0,0.0452,13.017672557519173,0.03143610924648857,600.5724,0.009298793302492642,0.9999999999999999,False
G-060,0.4098362030923597,0.32764769570536023,0.17951878378109073,0.08299731742118932,0.0,0.0,90.30431705590941,,,,0.26214400000000004,1.0,20274.0,0.0475,34.7949316438813,0.052355377842550524,963.015,0.19741139231741445,1.0,False
G-061,0.5096517710549328,0.21835499019625648,0.18898413985742674,0.08300909889138396,0.0,0.0,87.19037508846426,,,,0.3943703703703705,1.0,9551.0,0.0579,12.464154718239413,0.041576058528148135,553.0029,0.004371145922589276,0.9999999999999999,False
G-062,0.5589341747767282,0.2817354392186882,0.08087111747857177,0.07845926852601164,0.0,0.0,41.50035385704175,,,,0.5649256296296296,1.0,13457.0,0.0922,29.043014338112705,0.0663579584698483,1240.7354,0.07718084867682168,0.9999999999999998,False
G-063,0.4571355312045974,0.27920171933647336,0.1812631622282353,0.08239958723069381,0.0,0.0,87.75654635527248,,,,0.3528936296296296,1.0,13497.0,0.0737,25.89529843281094,0.058868243460333605,994.7289000000001,0.11203630702458867,0.9999999999999999,False
G-064,0.4477508507251353,0.4006142559332463,0.15163489334161834,0.0,0.0,0.0,8.492569002123142,,28.421797593772116,,0.18196296296296308,0.0,14329.0,0.077,33.831277092364125,0.06467114054484542,1103.333,0.5052776080751858,1.0,False
G-065,0.4966725444662729,0.07918374671032816,0.25748397147899976,0.16665973734439918,0.0,0.0,8.152866242038217,,,,2.064554370370371,1.0,1459.0,0.0118,1.0403467822607537,0.023193411211135967,17.2162,-0.4050781162889674,1.0,False
G-066,0.49049038632698505,0.09949844710503009,0.22859847836757155,0.18141268820041323,0.0,0.0,10.700636942675159,,,,1.968791703703703,1.0,3764.0,0.00594125,1.4538179393131045,0.014017434187406662,22.362865000000003,-0.4159549830859568,0.9999999999999999,False
G-067,0.4444433647189736,0.39303200616969086,0.0789246062816794,0.08360002282965615,0.0,0.0,37.65038924274593,,,,0.7129197037037038,1.0,13184.0,0.1259,44.78159386462154,0.09621934392159999,1659.8656,0.2657120894782282,1.0,False
G-068,0.39335822265531895,0.4362951525852957,0.09189883710876065,0.07844778765062471,0.0,0.0,48.35102618542109,,,,0.45062962962962955,1.0,12097.0,0.13822,55.551850616872294,0.12897039950520375,1672.04734,0.36193976067910205,1.0,False
G-069,0.4417529062274012,0.18810523115467645,0.0,0.0,0.3701418626179222,0.0,3.340410474168436,,,,0.33329303703703705,0.0,4984.0,0.2045,49.433144381460494,0.18938173123044338,1019.228,0.8203316616062424,0.9999999999999998,False
G-070,0.47358519647598446,0.3706960444829867,0.0,0.15571875904102897,0.0,0.0,49.9929228591649,,,,1.3799890370370376,1.0,9087.0,0.015,7.695898632877626,0.02868974693178667,136.305,0.022678529208811138,1.0000000000000002,False
G-071,0.513202781935495,0.22062304100833166,0.08686027705291874,0.17931390000325462,0.0,0.0,21.06157112526539,,,,1.9375416296296302,1.0,3791.0,0.0107,2.534178059353118,0.022652187359722884,40.5637,-0.2605693886150079,1.0,False
G-072,0.22587184516636166,0.4958855976162014,0.20716263484570568,0.07107992237173136,0.0,0.0,72.80962491153574,,,,0.4052239999999998,1.0,24397.0,0.1086,95.28509503167723,0.10097041921114178,2649.5142,0.5420836759492607,1.0,False
G-073,0.20667941213278254,0.5171093498812204,0.1968444839443768,0.07936675404162025,0.0,0.0,87.53007784854918,,,,0.3943703703703705,1.0,22005.0,0.13,120.76692230743582,0.13069613982318487,2860.65,0.5565632239268166,1.0,False
G-074,0.5532939832112999,0.20109334402789553,0.17248319354111652,0.07312947921968825,0.0,0.0,104.74168435951876,,,,0.2232802962962962,1.0,12727.0,0.123,67.83927975991998,0.14098260299255452,1565.421,-0.012248069461321842,1.0000000000000002,False
G-075,0.22401678887303422,0.5067747226184462,0.20228778006733528,0.06692070844118418,0.0,0.0,73.60226468506723,,,,0.34299999999999975,1.0,18118.0,0.0508,22.310770256752253,0.03982029192400793,920.3944,0.5689091970426825,0.9999999999999999,False
G-076,0.2413982495267024,0.4912548842322395,0.1801368302525322,0.08721003598852597,0.0,0.0,88.88888888888889,,,,0.23072237037037033,1.0,11875.0,0.1177,53.98799599866623,0.11053185682312568,1397.6875,0.4838647621311465,1.0,False
G-077,0.2914859983924214,0.38703204911263317,0.0,0.04535806215127884,0.2761238903436666,0.0,42.1797593772116,,,,0.4868242962962964,0.0,12152.0,0.2558,179.39313104368125,0.2338520711656676,3108.4816000000005,0.8802526267305139,0.9999999999999999,False
G-078,0.2691347579815879,0.0,0.0,0.3599359944079682,0.3709292476104439,0.0,1.7551309271054494,,,,3.6050370370370364,1.0,7879.0,0.0718,15.865288429476493,0.06290546369520958,565.7122,-0.33949187184971097,1.0,False
G-079,0.16851877576964064,0.5414032568127677,0.056558356816402304,0.1504031681454657,0.08311644245572355,0.0,91.66312809624912,,,,0.7129197037037038,1.0,7715.0,0.1779,40.250083361120375,0.13266385672566489,1372.4985,0.5441360038583769,0.9999999999999999,False
G-080,0.5241611938768385,0.2054293967489563,0.0,0.17937014761920717,0.09103926175499823,0.0,23.21302193913659,,,,1.6710376296296292,1.0,7856.0,0.00637018,4.5715238412804275,0.019591213803892688,50.04413408,-0.1400937229348747,1.0000000000000002,False
G-081,0.34649267432488273,0.4771066025959439,0.08483410318086682,0.09156661989830668,0.0,0.0,103.4961075725407,,,,0.7453202962962965,1.0,15579.0,0.1333,69.05635211737247,0.11664253701057237,2076.6807,0.40237225593644,1.0000000000000002,False
G-082,0.3543430106171633,0.3997853657501841,0.16031657770077695,0.08555504593187573,0.0,0.0,51.52158527954706,,,,0.3237709629629629,1.0,12193.0,0.0926,48.98632877625876,0.10535254909776672,1129.0718,0.31272192779912705,1.0,False
G-083,0.4180970139520085,0.38635598554315326,0.19554700050483825,0.0,0.0,0.0,9.4550601556971,,,,0.18846103703703704,0.0,17925.0,0.0715,47.20906968989664,0.06706519720550919,1281.6374999999998,0.5006842682384414,1.0,False
G-084,0.43394697972110363,0.3236309305969088,0.15872654083993437,0.0836955488420533,0.0,0.0,81.8683651804671,,,,0.34299999999999975,1.0,20602.0,0.0826,50.940313437812605,0.07573893852670746,1701.7252,0.17852648035641783,1.0,False
G-085,0.5388219292009537,0.30658595106325465,0.07859144199276212,0.07600067774302961,0.0,0.0,66.4685067232838,,,,0.427525037037037,1.0,12585.0,0.0993,37.445815271757255,0.08809778930088052,1249.6905,0.12661666135767236,1.0000000000000002,False
G-086,0.21374070198265824,0.08354786395648549,0.0,0.4838704830025248,0.2188409510583316,0.0,1.1889596602972399,,,,3.511808000000002,1.0,3465.0,0.0412,6.362120706902301,0.05668541483399874,142.758,-0.7886475882261067,1.0,False
G-087,0.18345672863964677,0.11035370351902216,0.0,0.518383711635602,0.18780585620572912,0.0,8.096249115357395,,,,4.1474136296296304,1.0,2734.0,0.0357,5.458486162054019,0.05951027167978397,97.6038,-0.883711562957424,1.0000000000000002,False
G-088,0.4181424545885479,0.3637589098339749,0.21809863557747733,0.0,0.0,0.0,11.889596602972398,,27.062986553432413,,0.33329303703703705,0.0,22859.0,0.0633,41.847282427475825,0.05708379203935596,1446.9747,0.4707119580140791,1.0,False
G-089,0.34848450611431053,0.19179583904762582,0.45971965483806376,0.0,0.0,0.0,3.6234961075725405,,21.06157112526539,,0.254037037037037,0.0,12502.0,0.0355,11.82060686895632,0.031210272683858887,443.82099999999997,0.2763926821276315,1.0,False
G-090,0.4169362380890351,0.39469599916737685,0.18836776274358796,0.0,0.0,0.0,4.7558386411889595,,10.417551309271055,,0.30527437037037036,0.0,14885.0,0.0644,41.57719239746582,0.08234758078112812,958.5939999999999,0.5122981523646634,1.0,False
G-091,0.449147875117309,0.28302432379461984,0.1843485858418549,0.08347921524621614,0.0,0.0,22.533616418966737,,,,0.3629757037037036,1.0,14983.0,0.0669,28.89629876625542,0.061457147208104274,1002.3627,0.1179713697667763,0.9999999999999999,False
G-092,0.4122866879712421,0.3041081777443921,0.08725510313229543,0.19635003115207023,0.0,0.0,22.929936305732483,,,,2.6663442962962964,1.0,6145.0,0.0106,3.6345448482827614,0.020533956149847227,65.137,-0.14833265316583938,1.0,False
G-093,0.5176079541122226,0.2007162125269858,0.09522633400181664,0.18644949935897495,0.0,0.0,11.889596602972398,,,,2.0971520000000003,1.0,3284.0,0.0188,2.354118039346449,0.02430159891548725,61.739200000000004,-0.3088054022216954,1.0,False
G-094,0.358555631943661,0.3954265408546047,0.24601782720173435,0.0,0.0,0.0,5.152158527954707,,,,0.23072237037037033,0.0,10223.0,0.0389,26.73891297099033,0.08447169748372498,397.6747,0.5414286402207991,1.0,False
G-095,0.24418524182146395,0.3695582317714596,0.38625652640707653,0.0,0.0,0.0,9.228591648973815,,19.249823071479124,,0.24609896296296288,0.0,14222.0,0.0341,31.34711570523508,0.06430059780214442,484.9702,0.5623136571699542,1.0,False
G-096,0.5476479302305517,0.21765412662013084,0.1762466216905773,0.058451321458740234,0.0,0.0,87.69992922859164,,,,0.3629757037037036,1.0,13898.0,0.0629,28.56285428476159,0.062262688405936344,874.1841999999999,0.053002977240199006,1.0000000000000002,False
G-097,0.12872299071024548,0.6289206218140555,0.1173978677014844,0.0671955638870217,0.057762955887193025,0.0,82.4345364472753,,32.32837933474876,,0.26214400000000004,0.0,6957.0,0.2093,78.46282094031345,0.21208990679424283,1456.1001,0.8686812212192021,1.0000000000000002,False
G-098,0.20808733658546233,0.5495224707418892,0.17887232592251667,0.06351786675013178,0.0,0.0,85.49186128803963,,,,0.20887970370370365,1.0,8936.0,0.1293,26.618872957652552,0.08854449479663339,1155.4248,0.6426588201984744,1.0,False
G-099,0.40852844999245186,0.21903378203896726,0.09181042172616684,0.28062734624241414,0.0,0.0,1.4154281670205238,,,,3.1981810370370374,1.0,3636.0,0.00215142,0.9903301100366789,0.00993043825654792,7.822563119999999,-0.4922619663532826,1.0,False
G-100,0.548229643012718,0.12178779631727611,0.16982687124531542,0.16015568942469044,0.0,0.0,3.5102618542108988,,,,3.0696983703703693,1.0,4290.0,0.00664378,3.561187062354118,0.02880770798303653,28.5018162,-0.35550053623368655,1.0,False
G-101,0.545599273454816,0.20920377557390862,0.17453595267264727,0.07066099829862814,0.0,0.0,49.37013446567587,,,,0.416274962962963,1.0,9668.0,0.0395,17.669223074358122,0.05744655880972845,381.886,0.009037519474971084,1.0,False
G-102,0.5484979641624895,0.2870444259110734,0.07564531645912276,0.0888122934673143,0.0,0.0,27.912243453644727,,,,0.6213783703703706,1.0,8162.0,0.0758,17.69256418806269,0.06707946840503509,618.6796,0.06063092244699678,1.0,False
G-103,0.0861850092371505,0.48793246216480907,0.20803928603920735,0.217843242558833,0.0,0.0,66.24203821656052,,,,1.0201336296296295,1.0,6807.0,0.0743,15.808602867622541,0.06968810174086991,505.7601,0.1932003124504823,1.0,False
G-104,0.12391808779078436,0.5832265544377092,0.10850785268196853,0.12053533256941358,0.06381217252012436,0.0,97.38145789101203,,,,0.4624877037037039,1.0,7967.0,0.2158,68.30610203401135,0.1789396836994231,1719.2785999999999,0.6726832461088303,1.0,False
G-105,0.11330040464902852,0.40477118914103344,0.19584913797893386,0.21088763697617752,0.0751916312548266,0.0,83.79334748761501,,,,1.1686850370370374,1.0,5367.0,0.0772,14.868289429809938,0.08044890276842702,414.3324,0.2097567219949302,1.0,False
G-106,0.5103293592484149,0.1119201390128269,0.1900169751755539,0.18773352656320413,0.0,0.0,2.264685067232838,,,,3.699901629629631,1.0,4052.0,0.005998,0.6902300766922308,0.0061902365760032945,24.303895999999998,-0.42653516500756417,1.0,False
G-107,0.13153840151429808,0.585805341416514,0.09346979529372941,0.09231488999068535,0.09687157178477324,0.0,137.0134465675867,,,,0.3528936296296296,1.0,7930.0,0.2874,99.54318106035346,0.24200751971848658,2279.082,0.8034778891600595,1.0,False
G-108,0.12131765133120861,0.5865106499216102,0.09573166757103267,0.10734914199275752,0.08909088918339114,0.0,107.5725406935598,,,,0.45062962962962955,1.0,17441.0,0.281,175.31177059019674,0.2112055416755229,4900.921,0.7552984335651876,1.0,False
G-109,0.12012142141492373,0.3980324902961269,0.192678325577721,0.19769337376653343,0.09147438894469508,0.0,77.11252653927814,,,,1.2136296296296296,1.0,6684.0,0.0786,18.552850950316774,0.07772311818570128,525.3624,0.26013279257106436,1.0000000000000002,False
G-110,0.2345760655408179,0.4938766423590441,0.1785339376587476,0.09301335444139049,0.0,0.0,71.3375796178344,,,,0.33329303703703705,1.0,4374.0,0.1316,24.108036012004003,0.13042010864380355,575.6184,0.4745874040731859,1.0,False
G-111,0.22261017068782285,0.49919322346473005,0.19244834769944247,0.08574825814800462,0.0,0.0,76.20665251238499,,,,0.30527437037037036,1.0,11315.0,0.1504,60.37345781927309,0.12601468929714332,1701.776,0.5074905679067118,0.9999999999999999,False
G-112,0.24341535780384216,0.4853372979708185,0.16997098617236436,0.1012763580529751,0.0,0.0,93.81457891012032,,,,0.45062962962962955,1.0,9378.0,0.1323,47.152384128042684,0.12712755196670297,1240.7094,0.43616229457863803,1.0000000000000002,False
G-113,0.5391860316789622,0.3096191503436502,0.07216230122930252,0.0,0.07903251674808513,0.0,7.246992215145081,,,,0.3732480000000001,0.0,13562.0,0.1517,64.96498832944316,0.12402746338921512,2057.3554,0.4673570251794833,1.0,False
G-114,0.37838672894125835,0.3650971598554051,0.0,0.0,0.25651611120333656,0.0,11.153573956121727,,,,0.28749600000000003,0.0,7274.0,0.1732,60.66355451817273,0.16663626113317656,1259.8568,0.9031948148346037,1.0,False
G-115,0.453448475007193,0.28263013170338613,0.18350882201320068,0.08041257127622027,0.0,0.0,93.41825902335457,,,,0.3629757037037036,1.0,16524.0,0.0773,35.148382794264755,0.06558838086472314,1277.3051999999998,0.123852043834867,1.0,False
G-116,0.37425081415665234,0.39972266629943853,0.07083021449377222,0.08370056337120889,0.07149574167892792,0.0,40.14154281670205,,,,0.636056,1.0,6301.0,0.1563,33.86128709569857,0.15084343970457947,984.8462999999999,0.4228635317977588,1.0,False
G-117,0.4910678828200969,0.36829612699284403,0.0,0.14063599018705916,0.0,0.0,62.27883934890304,,,,1.1033703703703706,1.0,4676.0,0.0191,5.321773924641548,0.03721533550544536,89.3116,0.0527603451717758,1.0,False
G-118,0.5498863026281411,0.2874712177830317,0.07708836340657559,0.08555411618225164,0.0,0.0,21.684359518754423,,,,0.7957389629629629,1.0,11173.0,0.0805,25.471823941313772,0.06885271394682309,899.4265,0.0695340745923462,0.9999999999999999,False
G-119,0.5612664153634275,0.29320109823871277,0.07041301552604319,0.0,0.07511947087181638,0.0,15.060155697098372,,,,0.216,0.0,12606.0,0.1539,55.11170390130044,0.11610751453721725,1940.0634,0.4286672798237722,0.9999999999999998,False
G-120,0.13266298912730656,0.39537516919156435,0.20499757653731931,0.17088059166272984,0.09608367348108,0.0,87.19037508846426,,,,0.9221143703703701,1.0,7792.0,0.102,30.59353117705902,0.10494645015414851,794.784,0.3320792150298013,1.0,False
G-121,0.22668795950622386,0.50214097356411,0.1753172477562139,0.09585381917345212,0.0,0.0,59.447983014862,,,,0.3943703703703705,1.0,7348.0,0.1294,40.09669889963322,0.13134951186486157,950.8311999999999,0.48149373841858323,1.0,False
G-122,0.5156267545493285,0.2998039317620829,0.09740822443676243,0.0871610892518262,0.0,0.0,21.910828025477706,,,,0.5380290370370371,1.0,7955.0,0.0838,16.715571857285763,0.06511508610549321,666.629,0.09796397944395077,1.0,False
G-123,0.2871380480524351,0.19207442188036408,0.0,0.29937276459677553,0.2214147654704252,0.0,43.76503892427459,,,,2.3349922962962975,1.0,6267.0,0.0574,9.729909969989997,0.0506071854307452,359.7258,-0.1660402551038428,1.0,False
G-124,0.44395709506135683,0.18949018686979524,0.0,0.0,0.3665527180688479,0.0,11.832979476291579,,,,0.3943703703703705,0.0,5302.0,0.2203,58.28609536512171,0.2040463683459549,1168.0306,0.8153459166174808,1.0,False
G-125,0.41751294874352585,0.39866146594074414,0.0959258092610319,0.0,0.08789977605469813,0.0,12.738853503184714,,,,0.238328,0.0,6988.0,0.1522,40.613537845948656,0.1334124745090306,1063.5736,0.658294311950445,1.0,False
G-126,0.5408646164606482,0.29442519195686906,0.08530167134751504,0.0,0.0794085202349678,0.0,18.343949044585987,,,,0.24609896296296288,0.0,28703.0,0.1416,33.42447482494165,0.04228349062041456,4064.3448000000003,0.44701229443526297,1.0,False
G-127,0.2897073520078211,0.0882508295236742,0.0,0.22431275868167375,0.39772905978683093,0.0,63.411181882519465,,,,1.061208,1.0,3967.0,0.1054,14.441480493497833,0.1015024377403122,418.12179999999995,0.18547693208263072,1.0,False
G-128,0.5126470832591984,0.22070585526963613,0.075734279977142,0.19091278149402355,0.0,0.0,19.532908704883226,,,,2.3349922962962975,1.0,4408.0,0.00523384,3.6478826275425145,0.027678021187493948,23.07076672,-0.2922565541728894,1.0,False
G-129,0.5080259931748321,0.30264225192731725,0.10209309284300998,0.08723866205484065,0.0,0.0,24.118895966029726,,,,0.8130370370370368,1.0,11711.0,0.0843,28.606202067355788,0.07361084781116381,987.2373,0.10517799941539185,1.0,False
G-130,0.08357729671481373,0.41950965278751234,0.202057375761216,0.21374163878472044,0.08111403595173736,0.0,69.63906581740977,,,,1.5879629629629635,1.0,5073.0,0.0956,16.525508502834278,0.08887961444374322,484.97880000000004,0.24524087275259765,0.9999999999999998,False
G-131,0.09092841797831432,0.495840373158557,0.20848041288395222,0.20475079597917642,0.0,0.0,82.66100495399859,,,,1.1910160000000003,1.0,5550.0,0.0805,14.754918306102034,0.07706795573486284,446.77500000000003,0.23758730146305063,1.0,False
G-132,0.2895698111353848,0.08711089524489309,0.0,0.22476541996611693,0.3985538736536052,0.0,71.9037508846426,,,,1.4049280000000004,1.0,9929.0,0.0977,33.71123707902635,0.09478132531647024,970.0632999999999,0.18410427967202025,1.0,False
G-133,0.5094941751903237,0.2322821711035913,0.08916022918624283,0.16906342451984224,0.0,0.0,25.194621372965322,,,,2.032296296296296,1.0,4577.0,0.00506556,3.037679226408803,0.022772069262798535,23.18506812,-0.2149899292185079,1.0,False
G-134,0.47107101049520667,0.35281007775740697,0.1761189117473862,0.0,0.0,0.0,4.18966737438075,,,,0.3629757037037036,0.0,12753.0,0.0539,26.178726242080696,0.06526783250440564,687.3867,0.430668060407662,0.9999999999999998,False
G-135,0.22168470761105027,0.31250266385558884,0.39272997292204676,0.0,0.07308265561131412,0.0,16.022646850672327,,50.16277423920736,,0.27042162962962957,0.0,17175.0,0.0304,49.89663221073692,0.0844118653873729,522.12,0.6147929048201288,0.9999999999999999,False
G-136,0.29705705173127567,0.24237147389579852,0.3859430070370206,0.0,0.07462846733590511,0.0,1.9249823071479122,,18.400566171266806,,0.24609896296296288,0.0,14112.0,0.0376,32.07735911970657,0.07390760852468739,530.6112,0.4879614204632462,0.9999999999999999,False
G-137,0.276485301440791,0.08239661890924391,0.0,0.2199275355272614,0.42119054412270385,0.0,76.9992922859165,,,,1.3799890370370376,1.0,10333.0,0.1143,37.59586528842948,0.10037885007159468,1181.0619,0.2338582872582139,1.0,False
G-138,0.5653235172852438,0.19826046247091347,0.1658107504777617,0.07060526976608099,0.0,0.0,41.953290870488324,,,,0.4624877037037039,1.0,11590.0,0.0457,20.050016672224075,0.05347823358208692,529.663,-0.01482757415528857,0.9999999999999999,False
G-139,0.36973028974786887,0.40040174563165526,0.22986796462047576,0.0,0.0,0.0,4.359518754423213,,,,0.26214400000000004,0.0,12484.0,0.0425,23.30443481160387,0.0492585384503727,530.57,0.5426322832061777,0.9999999999999999,False
G-140,0.21164360999707796,0.4025153430264303,0.09287501922066868,0.10129852863707643,0.09109104855033559,0.10057645056841101,95.6829440905874,,,,0.4052239999999998,1.0,9573.0,0.1693,67.54918306102034,0.16083422490889526,1620.7089,0.4342265986338179,0.9999999999999999,False
G-141,0.24038480507031545,0.4190266636623315,0.16174875011207296,0.09152076806089708,0.0,0.08731901309438288,101.45789101203114,,,,0.5249069629629629,1.0,16646.0,0.1176,70.59686562187396,0.11513815853463209,1957.5696,0.33019942288621446,0.9999999999999997,False
G-142,0.10455876120721212,0.4094284402235343,0.18659558956413066,0.20504898841919952,0.0,0.09436822058592348,89.68152866242038,,,,1.5341383703703702,1.0,5999.0,0.0627,14.894964988329445,0.07214306980487491,376.13730000000004,0.0653969995410777,1.0,False
G-143,0.19951187055579056,0.3408425136489475,0.36962095764586056,0.0,0.0,0.09002465814940139,11.210191082802547,,77.33899504600141,,0.216,0.0,21474.0,0.0774,73.59119706568856,0.08551016744599017,1662.0875999999998,0.4978573120942541,1.0,False
G-144,0.6551647897877959,0.08169038018915961,0.08661260189143336,0.0,0.08627990664164539,0.09025232148996576,11.32342533616419,,,,0.43897600000000025,1.0,21146.0,0.0917,49.07635878626209,0.06902121397451157,1939.0882000000001,0.07287053698269638,1.0,False
G-145,0.5680881880046112,0.277493134908946,0.08315374321845595,0.0,0.0,0.07126493386798677,14.94692144373673,,,,0.24609896296296288,1.0,11241.0,0.1156,30.89029676558853,0.08048148375067334,1299.4596,0.24608712379937064,1.0,False
G-146,0.13731725974380973,0.5708618210544056,0.10710073093898878,0.0,0.08533666264631296,0.09938352561648296,32.554847841472046,,,,0.3144320000000001,0.0,12389.0,0.1812,117.49916638879627,0.1830410044035093,2244.8868,0.9646512826579272,1.0,False
G-147,0.505868351494165,0.30362873891071124,0.12989836278481728,0.0,0.0,0.06060454681030653,17.098372257607927,,,,0.17561600000000005,1.0,4941.0,0.0533,13.14438146048683,0.07247547878385144,263.3553,0.3164193571766744,1.0,False
G-148,0.45763739138809845,0.41394344726194937,0.06616844690456163,0.0,0.0,0.062250714445390716,14.94692144373673,,,,0.2232802962962962,0.0,18134.0,0.1358,79.14971657219074,0.10674948030375522,2462.5972,0.48502097519728493,1.0000000000000002,False
G-149,0.11012284089441772,0.4301319058361455,0.18344093699749087,0.18742939832917896,0.0,0.08887491794276692,83.62349610757254,,,,1.0201336296296295,1.0,5419.0,0.062,14.081360453484496,0.07646050288815986,335.978,0.1417883821610574,1.0,False
G-150,0.6503990972192661,0.09890803540593152,0.07338191550418281,0.07661330018219,0.0,0.10069765168842962,25.534324133050248,,,,0.9801330370370369,1.0,5513.0,0.0094913,2.140713571190397,0.013756163758960561,52.325536899999996,-0.2577895858336292,1.0000000000000002,False
G-151,0.6345624607699576,0.11853828483526574,0.09498576497755915,0.0,0.07638119883655282,0.07553229058066467,15.399858457183297,,,,0.2232802962962962,1.0,16671.0,0.0735,38.352784261420474,0.06910971396912724,1225.3184999999999,0.12360662111780357,1.0,False
G-152,0.14164926999612998,0.5797928455802961,0.10449837361472324,0.08608844230889631,0.0,0.08797106849995458,113.8004246284501,,,,0.254037037037037,1.0,11920.0,0.12,99.8166055351784,0.16650239364648964,1430.3999999999999,0.6055798948562355,1.0000000000000002,False
G-153,0.16249466873075383,0.575870681244267,0.1038209193654809,0.08804577070242324,0.0,0.06976795995707516,107.8556263269639,,,,0.33329303703703705,1.0,10617.0,0.1834,85.70523507835946,0.1663887965653028,1947.1578000000002,0.5946095859362549,1.0,False
G-154,0.1360027324230745,0.5760787538394659,0.09639392267261102,0.09824696492092226,0.0,0.09327762614392625,121.33050247699929,,,,0.38371229629629616,1.0,5937.0,0.1781,50.05668556185395,0.14662121032531625,1057.3797,0.5669427000705657,0.9999999999999999,False
G-155,0.3876382754320898,0.3407972176833833,0.17277529371400627,0.0,0.0,0.09878921317052057,15.682944090587403,,55.25831564048124,,0.3528936296296296,0.0,15043.0,0.0563,36.025341780593536,0.06723370221927939,846.9209000000001,0.40237906556155967,0.9999999999999999,False
G-156,0.6309308234278235,0.13662087323374614,0.08543541469237108,0.07890616247378018,0.0,0.0681067261722789,37.53715498938429,,,,1.1910160000000003,1.0,7323.0,0.0125,4.661553851283761,0.022322523583254546,91.53750000000001,-0.18739430670984294,0.9999999999999997,False
G-157,0.6078580100544446,0.10728073566023055,0.07235034510365862,0.0,0.14134279966579474,0.07116810951587152,5.322009907997169,,,,0.27042162962962957,1.0,6449.0,0.1501,26.498832944314774,0.10143432428064965,967.9949,0.22811057786603578,1.0000000000000002,False
G-158,0.46626929021892155,0.20548036436124478,0.274251059388884,0.0,0.0,0.05399928603094978,4.585987261146497,,,,0.216,1.0,17276.0,0.0197,11.5405135045015,0.022807008006358764,340.3372,0.20895260707210836,1.0,False
G-159,0.32861726998345503,0.42822286143519467,0.08154793047724172,0.0,0.07381190524926409,0.08780003285484443,18.343949044585987,,,,0.20887970370370365,0.0,12910.0,0.158,87.0490163387796,0.1530003811870722,2039.78,0.6709949361197878,0.9999999999999999,False
G-160,0.34061263720958507,0.5183737552721069,0.06353048088872827,0.0,0.0,0.07748312662957964,12.229299363057326,,,,0.238328,0.0,4205.0,0.1746,26.28209403134378,0.15393717125600936,734.193,0.6717728905000238,1.0,False
G-161,0.4685729616022154,0.36054520892009984,0.0,0.0,0.0,0.1708818294776847,13.13517338995046,,,,0.17561600000000005,1.0,12237.0,0.1303,55.928642880960325,0.12241933862895395,1594.4811,0.3511153608459767,0.9999999999999999,False
G-162,0.5408159565311154,0.2718028093252027,0.10382117932728582,0.0,0.0,0.08356005481639618,16.475583864118896,,,,0.2019176296296295,1.0,21833.0,0.0939,51.19373124374792,0.07011582495718893,2050.1187,0.2451527026420077,1.0,False
G-163,0.10106956619077907,0.41748770523596856,0.20029274912653733,0.20040989910779067,0.0,0.0807400803389243,91.15357395612173,,58.31564048124557,,0.9032962962962963,1.0,3610.0,0.0773,9.336445481827276,0.07493760169217127,279.053,0.09784490998983127,1.0,False
G-164,0.1318291300177241,0.5795522916729042,0.1177844702812793,0.07684392559088624,0.0,0.09399018243720617,118.895966029724,,,,0.27042162962962957,1.0,8901.0,0.1739,75.88529509836613,0.179684053616163,1547.8839,0.6323488537559534,1.0,False
G-165,0.5655275912572929,0.19628203853970289,0.15776738435980855,0.0,0.0,0.08042298584319564,7.643312101910828,,,,0.27042162962962957,1.0,12124.0,0.0478,17.939313104368125,0.05224828844997212,579.5272,0.13480684392407452,1.0,False
G-166,0.221317709979232,0.40700391622488735,0.08597976124365894,0.0,0.08984585151227459,0.19585276103994728,20.099079971691438,,,,0.20887970370370365,0.0,15198.0,0.1924,146.31543847949317,0.1936859047579896,2924.0951999999997,0.6628069865241379,1.0,False
G-167,0.15976980216069409,0.4419800110877564,0.12960504969101153,0.12278073231345744,0.0,0.14586440474708054,97.38145789101203,,62.84501061571125,,0.4993063703703704,1.0,7008.0,0.1356,30.880293431143716,0.11880379031804858,950.2848,0.2819113416340485,0.9999999999999999,False
G-168,0.2109621697167597,0.4002201405866712,0.21414414007641167,0.0,0.08217385450076159,0.09249969511939582,8.88888888888889,,,,0.20887970370370376,0.0,16959.0,0.1137,113.24441480493499,0.14729048859741573,1928.2383,0.7015476593757899,1.0,False
G-169,0.2628950117951479,0.4991987321272498,0.16464691491948594,0.0,0.0,0.07325934115811648,13.531493276716207,,,,0.20887970370370365,0.0,14216.0,0.0923,66.88562854284763,0.11403586079001929,1312.1368,0.6860978743015155,1.0,False
G-170,0.5308109599307134,0.30086944231919627,0.0,0.08576000830050318,0.0,0.08255958944958729,65.10969568294409,,,,0.8130370370370368,1.0,9720.0,0.0571,12.860953651217073,0.044887344378333985,555.012,0.051954371491695406,1.0,False
G-171,0.22478399604804378,0.1856652719505916,0.1052261854096245,0.18866282933766998,0.0,0.2956617172540701,20.38216560509554,,,,3.285797629629629,1.0,1960.0,0.00737874,4.0313437812604205,0.06072476592733702,14.462330399999999,-0.3510839228256226,0.9999999999999999,False
G-172,0.4250004389698795,0.08199564419837216,0.2520798474162552,0.17611111464310453,0.0,0.06481295477238856,7.246992215145081,,,,1.7862423703703696,1.0,3358.0,0.00830938,2.1973991330443483,0.022460518625122078,27.90289804,-0.42742426187965815,1.0,False
G-173,0.5593263594284578,0.19688469265579872,0.16260773954684574,0.0,0.0,0.0811812083688977,2.6610049539985847,,,,0.254037037037037,1.0,13068.0,0.0363,24.52817605868623,0.05577363047939748,474.3684,0.13819319820303722,0.9999999999999998,False
G-174,0.6313261233454271,0.15233327338730754,0.0,0.06968846707821404,0.07709262773752161,0.06955950845152956,61.769285208775656,,,,0.5927039999999999,1.0,6168.0,0.0481,8.662887629209738,0.04463561588305775,296.6808,-0.018370660113998117,0.9999999999999999,False
G-175,0.14490169293881866,0.5972041881923081,0.10814638896591676,0.08747024681390135,0.0,0.062277483089055286,48.35102618542109,,,,0.3943703703703705,1.0,16381.0,0.2098,137.41913971323777,0.1725603143785397,3436.7338,0.6369522880822485,1.0000000000000002,False
G-176,0.2101589951048604,0.18974061634006914,0.10831624998957703,0.19215045507064352,0.0,0.29963368349484987,12.965322009907997,,,,2.1970000000000005,1.0,3466.0,0.00997024,1.6338779593197734,0.01682045988042937,34.55685184,-0.35038440237610796,1.0,False
G-177,0.0,0.2871786345133568,0.24031058033921487,0.393044152893331,0.0,0.07946663225409732,31.64897381457891,,,,3.2417919999999985,1.0,2572.0,0.0325,1.1637212404134711,0.016291131204721438,83.59,-0.5579703299339459,1.0,False
G-178,0.2605721879300392,0.49371517556211575,0.1741091930397266,0.0,0.0,0.07160344346811835,8.32271762208068,,20.495399858457183,,0.254037037037037,0.0,10786.0,0.109,57.0923641213738,0.13969725913219408,1175.674,0.6808323351495271,0.9999999999999999,False
G-179,0.5548886084257583,0.19856927535100755,0.1631952219439171,0.0,0.0,0.08334689427931703,5.8881811748053785,,15.56970983722576,,0.28749600000000003,1.0,11120.0,0.0781,22.380793597865956,0.06016627815484178,868.472,0.14141326500025592,1.0,False
G-180,0.5336866613665922,0.27705674536449004,0.10462298378508265,0.0,0.0,0.0846336094838351,1.1889596602972399,,20.89171974522293,,0.3629757037037036,1.0,10168.0,0.1349,28.882960986995666,0.08292734643329797,1371.6632,0.2549836582219226,0.9999999999999999,False
GPRFR-1,0.0,0.48451258787893264,0.0,0.060700692151103144,0.45478647504419284,0.0,238.20712432177402,,,,,,,,,,,,0.9999997550742286,True
GPRFR-2,0.0,0.5301078450090368,0.0,0.0500926869726537,0.3697016062106456,0.050097791441497265,304.60014154281674,,,,,,,,,,,,0.9999999296338333,True
GPRFR-3,0.0,0.5706106704507212,0.0,0.14944086180721236,0.20982239211675183,0.0701261674416365,253.19179051663127,,,,,,,,,,,,1.0000000918163219,True
GPRFR-4,0.0,0.6796300844191252,0.0,0.23033092595743287,0.0900391617164726,0.0,146.24203821656047,,,,,,,,,,,,1.0000001720930307,True
