capacity_ah,r0_ohm,tau_s,diffusion_scale,thermal_gain,particle_radius_um,reaction_rate
0.8150941849797684,0.06416546418202893,176.25184742936582,0.5826052639418813,1.918744302028165,16.10060944120908,1.0504777205960194
0.8638391398728014,0.02290172007618785,178.96819182277162,1.553258403951535,2.880976466815352,13.708903371997984,1.2063544767734584
0.872315244083822,0.05404015548245844,141.5299855780942,1.2218723654877919,3.042298251040099,14.109208390021948,0.5444838245198294
0.8794356141799459,0.05360341856382059,162.6725222555152,0.5064432330058525,0.3574048172286404,9.188331974906824,0.5039123924684256
0.8024357127116386,0.05352031095545505,47.96025387616713,1.0200649805351318,2.1823223285581577,17.690738507349124,0.7310608883774484
0.8095043869337148,0.03491817582437753,59.05890819371716,0.8275461813018983,3.5244024800709,11.889071202028193,1.4243346436078843
0.7788748895408324,0.06289689055850543,82.0281714061551,1.0243904712850065,4.448166954946264,9.817791797401743,0.45663500899205006
0.7303584364651629,0.07329334404304456,123.3973005010913,1.1484261512449958,4.111135321912107,11.30737086553434,0.6864385419379562
0.7635587850935257,0.029266980193805497,53.31540776735319,1.0157709398529282,6.27108796050946,13.988222594846421,1.0228695277870377
0.79551458380941,0.02599261619599993,231.36368755309206,1.1848815856785093,7.622613998692499,15.8492295541358,1.2471265652215355
0.8224105897196585,0.07280233832489878,94.85375220646833,1.5655321210282693,5.4792226301108125,11.44296540269945,0.42341281248446666
0.7834742014521971,0.03533501291556018,211.47923732332765,0.7586713729193453,7.261248175180799,3.579649490383349,0.4216660541601846
0.6570738699695275,0.047756161082909504,218.10180157144796,0.9330762455394973,4.544516376279552,10.487473880622415,0.9256953757945738
0.7880431998437176,0.08341461510118303,119.22695888376462,1.2953969758217043,7.5915962320917485,5.940954684736165,0.5698247001613679
0.6745341642074498,0.08767111193913589,43.866853746740546,1.0946005857323786,7.649788400513873,5.150770590566307,1.2364424981920688
0.6984512957545171,0.020064241158083224,94.7001780939901,1.3338072180756932,6.827965301379415,16.588605592754163,1.0735952732704095
0.7552891847399372,0.05738242438362344,179.80184997958895,0.6142867714318153,5.963219739602197,6.082013426101227,0.5191358139204498
0.7655719546497073,0.05563185523696018,145.16172291276325,0.9598311113577204,2.4211225679710586,3.523959645653453,0.497012018361511
0.8731958911615281,0.06781647217796562,100.6287522451684,1.4968247108556447,4.397725427086175,17.801871997040582,0.46283787772059926
0.8744388042481105,0.03988105985932717,21.091638580622444,0.48608288157351714,0.553569287507428,4.230431619318743,1.3198345400001554
0.6564638923621507,0.03324275085065864,35.78946363317584,0.9628565438952479,5.993686807985907,14.843325608422703,0.7833368620053149
0.8497830531656368,0.06801546032963107,40.15874223737721,1.3923474161516114,6.2547178563754695,6.546493772775035,1.0568919277129218
0.6695380934411936,0.04173823865581201,161.7968809459257,0.6706811547306162,5.243640071809509,12.68078381270206,0.8917845181080883
0.7708683283978593,0.030823141701062262,225.68628206273542,1.5708902950612171,0.7017210362151675,8.25425525642169,1.5263834970558716
0.7057011921279905,0.0690054950705752,169.4933301260153,0.7569698857415366,7.543253798792431,5.601598910748776,1.573670784364836
0.8891479539085866,0.05436590534299965,67.30279562651286,0.7702166454674904,5.003351893073908,3.877730187728037,0.8542131067206045
0.743117142349839,0.02136314161061974,76.1835954415593,1.0606766774736647,6.048351230281684,7.472638333298462,0.722506420777302
0.7744739747850322,0.08720737179910439,145.67831078916458,0.8237544841351772,6.855585164371667,6.946167892084388,0.46964146338368457
0.8060002571701996,0.04264796776190229,107.56130728923799,0.9733793526542,5.589634602156784,3.725704339348476,1.5589985176275953
0.660356709373937,0.05476504076643404,208.01579278900041,1.157736355564427,7.1242978843518285,4.346954187384287,1.4069873401367587
0.7484607239851488,0.048282203062257556,24.326748927724644,0.5023917509476356,2.1504612382717894,10.356525399902111,0.7137378844968855
0.8011984359151457,0.0851084510357159,239.85422132893086,0.6573981026164382,1.766818879395313,9.133428394680909,1.3240887534859063
0.7019639807387992,0.05104210568324693,147.2242181864917,0.9688896039153465,6.191546998510919,15.372352564906231,1.5097193208058726
0.8506587023669516,0.08242060627691662,34.081451063814065,1.3381339535567998,7.96260852112516,16.138315459961117,0.8724304731014958
0.676659234673343,0.058253933200377334,73.595876174543,0.7004063658233497,5.9302314567737815,7.736730760235023,1.3567879683586002
0.8279717754359267,0.07382963749831048,59.81539042459965,1.0652516319131857,5.9809882388483535,6.133701724360501,1.546265018736496
0.7698108762991349,0.040154418717655675,78.57989046690089,0.9925079714395132,4.909112416487681,6.172368048003647,1.4598668822860899
0.7314189859734348,0.05334961312151085,197.53095646349934,0.955379330652152,2.051415040893718,8.551975738187814,1.1656689365545296
0.7861313666323593,0.08193207843722758,175.42432030998938,0.6699577039673272,6.745928061211143,14.820633963226603,0.7718932361347457
0.6818370234099538,0.02423724997187339,87.68900216582826,0.649364017806096,7.299939650173037,8.578124876444136,0.7802977367463557
0.7595652187241614,0.04949549185221374,46.67986021392839,0.7835012248483357,2.8723835646434295,8.51459343935742,1.167901491760145
0.6560943274423086,0.04968889548931627,47.8293869689353,0.680333082892423,2.292640508447132,16.25187895327455,0.6418017737168403
0.7917318437701676,0.04311135713320844,212.50749075045158,0.6883959482394528,1.9629402994563823,8.683937918100112,0.6984420072908437
0.8561939365798279,0.06963745872913943,231.74478494759683,0.9302848557117549,2.0071626751254197,6.565372762597491,0.6547208734575258
0.8844723069510413,0.030483693685388703,104.89144499952464,0.5491662212628103,0.5435657341262816,14.140812204747123,0.9732672151003475
0.6715302101814948,0.03780572919069852,239.01522743999948,0.8054062470508574,5.734015227643796,12.577091299511546,1.3110381791434
0.7702798494979147,0.0404708659411865,150.58886115411633,0.6286948253188799,1.295941442294039,8.461681943098357,0.8967341647414648
0.860296601827424,0.060864262464397134,90.69245164918723,0.9946104037423631,3.4685237457556544,17.22169742906746,1.2247712405189164
0.6845437101049042,0.055381999843368335,200.36901915309807,0.7441281203545989,5.2648345609328295,4.0260279938522725,0.77639823164783
0.6955859658314724,0.061325360521126554,152.80845789237287,1.4861079458743656,7.769954888615477,15.51024810261604,0.5558099016048712
0.8609932642916567,0.04226334934785584,206.7928514424601,1.1268551389719326,5.687120197960251,15.711934205612172,1.340472153219987
0.8300836480347866,0.06882591545818287,22.346815738108376,0.49213752752861983,6.691736885486652,15.872072410852496,0.4738245819761785
0.8893092236312331,0.08318449569824111,110.64941548074799,0.5246575371733828,7.475551496555624,7.752540836315962,1.3964749357058588
0.7503039437746208,0.07374084426459326,238.41803867392508,1.3876847767027503,0.07802955503277079,15.251596813415608,0.5911241919256025
0.7423402834071761,0.06203153666732096,200.5639025427406,1.0801277200263233,4.016262646747875,4.838015760896886,1.1212472810530385
0.8004222368562816,0.0761495946391329,36.517895291331925,0.871763042845566,0.12199288427745623,3.5590731529002197,1.25375615664333
0.8839215591666796,0.0420866220907377,37.59548901517418,1.3470913640763167,5.268994673184049,14.942616024366396,0.7350829038364031
0.8710657024470551,0.022998108470998375,66.9632379716443,0.6444374119291371,6.611858821186718,16.775074133554057,1.4702415999513847
0.8115483714842233,0.07940236206570622,159.66097950498047,1.534001790539052,0.4577908701852462,17.383746874611028,0.8718191185460318
0.8679595694171265,0.02862995005795948,182.71169637871824,0.5717139562496667,0.6429764274574371,16.94504489431968,0.8681787235457383
0.7143098879002803,0.060829114350442276,59.59800906081947,0.7898966841659714,4.1652543309646965,13.229962954728515,1.2775228943587456
0.7533960796487821,0.04344332294031546,172.6063132536647,1.2221444091396556,6.309705221345276,9.507546980400534,0.6963240395626893
0.7516499369585221,0.07340979208708277,23.254194650921264,0.8449909380196141,4.470064158288949,14.68424970388559,1.3922977378004764
0.8053519945864829,0.059464294205940904,175.76255145334807,1.4594584824973649,0.7905346040362493,3.300494880377533,1.5007769127880461
0.7037272915354204,0.033694763953508455,180.5844714644206,1.3022317085772666,6.790538956198659,3.7956718038394373,1.5538165579883518
0.7015901944879666,0.05511899682905201,213.06519443109855,1.1884318381033174,1.4181812221052297,5.210689671251034,0.47170973949066997
0.7800224898110175,0.07444817669287328,131.25472702087058,1.382600448110822,7.111343557930063,9.976485139757612,1.55170312202016
0.7289548530256471,0.08330286265441357,196.55947146585638,0.8777615649476046,1.0248787385350298,10.243048111355469,0.9813905907924785
0.8064883736609662,0.036728718119512394,61.567302656946644,1.3591763782068291,0.9945495585409507,10.069559286832575,1.354823387503182
0.7098678996202845,0.04612912635266764,64.21325331714249,1.0190517346498198,4.783658761757277,8.035688551671948,0.8308684561991362
0.8176241657578707,0.05574107267707652,121.69410787927562,1.141367571696352,4.149500903706854,16.436271390410006,1.4551371636096406
0.771822494799608,0.03314125664431414,180.0453289436442,1.5905265886230358,3.0281812948436837,14.97697357006762,1.134992734149634
0.6635332187021914,0.059573348452077554,233.65136807969378,1.13032523527531,3.5134114447131006,14.922103581891617,0.7758558817058543
0.8096491694954002,0.02081018374302753,28.33044247341766,0.651331739918997,5.437693407397446,17.192152665754946,1.46451461486655
0.71207721548185,0.0787034964338059,92.65259905802266,1.4032554768536172,6.251285161345858,12.109978989801373,0.8637606548882704
0.7606812835995508,0.04345484992889488,26.968329693386,0.5324557902172908,1.049187179867723,4.007808373770848,1.000589187269032
0.8331717326270152,0.04990856299263162,129.62939986350892,0.42158188468279556,3.3529988226271032,13.945906217393542,0.40966818626424695
0.6584015398789375,0.07740126781635358,181.49614454305623,0.8883218605382367,4.213462377808983,4.371460102785781,0.7531035087734914
0.6690030947017326,0.042973994250241274,42.08971226997526,0.5631324419453548,3.1804089742107946,10.22123317565467,1.4156381466955383
0.6542053734907682,0.025478124272953002,125.88128749552064,0.627415881339371,1.3934640327679788,7.0353388706746305,0.4810134200482987
0.6878816186106014,0.044121572130360165,127.85735092558707,0.9567248225990432,5.484678012664876,6.783244918616216,0.6024741939619209
0.7320591214659494,0.048073895688424524,192.86883994040406,0.7033230870334054,6.082073615022837,3.462935687285318,0.5944627448210813
0.6808949935346329,0.024374440993661258,115.3664975105805,1.4548257521189263,1.7353296760155505,10.141485230110211,1.2730023660829373
0.7947785787329148,0.06863775236647879,213.45386408087612,1.502165324654897,5.391588903461804,12.570562335439076,1.5953222887287808
0.8720034987459739,0.06701377063462349,126.3599311652152,0.4891035853434863,0.1692328657010562,14.310038070211057,1.1979853710874142
0.898634157455583,0.07416797942900179,116.20095108320794,1.350036388104915,4.085061897204559,13.438062353159307,1.218477134873632
0.7233736133866817,0.04721591880621619,195.28015588469856,1.0564359896585238,4.455109314156508,9.897147398220408,1.1505351729940125
0.8614832963751969,0.03440213788971869,238.66016244985647,1.214060369766589,0.373538958914245,12.367794293862802,1.2025324930051242
0.7409375068591937,0.0864595758328468,165.52124774921646,0.9819181060794286,2.9363020916329443,14.662757506454577,0.9120289196610103
0.6573062610599193,0.05663590968577473,57.61575546586218,0.8544126356988802,0.6655357430358422,6.911113457246556,1.3323958804260285
0.7975313743053251,0.0349540319727613,160.7864440666929,1.2872545953173868,4.306017353702482,9.922267942722137,1.3306493887426651
0.6834528090848702,0.08384306592034564,61.84933259904626,1.3005211370630472,2.2026550454385783,15.998775907254418,0.6735309296991174
0.681407542594427,0.02806655204779377,84.53168328752213,1.5109707413157674,6.457636168008475,8.799259817771784,1.4271972888848934
0.8346268187994235,0.05725497850563348,185.27952526676776,1.2602944377407361,2.462026247687873,9.9536663832214,1.0534021126977624
0.810587366562132,0.06615369032542942,137.59923081472317,0.8962268848756563,5.770832084240807,16.297879710219107,1.0173161461229088
0.8776176503551494,0.036005799645969436,167.40046076430883,1.2094072758859777,7.461227440651583,12.621579468049259,1.4828502561407544
0.7383343416511405,0.05911823054881925,95.31508862518177,1.5192152618141566,3.7344626831961922,9.787577085096741,0.4837312661733739
0.6823477589736671,0.06374216388863442,60.25927435284745,0.9519646624380004,1.6606229344466645,17.509136493376204,1.0553134150752421
0.8739915075952062,0.0271214255848348,60.79094685542253,0.8529182867261103,6.396206121665176,7.4275750800306755,1.0595298057662388
0.7911144405289514,0.06982727577165065,99.73916791306213,1.410515364101164,1.0054567360778164,4.483664019774762,1.3394012334169705
0.8373994283076556,0.07759570922616366,65.77633809316941,0.43425137126941843,1.1295567075566653,8.91096276513964,1.4404160511497177
0.8167567399544269,0.06066552160316517,207.19203898685151,1.40001059650213,3.684338700306946,3.1796340389220528,0.9041948920615617
0.8605051709015711,0.03806172907642208,119.8938707309629,0.593796211685371,5.364627704979147,7.576116264295305,0.7569745358714
0.8319029281279717,0.03842915167900121,188.31474934181261,1.2657939946317398,0.3727856120892687,16.968848334712376,1.1078689391321634
0.8260603675656618,0.04747312308985334,124.7520576853562,0.5578980790348502,5.07851199509001,4.265387390550252,0.929878943098347
0.7255424209476625,0.06162584760348877,102.02257375811267,1.431211748445644,7.554445204892412,6.07495848230813,1.5717758592580027
0.7267238480984413,0.03166652280937361,215.2470053028686,0.6190209959869857,3.4622254111865245,13.18921682449634,1.384438837724947
0.7363161651224105,0.06931962600326821,91.38175350497849,0.8815150342939435,1.7936018213259857,4.28291854105853,0.8195434942490732
0.6536121934408105,0.0231581217946146,153.4488579270561,1.381078460789521,3.6971792261120426,12.096238649711063,0.4959052519599891
0.8128590810951506,0.026776137294088086,152.7299380799989,0.8656233560503774,6.239582886494644,4.747234263310945,1.4127597014267437
0.7961493171213587,0.06216692526078309,20.150261692985755,1.5543011293338207,6.0399367814278415,12.628665763516441,0.5567617618271461
0.6557655235474563,0.05689315730471754,215.85298643467678,1.089491473032492,1.8944160842546307,8.813638564242535,0.4607931510913334
0.7275063960276593,0.027541154124158758,115.76850823986595,1.5493632017643435,2.2693438197034466,3.659981652028434,0.5875672886095492
0.7639941557942544,0.04107960917599092,190.47136025587054,1.0679403304598005,0.08871361792790425,5.374524146304562,0.5356690244848366
0.8101145069496455,0.024584056022503582,95.99585385829896,0.5993656936577401,6.9481330739050975,16.76015423629929,0.8137479473165068
0.8036901172243935,0.0454691388668582,22.869920556637904,0.6949854145968359,2.0534430069876173,10.774899809881667,0.6299668403962049
0.879586214757529,0.08281512546935102,132.52013300897653,0.5642053956004919,7.868261595998296,7.561594989672216,1.3767564159402788
0.7073861720035414,0.0317774393687566,211.91532521007335,0.9034104896135945,0.751151719377862,9.854093870578934,0.8399636789121714
0.7264184525938809,0.06477301727036987,179.1795742174353,0.6834926709868765,5.2318563982235275,6.461161478997759,1.3512076669998816
0.6651343246818334,0.07591532687594986,116.95878947504954,0.7324831555256306,2.8135544389867606,11.864518190302478,0.822970833896229
0.8291614708841912,0.04020713000176379,177.10924897541648,0.5751840771392789,4.105412373825475,7.7027585894581145,1.275209985519919
0.6780489243340795,0.04366590634842371,25.51409846916829,0.7476431164763564,0.4106727734280068,9.253525428486057,0.8401748345117163
0.8574116052468653,0.06567852322971293,208.93105186832696,1.5222432685323786,5.861612630732836,17.862074512828762,0.7665165671789607
0.8901120266763947,0.06179198798483028,38.49102426649811,1.0537907698063906,3.907947022788293,16.47836068651697,1.0864038051283635
0.7682917239678497,0.07644282030717384,53.82734653279386,1.5839537198108364,3.240277004883903,10.440571382991108,1.1185613749326184
0.8333801787131301,0.057753959846382485,75.98298475418011,1.4047825177422038,5.285586808350026,3.21477150055938,1.1827964504882647
0.7862769244293473,0.03394544197006023,72.36119453372477,1.2392455880342341,6.008078573565425,3.7217222826743446,1.031674256998891
0.8972147658027527,0.03337706092867563,156.41653725631954,1.5015128065092829,6.918681006598602,12.406162385924993,1.1562379278961643
0.8786341194346369,0.03852642305480802,106.46521908388061,1.376955975397267,2.3137544447833767,8.068514004003635,1.3639096537660214
0.6622993786081974,0.08603807789277584,223.26074295972404,0.8870089868867428,2.9185241056796047,6.643689092736261,1.159410452100851
0.6800979985197471,0.052447717073652464,217.302731320359,0.7840308627834986,3.546901777558606,15.151175021680801,1.4298563557189943
0.7182759193600301,0.035131145571911125,190.66393730684302,0.7298060442225891,7.175389373895972,7.8845810955230675,1.5109152711953957
0.700347786948597,0.03058712019465331,166.24121892417315,0.6202961336844104,3.592210295199184,6.406621764312009,1.5294079342741802
0.8852619780678799,0.06591943358748356,177.75466117702717,1.1864552940246509,5.730575819633146,11.751461528581547,0.8077586893251127
0.7587932824656568,0.0843882871746742,54.73633540257785,1.1823070429278641,5.504273439035385,9.43966080171725,0.9111002814001118
0.6519811420945737,0.08105047139317746,87.15451062855253,0.4462508497202889,3.1954757047235125,15.286728740142804,0.4435031871922687
0.7044813347910208,0.07679785369266727,63.28865969603724,0.5962240223427888,7.336301883822298,11.112058461967807,0.9010187841689763
0.8618626059724239,0.036504067065082677,49.90732686894418,0.873736490334216,2.7449911486284195,13.401193757103856,0.44503593848082734
0.8025194976979562,0.05194758269760048,214.13004726425203,0.623584565493297,7.836624205251645,13.599248635530971,0.7257620933785196
0.6892013131634879,0.042479154484327056,156.17701928896463,0.9210699717360216,2.994660650063396,8.286702847716349,0.5416255221107693
0.6791714150422835,0.03285453074865122,189.49474130133177,1.3250624814059724,6.784628305038316,7.951983353543161,1.4233172258652367
0.8199791222126263,0.06546005290437208,94.1420324221515,0.6047545825100237,5.616655485536735,4.080159115403441,0.6115760907778389
0.7621150902849612,0.04374890121299262,91.63236166193647,0.7319953824548266,3.533421753354517,4.817977590350896,0.5118758737869198
0.7198090574826932,0.08683494649332876,81.54414687294222,0.7807354343739397,3.56809430144573,12.876953688746127,1.4793616870107842
0.6663640916131734,0.05214620506648193,217.75801785625262,0.542800609286568,7.393696213696547,5.376248472634389,0.8053145727144901
0.8470094852078128,0.053054222359564016,230.15646389418708,0.5199194925201203,2.5006715641543646,13.002687807757818,1.1705007627621544
0.8991700801181259,0.027754668388646986,83.92466823643957,0.7273950394377242,3.8940328586711206,14.615841612786085,1.160522978574627
0.6785820249149505,0.040001121124825983,189.13607973715875,0.8349821316964974,7.507905515641206,8.214517475301804,1.4747058564037134
0.8215240156527917,0.050635715055373044,182.27198162698105,0.6937483859633755,7.198777017612547,9.73331275192133,0.998688964523314
0.7401404542857458,0.06433102724804335,151.880266157687,0.8136043803054818,6.89629131436608,11.953484239965098,0.9755066392455478
0.8084717295171466,0.0310682410062632,84.7991107406127,1.0137226910075334,5.089553056445344,13.33313158631627,0.9861793461796297
0.7307489489966983,0.029036757445922413,74.37615659621073,1.2920941550630292,7.138532526894838,13.093622326724315,0.5427490436861722
0.8123664620159675,0.07856945168775263,77.05345208377334,1.476629144558478,1.2130236322353765,9.664998463846631,1.3262497847733552
0.7447457385648195,0.06276487332992046,64.75682291687357,1.558292031247706,5.835703791015694,12.186386289948965,1.0970203514878152
0.8476532489582855,0.03547768701885481,109.01045816638583,0.942174656329489,3.26768167334002,13.05391692785595,0.874043591138471
0.8192729201975918,0.0882774554900011,174.82038363294703,1.4190387847381154,7.820580637406476,14.768994343096274,1.5807103616112816
0.6736294499432908,0.02346992235220139,181.11848082949814,1.34518003522355,7.943748578549404,10.979598599581179,1.2502788601614112
0.8586801252001343,0.060599124179506664,132.8100856782059,0.5844049783286386,3.7488110151168756,12.5215417732471,0.834451328197634
0.7687017899302877,0.08272115936448174,204.80050984449562,0.7196148183535382,4.677947152232298,5.41442999168633,0.7387606629480603
0.6937779580073278,0.06970223753302114,233.00779843324983,0.8517240049653043,2.6561234936813864,5.718234196193229,0.8202303018809873
0.7038902278094878,0.08135361810638891,219.1614059288612,1.5476472872399842,4.887686728070938,3.4861953767860165,1.2349984677018395
0.7872140987851604,0.07919051988093191,136.96958459797304,0.5280011561815516,0.2864472079648581,13.547620022825978,1.0385443134020629
0.7883430566340764,0.028946195254776614,40.73089007519289,1.5891504461503692,4.199314411272574,3.108193389219414,0.8492933246098632
0.8813385567189036,0.0711195859912171,197.16554871158078,0.9851666680039204,3.3023793909034547,15.731279480508325,1.0763972211323147
0.7785453093973369,0.08837914638105408,235.18056681143784,1.3982418624406823,5.225385396893708,12.296161861948635,0.4769323199734521
0.7695552006332553,0.05301050583816998,192.3331431271392,0.8471273666806116,5.30967168158277,17.474129041243003,1.0146954847870684
0.89590703028441,0.08986373323433258,186.0461499638988,1.4682783980527594,6.922358338533998,16.886526455843395,1.5623616002414122
0.8274613516344065,0.07840397715624048,113.96280756276099,0.8414850960813522,0.3366356144742193,17.337395534890227,0.7144994680241036
0.6718897168175595,0.08669041116030746,50.35296395395784,1.15958324131713,4.963313455859048,12.74702724129915,1.2858280352997782
0.7245098785979075,0.08531287624033038,216.96486053830415,0.9392029867530518,7.413461487235193,12.321569718555235,1.5926929203486129
0.8881463627053328,0.04457082621271867,150.94580246034684,1.3080488087083433,4.628361880549678,15.495192483024121,1.4895584041575822
0.7738933025503771,0.07188294024880888,163.0972674520471,1.368867158698381,4.939321216420129,16.35428632687903,1.438578934456515
0.8866555925979178,0.06771089643399962,82.47942856743279,0.9110276158487556,1.26319753792876,3.36453359781713,0.9424841793625345
0.7063222452147259,0.058317857308746154,45.158697857019064,0.8994586064770098,3.486374420389743,12.992131259535888,1.1148718097259058
0.7688847281739544,0.0636256240920594,81.966275262825,1.0835754457223186,2.854739846697083,11.208842730919287,0.743656079296126
0.7554623900159069,0.04899517180696647,222.22543302255116,1.1341289161123147,1.1725401774375555,14.969620543134281,0.43282845734969055
0.8703352139543409,0.03427072184892562,237.35483282724323,1.1818016860588025,6.570573531204789,7.2394316491431985,0.7416477234016539
0.8432772116562819,0.030282967113274453,157.74918769201432,0.9472784826269637,4.585929727873316,17.066065759412446,1.137470385645357
0.6680789645552743,0.0790093711319382,187.60759933387695,0.49814066675816093,0.1186689192376428,9.022314926092786,0.683769347123778
0.7651585128098708,0.07143577028750887,25.187459816758903,0.8784914569701243,1.0557358818901597,8.36184848682785,0.9300066455769618
0.7158149270404399,0.028353185754178285,113.38122322138953,1.480102709002575,1.6723085205533654,13.954845225863881,0.865659317612683
0.7912589024400415,0.028691825386197762,149.61898690536745,0.8740582305429085,3.9815902351837713,5.965061874386125,1.0108304945943902
0.7620299780789385,0.05052920667691861,228.19582361510345,1.055793433041786,0.8151180719155864,10.935266720846814,0.6192826544169443
0.7706630544260973,0.02403298944956981,88.7011786332136,1.072146461217022,0.14756293840457357,9.615212700511734,0.7213414750808045
0.8323120639582562,0.07733374100645,164.29733343246843,1.436682493180367,3.65927467968827,5.541982111332649,1.0953085383884749
0.7285922530051835,0.07668895869370423,136.53911036811485,0.5365537723957092,1.954812043846372,6.044636525685997,0.6268746551788503
0.7113518585239694,0.025919967391059708,101.0968437099613,1.3121449902807498,3.872034739612349,14.85827630852521,0.7798948480193539
0.8262727000454075,0.046320876781002426,88.96123651980002,0.7988420449504996,0.30660508268208897,16.574036450016912,1.0746391623886602
0.70934888832757,0.07483023788232596,196.82739801421846,1.1062957093258619,1.406714433567476,4.438356063991068,1.5039890537823308
0.8755055626197943,0.03664474979221295,128.21112000607974,1.361253878824884,0.059132294524923926,11.193241455295016,1.2996788233748302
0.8855104550402578,0.08970873111080126,170.1366210946242,1.0500691680930365,7.347152267837038,5.45360894695744,1.2916247814144701
0.6722523863773744,0.032730882800456856,29.029363223302056,0.925797787668129,2.5225204946368014,4.712955911215945,0.6748712146392817
0.7391741065432009,0.07522915866644235,73.3775075585891,1.5292600312643057,5.061098409431279,14.522040022920535,1.2484104988831652
0.680484284642422,0.0646501536676331,75.2552745732497,1.0962513314873306,0.1863470619262939,10.58698856390582,0.6390726485706371
0.8930457805126757,0.026164270968315896,201.25494539504177,0.4232465319842503,4.125083802957738,11.54899762475318,0.921076545605631
0.8276990621275073,0.037941661919666914,65.415471326801,0.42962305139397544,2.9287447856258217,10.572579746267376,1.4601053604085408
0.6598312524743768,0.08570562021304087,106.90938038819343,0.4458385294399946,3.3646444070942,7.17821477283147,0.8927315311320667
0.8089879057827678,0.0488830410916089,213.95350374179733,0.45493079849742146,7.680086093376176,15.001032311850702,0.8619192015423157
0.6526225845818211,0.08553146076555203,61.10223731041775,0.8959097705085816,5.027521678639852,14.204063106405307,1.495764991235495
0.7028917398594512,0.04031928410582852,176.142888853976,1.1009302036940485,3.5744567352282837,14.160813797161268,0.5072055333970544
0.7677312433104775,0.05172596966341787,66.21145748216742,1.1693786916298379,2.5841418201110287,16.042848817453986,1.1860712536102171
0.8670440474777134,0.04579881464527486,79.8737905720528,0.462339961641682,5.640321366128428,8.103946133612078,0.8581132352974444
0.8457804436430038,0.07789049133406385,45.466585578836956,0.4509130088098403,2.6946810456490597,4.675704904533832,1.1165903233539138
0.6702154423377201,0.025196752883244786,100.89167479901816,1.2272768019408549,3.021446575444208,11.94775616911872,1.5138451278294793
0.7109250542317199,0.0743146248291593,86.39208235420031,0.5087755579828122,7.986197653570874,4.3210619164670625,1.1415883604139743
0.8762601099898377,0.027674484506948975,216.3442229186944,0.5681276461367196,5.1203040969344755,10.719090989115411,1.4999017647125004
0.6945193325697759,0.032359278344151365,111.96178777826614,1.5688628605705928,4.494500682716058,10.661569527907641,1.2967480208866018
0.8524158886451627,0.03588993191092138,160.9401440668813,1.4942717263416148,0.2406820919065895,11.141302480606086,0.6658188418829292
0.8869891962675347,0.06311558515067114,46.78657899433102,1.3712433803552533,1.309723023817795,17.61148808269573,0.6076343824591381
0.8306996941171028,0.052823794280080674,158.35328708861553,0.591130480506382,0.39695139196450513,3.406952330512183,1.3156622539167748
0.7050263876283895,0.07399474458244575,64.69398546696141,1.4390047045952694,5.633072672025205,7.512295177130544,0.7611266650213224
0.8391688271279877,0.05797660059518843,55.758086253728735,0.5811564678745709,7.159108989937314,6.66017608422126,0.6175440644555537
0.6676509962582379,0.05767740276277268,95.5401580628739,0.4850619898419747,2.2147099283787908,6.763110970669176,0.5318793383628516
0.8500740776891276,0.053757711898205496,79.11335574922289,0.9011436602729823,3.4048275100767116,16.90359427490509,0.9927378691142563
0.7219384693188184,0.07883937154732393,41.38698679750817,0.6640788260749868,0.7283878357127778,16.714372955812145,1.5243757540776262
0.8206225990355238,0.0266807331391365,92.06477319636701,1.483569009716375,6.55006394876292,13.871721120770383,1.4696028326729378
0.6905721562571733,0.03064615185664426,198.23861444148181,0.4174548270051682,6.66519034321866,12.326098833511933,1.5156911538239561
0.8515843054240606,0.03583267823041818,26.40588983685703,1.192234348867932,4.2431927196969355,4.182296061153934,0.719649638864288
0.6961009655701975,0.03861085275862322,52.57927715038862,0.5554531405957467,3.3825555572806287,5.646818095041774,1.532899520616184
0.651372904918115,0.07214184130966103,54.290254862686844,0.5264355776094645,7.523360131613967,15.57962317259453,0.6811035187336589
0.8884081012155667,0.05042191214169167,210.1677027941469,1.2176472888471646,2.2604335394742856,4.565198499439614,0.9615181457671715
0.8859367580378206,0.053446717876586974,135.76663841227986,0.7777382193382991,1.6474823773093075,13.142425884279069,0.7912614543173182
0.7599016678072414,0.04126096519285434,48.25899877263661,1.3290041362944223,2.4447600210221223,8.178320693084832,0.6900023407253327
0.7547443681313626,0.06247952572890367,28.466843642929597,0.7544170970243849,7.7938542481190245,12.872971149989404,0.6679683888891198
0.6885511664027988,0.08469232997108762,121.05063379111691,1.2788636652974175,6.712637830622608,7.329084673974182,0.8017826857934756
0.8369895093057894,0.07999081608578804,65.889126482018,0.8060103515727584,6.201694506448172,5.852752524823192,1.1453713041147402
0.8452493076524961,0.04925205673777093,237.57769022066265,1.236122389291586,2.5954047881798448,7.411074955452964,1.4814074007390934
0.8665959166775947,0.07714389502152115,74.24542004033603,1.4561014129539815,1.1012949385532316,16.529146977699945,0.5786373410546206
0.6965866995160788,0.07364619607123243,197.90227099277948,0.977470576578761,3.827822864217307,9.221498614882762,0.9526445827710912
0.8934106358849871,0.07095588675468484,113.76539063339926,1.2800709622277218,3.6364720319287174,6.589251073752498,0.4051349688135153
0.6990612355208626,0.07170949103991567,114.68365524081597,1.5772433639715526,3.00219832278559,5.519673126640026,1.579991388448665
0.8310120135991435,0.03516735759321389,230.08583041973017,0.9375840038525832,2.6197478047668388,15.954751481588877,1.57582191598985
0.7023353188942671,0.08816284115659317,222.63043415691766,1.3636223271590489,5.050726722301379,17.014748780327125,0.9330411658503883
0.8342242439925767,0.0604084038845004,127.54685261667765,1.1200340256569283,6.381175420795987,4.989916139918772,1.3061533060645485
0.8257308851720813,0.020498188221264667,149.1566565159867,1.2518044240051092,7.233756914590752,17.744985938216963,1.539629249454395
0.7981400716206405,0.08378289986745739,125.30811116920385,1.4141847902172193,7.495963725262821,11.168349228184457,1.211451731212623
0.8486438631874511,0.04063424555546011,235.62060726502867,0.4571959044036859,0.22367080700605504,16.403833223737294,1.3992016093946846
0.824985367995371,0.06746444015013754,111.06560820853606,0.9904341894516567,5.53052087482015,14.577065110268347,0.5922980057598957
0.7163131746858079,0.03957343953287343,201.84813680416164,1.144265152921035,1.8625893302834857,5.009527090470662,0.8804800662325987
0.7274465444756204,0.06844223552530611,133.32254579838096,0.7225432500685072,6.8207836966869255,12.478083046531207,1.556945084739855
0.820106345446743,0.05968760763988315,183.9919039507104,1.5574242902479036,3.291762081321256,3.7690415367659487,0.8509942501260394
0.8381228012823779,0.03638202482591331,154.4217959928991,1.3404262172371002,1.2411579499953707,10.468831873663014,0.43052695356459625
0.7259675117281063,0.07290563944175074,62.83087224757948,1.3844095354828347,0.1871916495249489,16.731954091694163,0.49816428000674856
0.8154232561396051,0.029758927421338753,153.59931803059368,1.4090521345247242,3.200178283375157,6.297654804399807,0.4931752501714056
0.8208851920647804,0.06488352734710523,163.44447595476572,0.6632344336744396,7.746933619468132,17.952911754089406,0.4353973592846748
0.8734290862026926,0.08366070006988612,169.7443336252543,1.2766830384632135,4.402272061212191,17.72438872897795,0.8335596842176954
0.7209533675789215,0.07850092228902021,80.3182781379929,0.7518895800865841,4.995356321553848,3.903372494202234,0.659938214325928
0.8810848182352646,0.08743973269977173,187.18134373066684,1.0285005884979108,4.729898498450907,14.703334779196158,1.2205078640420814
0.874630956178809,0.026624808774449685,168.30519265656653,0.7784414601128504,6.7700573367600665,10.74423134236832,1.0799456357330048
0.8908506186275102,0.022250498030660294,152.13362787019625,0.7345120105546101,5.606245161084061,7.81309665447274,0.551100935517753
0.8693164836616235,0.04494315425287089,77.97437847849454,0.6603764952575615,3.0886724851806395,4.385534767579687,1.5677179454001
0.6616781890633611,0.0341279958531098,58.16197091428363,1.1173356739045932,0.851078203901562,8.544705695913342,0.95781999721791
0.7232832872374578,0.06945834780434511,24.403731541291545,1.275851884633262,7.891566105587314,13.454318635110232,1.5408395195665143
0.8788439928314294,0.08234306026575985,159.7432024742127,1.2107230649444705,7.406371665427958,15.232181257655968,0.5391052144964158
0.8877724734071231,0.04572877388054747,71.27110482813052,0.6104068565403946,3.4231906162488537,4.146161711341573,0.9835072955164337
0.6767324707700949,0.08097814318218026,160.1817817145145,1.0022871807386888,2.2389634044409994,16.23087438987055,0.637384669067242
0.65115974068159,0.03625296149721382,136.63307457166448,0.40940996158257525,1.2857488825948757,16.99275414715376,1.1088914288285472
0.7926575574872274,0.026228794204641144,62.30469966446432,1.349729840415565,4.950752793738844,16.833131241090495,0.8826348237555663
0.7083024706030255,0.025081202135051682,218.95002045158324,0.48382657703271365,4.383701760961376,17.038975934205048,1.416514187380284
0.7878178908012564,0.06400319584381876,31.89987396189553,1.000479156629631,0.7403659202221752,10.162520144364445,0.9767605612212408
0.7671133455799309,0.08200928853216849,93.87282556936029,0.706796006072945,6.336833131502697,11.723203741612842,1.3289686251229562
0.6672993368378308,0.04252580341850561,208.6523809205067,0.6350633589306114,4.787170666819538,16.51373558840998,1.267638231139356
0.7032429516154977,0.08088889478719402,146.13312501927172,0.7871361086779991,7.24307676558269,17.756663338930004,1.2799357018243944
0.7405958404568358,0.06513200030203509,157.15493869558628,0.7936652700007116,1.778311477097367,6.516844040945898,0.6227168773480714
0.89816155891814,0.024694708310564254,131.01541765404644,0.8321884162941715,1.939997204675822,7.906097671307179,1.3583005396171979
0.8845838214121022,0.08145720633901403,98.72813944836007,1.1734991338265364,6.516495048904536,10.835438881461513,0.4120129549537083
0.7625040507970448,0.022155209789674397,141.13235668956963,0.6862800589125968,6.974227553887287,4.769903484316761,1.4189429165421155
0.7938196512272244,0.022647959757725964,172.00540335109048,1.3420287577969763,5.666866044043721,5.552347329730871,1.308403103310344
0.7186378622913655,0.04142923415802549,70.39932962489155,0.818878445250876,1.5132599624085725,14.259083243002092,1.4471833539547343
0.8684378441011186,0.038277752508577526,178.27875176778633,0.7137455480762164,5.58415050386628,5.278736978026966,0.5531074353228391
0.781571721755603,0.058994743538330716,183.3302069205338,1.2359576879771537,5.849115180568844,8.895574964721966,0.9966882542780343
0.7378020703997374,0.07237575620909217,212.47985717062753,1.2288365454040828,5.359710353923945,15.878780197171597,0.5776892057614855
0.8830805973603353,0.08784811973006541,176.770954442215,0.49585640571527995,2.389296636663837,11.727673687881168,1.1559779666652317
0.8528422482601262,0.06551121117797386,41.065185675306644,0.4016999208435036,4.530629460631878,12.783500343894072,0.7645503663555062
0.7451669054964251,0.07250546602234353,37.78551001199068,0.617399456175715,1.033636894533656,11.091008342658334,0.46755116821465065
0.8558141819794416,0.031508908542417405,207.4724832391731,0.7619631243942497,7.220810953157255,14.183899764963753,0.7887791917816515
0.7771763964850464,0.0670387726998397,114.33904119899621,0.6377944046077106,6.420333034079942,12.159914851062808,1.4495088679223813
0.6858156034093139,0.06524058112923113,66.76653871936469,0.7971721393618909,7.904311106915639,10.779389611432913,0.9341486266625267
0.8032494382003947,0.06527488315985049,134.7601176483024,0.44215007505458614,4.053974282798921,14.424698703424601,0.5004739614064465
0.7187624160114292,0.021177644741137928,23.310739607561388,0.6308993529886048,2.3056245848015284,8.428755270054875,0.684772343488382
0.8359938596899216,0.08423465374551649,131.62365794194227,0.5956928404418278,6.843469732979118,6.398124567316211,1.0445404384659125
0.7479795923239063,0.08959487865428413,234.31306219911244,1.5953755714541562,6.7204072188836586,14.331671888136013,0.9232620228933993
0.7778438302557362,0.058941049047576424,111.49656182842631,1.5061148631993713,4.736878048723188,6.369618906295521,0.9402808777331624
0.6577590831154126,0.04860063241201221,155.2113768140736,0.5307626787761274,0.6676443934922496,15.193552649771306,0.7586141468188283
0.6795886197416845,0.06501576353315498,91.10091916007642,0.4406516096151104,0.23547018736334627,3.9732188880658352,0.6630493887642328
0.7246859288834817,0.07025006905328489,214.94381614491482,0.6063086011987061,5.153065707836514,3.153931700779838,0.7931072210157126
0.74418626034935,0.021090740631199596,57.35750374938294,1.0682298140235464,3.953476464122256,6.696459025800678,0.4536946197323172
0.8292968608603709,0.04962780654088156,100.1949156195316,0.4657204248190603,1.194118967605103,11.03964115570014,1.3829562471306225
0.7753001515295407,0.03387959491457254,112.5413917609371,1.4932525639942353,4.9779822000167995,17.547283325729893,1.381972445289412
0.7540632107300478,0.06661340281231737,202.45550694280487,1.3303793948894533,4.621628831410763,11.686738970509923,0.5128129688151156
0.894157570253481,0.0430399011060346,221.90689520488712,0.7651574397446336,1.4386628346867298,10.505429485858784,1.100115191498383
0.7974907213247376,0.03474650651100534,226.1532571753276,0.4114303848227002,5.802832592201823,12.534191123730842,0.7061416747354579
0.7366745813286026,0.023611726286700153,120.30352282095676,1.4609060244248435,2.3580434235572314,7.291592854239316,0.6000247051044871
0.831659903976524,0.07163054074132215,51.95769330536999,0.5213521974745614,2.020269353296598,17.5505488563553,1.0210502463270488
0.841612116119939,0.025593965825972252,166.68668059010537,0.8914683811734501,4.486612481245806,17.597732455847748,0.45915268975889884
0.7583624560336458,0.0593747184840764,144.3105837776725,1.4794823287255254,6.873272730137281,16.853511730204765,0.5671034952908925
0.6778002135943457,0.046383527874267916,140.12370719474671,1.2729385534178799,0.760312972447798,10.645337917631103,1.0413971987265596
0.8808203876666376,0.07980428560051049,108.29326607545222,1.4066399301291845,1.6242490472164552,4.458129681189853,0.6334730491436213
0.7531853259024495,0.07689263292392792,138.17052435827333,0.9710669814737234,2.808516014681964,5.0536844320240135,0.8288560987487177
0.8769942371578009,0.027361656017549904,228.874361558121,1.2539220412449255,1.5400719970136738,13.771901548638978,1.3695230671125687
0.8001053704697136,0.05463474562177276,174.07078711773684,1.0781261854237383,0.9652462386612274,4.507241020199429,1.2945728267801853
0.8229196633511373,0.08074348720274313,51.10695259787768,0.5169616655301714,0.4728900025355772,17.995552187792597,0.4547737811620117
0.7799941146943847,0.06235843868638033,148.23632276479887,1.2919208795832198,7.998556674113669,9.24399377629301,1.4514521876627882
0.7845696625002093,0.0891507419385774,43.39592136328572,1.3052427581451314,4.04819776350192,15.341524806484928,1.5893441522329388
0.6949626119676078,0.07004705942283528,167.32589142327598,0.9484867011451669,7.4801225364593185,3.976786845623567,1.1749915612889246
0.7631117400600925,0.06896329881694581,123.84955553916618,1.0864704866241346,7.002076368565567,16.202612385570077,0.6251313015035495
0.864263801846622,0.07450592014830713,224.12023147175086,0.41414151551198775,0.4520754466314712,17.475143270520917,0.7364598185636823
0.8678778037894482,0.05877343987438774,123.75413421599298,0.7164596261011117,7.562677027711213,15.084939743672715,0.5162862792161669
0.8412092152999104,0.03618447555176191,33.78146824208269,1.3379150840943441,7.367357118832385,12.218369663597185,0.40121452997579654
0.65065620723667,0.029464068631093104,128.8008749774732,1.4662125137425677,1.4743203871358288,15.39180480698265,0.7009949759013299
0.8048259402973488,0.06173663989681023,236.51568424757477,1.1636963965338425,6.115307600759693,9.710855244515647,1.1331731835112204
0.8654900365162288,0.03700338246115423,149.81108375442864,0.5524305559582974,0.8937654263200336,17.929046586129246,0.9917157921482969
0.7068639749622354,0.0849635025058605,230.89998330403668,0.48083167570163343,5.343154009141908,15.65176002569982,0.8957696278933716
0.7793483906652203,0.026332545268622214,236.31175553631144,1.2668042879335877,5.415787983793825,13.898311817139549,1.204975514057787
0.7128089345091047,0.07067265881398735,83.38981829873777,1.204125897138659,2.6680702855771368,12.720350639503106,1.52335346823127
0.7897551520938946,0.022016226060726004,103.07102612777457,1.171687417356078,7.065277980082628,15.125005866577142,0.505089295757113
0.8188031117711881,0.05809372279945993,218.39513553253312,0.4678244812344569,5.825146410782207,11.651759195306894,0.9781050139099106
0.7357022010635561,0.04690856409651738,36.334101580560585,0.5131676766398655,3.6774660637872056,12.252540615401516,0.8474933847985888
0.699706136496051,0.07412549850426425,76.81912451177291,1.1106925390548463,2.0888131218990234,16.158613515182,1.2818119575956626
0.8350208952583684,0.050712673312195804,211.0787020145572,1.059727058891911,0.10239785374809507,11.415791395894841,1.3009256547033465
0.8173763047977053,0.028859593080077905,138.6647445937296,0.6254909013707455,5.914854382780491,13.0450760114345,1.1314762072508706
0.6980721031914866,0.028471382052632558,116.67335942250453,1.0409321887345553,1.4563751927887476,13.3655283010913,1.3708249610148884
0.8437640822394299,0.07547243565335289,205.93307422194357,1.5784126547514874,3.799217084244665,13.914272528213269,1.198603363184263
0.7337555367031466,0.06579652276603115,180.93264533348687,1.1548759816505743,1.9983124827716805,9.481212010993016,1.3349846460050765
0.8759485702631762,0.0637652411201975,79.536052393707,0.9527751213414938,1.8299390627274716,6.953938624963683,1.240261892427446
0.8070681540851321,0.02308511113204026,30.554034586407568,1.2482793082184367,6.444688030863955,5.5894944380241895,1.2896237915437574
0.6994420734892001,0.07241789260230364,88.12506816675572,1.4518128341093233,6.148159616556966,9.355894741260498,0.41160041013868376
0.7465448701902375,0.0680699251460014,104.07366568818833,1.3347789559915726,2.3692316201943453,11.817521871395838,1.1899209527626198
0.8592797992221242,0.049861629557076695,226.79821897614835,1.0425410098242782,4.134015016571345,16.181087423806815,0.8430567196187513
0.7147974811460163,0.05226578408402427,225.94763065539289,0.46095657157162834,3.1009179872381183,13.785045802998981,1.5862037598389978
0.8954187460761152,0.04939081328284699,172.39228272669087,0.6976385876084664,5.901971727014327,3.3928131745362893,1.3476509257367466
0.8688483016444078,0.048175432980003256,80.89627661985368,1.3179348151135062,6.505773626491574,11.589918160426741,0.703839445359192
0.7869738626681605,0.062234963196641055,29.456714810588974,1.191603764517176,3.432351457749391,5.237550042730171,1.0248391234055945
0.8356763603007464,0.03133687772467892,155.98252046447107,1.4291432147083172,3.070803175354079,17.40329408899293,0.5992608567872866
0.7168467726670443,0.07155860033974916,39.73754966769233,0.9358617236750678,3.2302949214400196,7.792798500781947,1.0285525094196162
0.8041390007170653,0.05443270275661903,97.4269722606926,1.1378221425138995,5.453016579913904,7.02359277967545,1.4662927396537069
0.6974022068795618,0.027052701446249876,89.51037712550065,1.314408948947543,2.633481355980391,3.337483478983468,1.2700218161210004
0.6861874460180212,0.06190308454047963,106.88102509327858,1.2330447024608544,6.401515535680893,12.458369650859897,1.3746295707612677
0.8136402844657264,0.039317832941007824,33.43225361005035,0.774957113579684,4.313836960931417,11.391827541203075,0.7953890387752577
0.8444788112951437,0.04667407782119677,55.14502145809084,1.240255791395993,3.618638408108888,7.996655339360154,0.7966122813315821
0.8217301389716676,0.021022287504927236,34.611446448743,0.6019827654857326,5.54603666214858,5.730943716292412,1.258025627335917
0.6924812998656349,0.020146058388107346,51.873650539191644,1.1508157343501928,6.8032523295676235,8.841019890068306,1.5619781305577791
0.6501686711032811,0.05138435479338366,68.30554027829254,1.0636210174456258,7.1050143214299535,14.086118609502499,0.9068071098012795
0.877169887151179,0.031228808118077607,23.706068118575136,0.8823884546033155,4.930036438892274,17.136103064878107,1.4774051760818132
0.8423625894251869,0.044274606490256496,38.08330483480874,1.256050819173498,1.5277744995104168,17.16156406066615,0.6150257691601673
0.7937052970593652,0.0389890514339719,72.97320000111169,1.125865251389734,6.347580507609215,3.4469039079514157,1.1136040385071664
0.8284311161566922,0.06035535763679124,46.06989803014102,1.3525485980585552,7.719085055238549,7.357703823467859,0.8167367429156575
0.8017677710696918,0.08885337691720958,32.203271460169844,1.0068276474094584,0.8623671557522429,17.25756815845425,1.0900860568307387
0.8397551992581129,0.041855826432016005,174.57305305119343,1.5264877583805139,7.8400311014354855,5.820990266898306,1.4215951894409926
0.8660252342672232,0.03406050620365281,80.65709107901421,0.8259018519045516,0.6879429805822607,6.010425543448361,1.0848296172973901
0.8547261108492632,0.06109930812994968,206.398099358775,0.4724195136892212,3.058336524870872,10.811562308436569,0.5207876071422244
0.8966245027638527,0.04621813173691535,126.13995341375869,1.1642540255691967,1.5909459792494935,11.272739798038202,1.3948154500991115
0.7457409425051512,0.0664643647346913,29.96327168741346,1.3068130874548203,7.205448498536644,5.79153521391973,0.4251074999576774
0.8800566215192436,0.06681561262805383,137.8760903247782,1.1292635352275033,7.332661603489485,13.64642481496684,1.0056139496209213
0.7894277568569756,0.0205898499078411,96.44811042188512,1.5815303196734818,5.958589998167179,9.541542361884925,1.4003685387288978
0.7352569405027456,0.07077654098929738,233.83900817542016,0.5737783584606027,4.41855120329831,12.126022598415721,0.509195723850193
0.7649787732962487,0.08452561468613658,53.40932236342342,1.5609557171055823,7.5793032917287455,5.844706472430596,0.9843610984889108
0.8897922499840033,0.08451271425723336,85.01622784930203,0.6840990074603948,5.45561132679539,8.718070046494738,0.49189334983013333
0.8946081869114424,0.08394067601543069,196.1714477161053,0.5007153651766569,6.487165332523856,12.839505865822531,1.1917611031281428
0.863293019625683,0.07935618124955444,89.72656505965094,0.6917083353985287,2.3836440179744702,6.1112846485169445,0.5655697375638435
0.882431997214701,0.07126761310513523,67.89836580063458,1.412747681428319,4.507837262127884,10.296225171714124,1.226173132680374
0.7279572958469072,0.04673660644861081,133.80186183032112,0.8107597066850689,0.4848104978675133,4.632737611219555,0.5239670355988078
0.7437674614253498,0.04758167956116235,47.213462525552444,1.5932454363218778,4.013168037147789,3.137256633503089,1.3429856197613683
0.6589845877965369,0.05857703301034775,169.14173043446976,0.5589449102510057,2.7683296248040867,6.475751702923755,1.0196541453844663
0.6852834726801554,0.07911570461172547,166.46745330204683,1.395001439486052,2.244750127127676,5.651249955735645,0.5834295578290123
0.7417946785128104,0.0880137453096494,26.87045755999767,1.243072560544007,2.199586736153585,8.40955826348616,1.3166433787831968
0.6592721951188175,0.06147306630776832,193.57855362284118,1.049207869497443,6.652783292899913,3.847501203605637,1.5546900081515975
0.6770851852918393,0.03691482295543094,56.828886051163664,0.988497982494235,2.548976335626482,8.086369877469433,0.6487601680396319
0.7567930312728023,0.0293497872708691,204.75516050302562,1.1521476356074505,6.186319767952646,5.329095006226056,0.5498465191468807
0.6628355715784979,0.06339954568292219,102.33673920797011,1.0993312815465655,5.78445342784684,17.638722745979905,1.3491952582336557
0.8234301412363756,0.0865124681309585,210.79405867435204,0.577751179222547,7.782728122737201,14.627167042579192,0.5258225310139842
0.8581638100669206,0.05745670779442276,98.85142289146118,0.7731775936459022,1.4844347081586828,9.63858136004115,0.8864930789211274
0.7491535077788779,0.037599848332625835,103.74146043870068,1.1235348954751139,4.804452636009745,11.516219426813468,1.2122267088837444
0.68632530858935,0.02239250225665864,108.44993846806521,0.6554577242275299,7.046743202975842,10.195062948703416,0.8082782276629581
0.6646570551597631,0.04777808253868561,124.9115917735511,0.47408080747588105,0.423622183578241,8.326704392730118,0.9688575736172961
0.7139906270483675,0.07570128971213708,113.00771246922824,1.201422893986078,0.5301158088269663,7.097939300263572,0.5330068702057057
0.7754634326351193,0.040693148936917986,130.5423089346562,1.3911428141634983,4.353807978315771,8.169768066310702,0.6563541282456139
0.676167340431966,0.030183060678381814,142.18800549578475,0.7248502619159446,5.201827648333936,16.317723741188736,1.4622367655575146
0.7342794123085004,0.020840145853427795,39.18965410650665,0.7363073139660201,1.5467586818304315,15.314495928636884,0.4383721686325809
0.7759397584335341,0.08598049848066693,158.9934520334314,0.7912111481408548,5.139127121116316,16.697351441075227,0.7875484496118675
0.6521497099289443,0.08307040218233663,200.9888358338811,1.3795080379636189,4.846778528876034,15.929854575966235,1.5042096717644524
0.7603874523199816,0.08993293758135532,183.7286664317728,1.196771436299057,0.7140363241745564,3.5400338794786643,1.3230562385751412
0.8385075003630182,0.08562488529204629,68.59354703462577,0.5443643293800839,2.750058026783495,9.091465537645469,1.4303988457649695
0.6917276455545814,0.07971542590937301,150.31968309736538,1.1334293760128018,5.510144369040977,13.494030366766033,0.856657192951654
0.7478103647266426,0.05260703322759984,92.25216296176406,0.7532373849230871,1.2683234868538238,9.825326385469904,1.26825029830239
0.8140975558209487,0.0762543732077209,87.08821188846312,1.5512133962326016,0.9083902216890952,9.757781194681002,1.4849345191453245
0.7240050566562156,0.020371898689578467,56.039828585218984,0.7490631893607688,1.1481002088372045,8.144251299554535,1.125659216981683
0.8518154984315277,0.08346993399335145,85.54267258978751,0.5155006592421324,1.9314733486938376,6.703485911118159,0.40354720491917734
0.8918736756138647,0.07576773154423307,118.99554833632858,0.4368870278189784,7.9131694794306,9.029813815589746,0.4652894369208945
0.8269123577671255,0.07306374056893013,135.96170108173354,0.4324305821816237,6.438177822389616,16.065163573150294,1.1262141900092748
0.8579155386359685,0.020315144775094027,146.6631511621474,1.04533181228068,7.676372730810964,7.06349906287742,0.4156369537837806
0.8651959894829335,0.054917552142513454,147.75572518403624,1.2838137813382833,7.722074551811126,15.820625554062811,1.0344703759987777
0.7527664312038435,0.03460867784272679,126.99103326875137,1.4896266757926093,5.326706322050434,15.774176599632542,1.5315494053224357
0.6746983282282566,0.0659856385941977,194.13704536655612,0.6122358445811238,0.5760331039459576,7.203257892607326,0.5626031428908423
0.7251357695552942,0.08293873912277644,141.8606446843532,0.9161617806708668,1.505326373314444,11.342105888053847,0.48785509005280825
0.81793966451169,0.07011471902896672,171.18570702741872,1.4203177598709917,6.74678666335898,10.120955438555194,1.1684009747885638
0.8492135737924431,0.08509429787270073,209.6568334612653,1.167290549357607,4.698018709447061,3.637148795099028,1.103480515495827
0.7891103244324984,0.04425302282280626,122.99544828550688,0.9647244199197309,7.2886478553146725,3.094584164044853,0.8666162298145883
0.8147138126809307,0.03347043036589168,194.55718213381584,1.1952291715371173,0.042188493716409425,8.498121514801696,0.7165203378119231
0.8404214802442367,0.07461789687476642,214.48745626958635,0.5227464678713457,4.608622806007507,11.458012869543547,0.9884592092336375
0.6900007381328676,0.03767587932634994,220.17752184254974,1.074808284098538,4.665079678000238,12.443880873911098,0.5813424401773886
0.7805287375528549,0.03887855571888084,147.53922391949112,1.0319100715150025,1.8683568008486149,3.8076623643910983,1.433920107068765
0.7583215448726508,0.05120148799874458,105.32973738619486,1.0228065472991363,4.900871944324254,7.301917185942243,0.7514243819700773
0.7826336894298171,0.022793693663644497,90.04951780413073,1.5960384850641836,6.963479004946448,12.388369688210911,1.2935600131213456
0.79049478485823,0.08863075868866618,38.98528351882766,0.7390975694116855,0.9404960141624429,17.654339736250684,1.506632310631332
0.749732013523525,0.04874085346736762,203.60082763755975,1.017256577480341,7.932724502860844,11.230326471604696,0.5291340035696603
0.6739840673512135,0.03303804176909107,85.9232099967982,1.224824356140862,1.9835659597972843,11.073394778710863,0.9364649851680383
0.7990098044023307,0.07198897251521175,110.40851663011088,1.544369910353184,7.435722174720802,7.381049094718554,1.5901209103184413
0.729724638251698,0.027999637207196015,227.25914376817957,1.0390842052604974,1.581140969718558,9.311867920910682,1.3613645553303817
0.8570398957432167,0.021701600599355282,183.12125247691927,0.5891791170528892,1.6859075503838206,5.126732220469859,1.0039275553379094
0.8780743923306242,0.08014659756155748,20.725904252991814,0.6775009036481227,7.278420196635269,11.019580146356715,1.2834508595130782
0.8698327890269242,0.05505494540409296,186.46630366889366,1.4856762612787424,4.878752448191882,4.536258165018431,1.0473418502591976
0.8435215009433189,0.03187412061474629,43.82444923683455,0.9141172661974596,4.331889225050813,8.871828531300958,1.1937069063469798
0.8108411347816695,0.0571446063053135,167.90956035104193,1.5040266035969632,5.025487483076338,9.550637477686443,0.661591973706892
0.8551570535401825,0.08120099025071467,37.092551001725035,0.8081375133430411,5.171343630287463,8.375073274723094,0.9672417498778171
0.6530630104567131,0.0597870775479936,98.07887961486105,1.4261542712741497,5.565762514861942,6.232390078025563,1.0637016316322274
0.7931110885704871,0.07347142339994872,224.79937598729117,0.927690029643788,4.7567450789988595,3.2786401802251626,1.0339310580143346
0.8163713074673163,0.04158340449573997,79.03058956809419,0.5116779086343601,0.4310114093214249,15.923500229135364,1.1808204200322885
0.7922149999568495,0.05003138292605336,191.8327656088923,0.7666054354080267,3.2587427409598155,17.894809070697654,0.6508737289128299
0.7767158719928589,0.0892222027833361,228.4603431139556,0.8173568317942612,1.7188548505408323,10.968884321681024,1.4119776264938264
0.798338905867698,0.04085737707058498,25.93454548768203,0.56166271023639,3.142885318005259,12.764543067019291,1.1533511886717172
0.7725840204946834,0.0408882691023982,208.1457253559947,1.4536928442661048,7.4429774843153425,7.621301327167382,1.2541732377868762
0.8906175505934715,0.08412742220639338,50.742423984310804,0.8039763818236421,4.370027373444521,15.602149498417965,1.1224054756154556
0.7333459192884373,0.047988244489202504,188.08286779404793,1.5754856990519386,2.166094110589701,3.2669886278609135,0.4174330688995133
0.8672608977908232,0.08484527954778187,204.2613177397769,0.9746983754699121,7.0782909056908965,15.401735143228077,0.9949885506010919
0.6888251966783816,0.08735704436642754,21.939666321551734,0.8665677381180144,6.121665334705847,10.334659864123827,0.8794435656965574
0.782458537648806,0.06391260409439749,184.97567063861743,0.861517413096621,6.372523904205307,11.561277810274836,0.9636793237501143
0.8622456636169027,0.08804106573473261,48.66531040238365,0.5353809129837248,4.686013939564074,7.860924730997841,0.5970542256356917
0.7847270358785731,0.04564215650222059,131.84094414548483,0.9878038403458183,2.028943718117292,5.03514760032622,1.537510290505613
0.8967726354163916,0.08182347722883768,49.41604679403545,1.416820029555514,2.7185233290880477,16.473012360922688,1.1484983273331273
0.7194612767056234,0.06831291478407715,220.2872398922889,1.0766036195105646,0.2096185859648873,3.6072763870244593,1.4561037046309706
0.695378516735679,0.0722286143584329,63.913953502664086,1.005213499731199,3.8434355646019474,12.063143935464366,0.8768585387877597
0.7736191021299674,0.06023351625217317,49.23545766205616,0.8382806393975162,0.2586344405046212,14.890550283170068,1.404420188036529
0.6753898094031439,0.05648704603974239,72.71562884351232,1.4400292708756637,0.8839186855680966,4.859555351590286,0.9179900300694112
0.7428398708324626,0.07779252018248647,225.1941029136234,0.672151439232642,0.58980367707811,4.788815398179897,1.2625009700449237
0.713343581531739,0.07559621890378482,117.2977405077742,1.3221626707698775,3.503351004506184,8.002836052158344,1.3898049105864543
0.8130631465955885,0.03250866888191016,146.2746443862741,0.40700893039169495,1.8851020386676574,7.546208407280513,1.1395688585793398
0.8636375419400182,0.06449692574359316,102.70463627296013,1.0375110483150283,2.3348958755714055,11.84065195399267,1.0831079365615404
0.8073292912181046,0.05637877332188439,21.19840342767558,1.4631030834754624,0.5731165718680971,5.075899657441005,0.6203684727768093
0.8242818502691285,0.03191527261510617,235.26750400701133,1.5733250205872316,2.605187217621111,6.209779804769861,1.143465400662379
0.8186575198952304,0.023720044153604448,239.39158479483064,0.6404381620179385,2.5631872936064397,4.592093115570376,1.56558948029907
0.6927276607589773,0.02985287176297194,219.49633471974488,1.008250353691452,6.521119222249309,7.6787434403716,1.5440708375911276
0.8014727083345129,0.07109446142529946,51.50269392154556,0.5392194477164554,5.663230838783027,16.670751485215973,1.336093592450983
0.6970019085048289,0.07798807241822989,202.68769242521557,1.47071810865575,2.5109864138654747,13.816713141908522,1.2867071459238835
0.8378388782840495,0.07647393436620413,158.85600910868112,0.587489626975413,4.070517829357411,4.9335887820483455,1.3450974021633135
0.7459864807355455,0.08858139247496123,130.11977962061928,0.7414587786096096,5.796362186977647,12.920945501626406,0.9513352457299278
0.7748619787248703,0.041997012448634734,40.46351284828901,0.9976139849276826,6.579443485711157,7.496778064883238,1.1766222059840226
0.842523355364224,0.06755020717747248,139.20292805184476,1.1098033668177485,3.346093898301658,15.456965778062154,0.6444779568540371
0.7329820590662643,0.08042670460418666,77.64846741318249,1.2032469225344071,1.0892888315642373,15.445674401966416,0.772007968489795
0.6553901401711172,0.05420351573162906,98.23218537365348,1.1185298391114764,5.710510438401043,9.578539137873172,0.7476324158602878
0.6645829897429856,0.025296838342944952,181.93691849891476,0.8597524253377659,2.7308514832786104,4.16670626718852,1.3738595332582269
0.8474762861657799,0.0861597969369362,143.45222899190367,0.44803553860505285,2.827141773222261,17.79643571794182,0.7845701513942077
0.6730829979628637,0.08711942450813773,99.53139663332803,1.423622879842731,4.5989781511806545,16.609896644869572,1.0060268178483018
0.6880533397759758,0.055967077820914105,190.8723188181008,0.8146439768916565,0.6261309123649538,7.2533248599785844,1.1952706434192426
0.7854148484910356,0.0432741560126179,58.523094499678706,1.4914853386256102,5.113446491025962,4.97065557780544,0.6898846146566672
0.7966331062722029,0.08898184872763784,135.18317269406123,1.4257134023214952,3.1561557524291937,17.095124263308875,0.7999462884461472
0.7731027369292138,0.0816350090801506,142.59577825700882,0.9132238929053955,0.6059331967208013,14.022647517334095,0.9656913925625547
0.7558617522418529,0.05234449076275434,202.99499566486412,0.9281666394310013,3.44467476510523,5.251794033797196,1.0651665917938353
0.6912484932313396,0.06304270003648461,157.09318798057637,1.1138092930936345,6.10197730145533,17.357468229822267,0.7044187023867992
0.7389207444690231,0.03969958244630169,31.092436079212334,1.531290396161725,4.86649342201771,11.99298528448668,0.9453387988917181
0.7507190643603258,0.041138615148794785,194.98802698754884,1.230608895939175,3.39814659895317,12.029804152257343,1.5766456480766737
0.720752150963966,0.06122438904146715,138.9893790649653,1.1791212998762877,0.9585050244870348,13.212042393103872,0.9478001363820554
0.7811815610886441,0.08065120293000126,35.416826964341,0.7694302706191123,3.315263942352053,9.0669479848426,1.3042034991096438
0.8530987642036105,0.050809431345124445,69.0233608678631,0.8377703306511362,0.31258375396367766,8.94136157520525,1.1843961863330188
0.7129669069129535,0.03709486642372751,157.8771683578353,1.5868939739873116,4.209721061421516,6.812775612116393,0.7639253794151941
0.8534149995165571,0.024538165910733652,202.12012555421558,1.4468693669059904,7.092760331658042,10.098017077520463,0.440607767284774
0.854136759544558,0.0704610069989378,232.5424782677457,1.0915438411840872,6.544149614695152,15.530914717656685,1.0480969156136997
0.8566082584407486,0.08697137052442967,127.21525374872579,1.3207166791892737,6.937200981624766,12.932397027741136,1.2083603777836287
0.7518818880619385,0.07512110816478995,117.78126343243008,1.397789484812434,0.2711381307876504,9.124159750770344,1.4734487298978336
0.8491274042231475,0.07772774849831235,173.76579866527098,1.1027430467395902,2.647719267826724,14.797745700587761,1.2151332521670812
0.7373530229700591,0.05129927976550014,199.08769024366035,0.47901686846532604,1.7268402389026,14.450842577818491,0.47448741155659313
0.7327095918498083,0.03919409069516295,192.69029099618817,0.8201149814733605,3.729077680376436,13.318601522952981,0.9700011821492247
0.7088672126368731,0.06106114089311508,151.6106419917573,0.9459489968720798,2.4320050813398284,16.39821088749845,1.0881332232863103
0.7571096222749906,0.05843629369221272,27.47389905848815,1.0114162111969496,7.025813699434557,4.656563488870205,0.631796428022502
0.8837143509829091,0.08028035730392617,109.82876259139277,0.4771319287684874,1.1372309211989324,13.10496627671445,1.0127913853924022
0.8325638024153692,0.03453590807622717,162.32211690214447,1.2709870533790033,7.317026184960023,10.601396358833489,0.4374500582523258
0.7662390827149218,0.07270502136165524,21.698881227538944,0.9672973006334217,3.993004433207419,9.677921827949103,1.445415323545781
0.6976996789133504,0.05787698378873635,56.36534987822983,1.1476847969734232,2.545286529755866,10.01242511866906,1.596656224828469
0.7942518644995455,0.05609787710049438,44.649588420849696,0.9792145798828783,1.079561764396447,4.1220975173024605,1.5859225547975422
0.7215296068123015,0.05704219267685198,77.43601692265912,1.2468788010498675,3.1669252113534294,10.858051429953402,1.1726660756728733
0.7123674732720381,0.06674294164687454,63.05211246539819,1.0848071350642183,7.955804001151505,7.841742052855615,0.5606119099736278
0.7159802454904683,0.06326757740612068,143.77161797745237,1.0922145878425789,0.5061825909852736,8.753620901337895,0.6796736436858717
0.7577053130698076,0.07723382741662564,118.26295257630812,1.326169206125821,4.233934330302209,10.526143293080985,0.4854265121980416
0.7642223850944101,0.04439238788303384,32.995828113997376,0.8295946444242647,3.6041967009052573,7.161275548336763,1.352110940668295
0.7839836366409123,0.07060200674110867,155.6159614327855,1.498602732862627,3.8003452050802586,5.774291405735715,0.8525191092904438
0.7004471123489335,0.039474608821006806,28.02627098346108,0.5466160858031006,2.898027154988056,10.923279314617094,0.7283311544956977
0.7610319067300646,0.07601082697311073,161.21140334363602,0.46837498446189973,5.873121348050074,4.068707233956264,1.1629880489921778
0.7324579952592493,0.0686898012826781,168.81754168628268,0.6589776540749986,2.6926082403444425,13.167512187743133,1.1295358390786605
0.7059916535238702,0.08944154155026404,35.378988916668476,1.5402994326296895,1.2285230974006054,3.0414432731427996,0.4186819918680594
0.7173322445701236,0.0869486777304112,129.80615711319354,0.7158272806509969,2.0682870379280534,8.95189275601476,1.0263567737259773
0.8055989466163517,0.07033494683103536,60.33897729524632,0.4975041966203377,5.558987355121264,5.43595147690997,1.5693424288043798
0.7102823588446633,0.05488250670868017,221.08137888316577,0.9614719325954488,1.8508285526907642,10.898989201715175,0.9492712768470488
0.7150504296365057,0.037227388405780305,230.5843394562895,1.3724869060731963,1.2222919892107973,4.404458981624699,1.5486162406806665
0.892266982404708,0.05663321754586076,165.1871333858283,1.244018268311788,0.8695695476866192,14.276560868530677,0.810195393590164
0.7362414820903572,0.0452242844828577,186.6679132271959,0.8304208835919987,3.333243789544488,12.667795017469986,0.9084973524484175
0.7467529080047494,0.030077699963191623,223.0228727305364,0.5053792748174243,6.213776480484773,11.289019695519144,0.7451057488995124
0.6610198613540664,0.06346889139403249,88.36402042631428,1.139135329154465,3.6423104677386378,5.977273724505043,1.4961357794803698
0.7493482099142378,0.021931749334962475,109.94141197844299,1.5123233528174085,3.8191602367724484,10.382500474454442,0.5745005412985575
0.8543015025930345,0.05386295108516491,223.7901633780628,0.8430032509059565,1.3254897526052654,12.974938051728575,0.6922880749823727
0.8647458231214813,0.03270160076130187,82.76733574005553,0.4705658860671189,6.469889339420485,14.490198938453453,0.44629159498661003
0.8144108218407782,0.07826677393215634,41.99976448864338,0.4907102537706443,0.5104243227716275,17.310822265862782,0.6430068823659127
0.7950791931359534,0.05177050651633072,70.13137285210266,0.5400818533238401,1.3639031040773955,13.67530152677719,1.3780574773674625
0.6829504542821625,0.030878539986857047,189.9098758982178,1.5176556586726346,5.379421981101016,9.330865586940142,0.814958285682589
0.7663049003631643,0.06735387347842763,115.19365520571552,0.8689880711628127,2.474235662721745,14.57228533630446,1.5436929434119109
0.8988176594613102,0.048526821836426495,173.615468443524,1.115967017482045,6.620353661306742,13.620890531851888,0.6525897481080016
0.8225852818906134,0.037356698717346676,216.68286845354336,0.42569111071302923,1.3426188979787417,11.602780112645465,0.9269118038170355
0.8596308797103566,0.04155705442284573,177.5456577408088,0.4270580957230864,1.4469322656640728,11.350058800820408,0.9597711093620578
0.7521450145684994,0.044632570428734114,227.69716050176947,0.4533119256634817,4.286410318609489,6.842688307379836,1.5344017851031202
0.6868757170172041,0.0561753184124643,209.33834650706945,1.5369713613337708,1.5638524086136314,4.887401675889244,0.6681909872991612
0.7724231475162971,0.06713644265356297,31.435530130987896,0.6322785332762704,5.940227895568385,12.004069961266561,1.4093864518328458
0.8238491882589316,0.025000280814854614,185.62074763081375,1.5391085346732805,3.929035737091421,16.015324572109392,1.518359790510433
0.6540597183782741,0.059929717196581966,58.10630557465906,0.6424685217849699,2.9627730234289364,12.814957530612439,0.8265550443536651
0.7175353589984396,0.05198991681975197,75.59016961285445,1.21303157297144,4.269608566069523,13.517685135253773,0.8843922345193824
0.808196637023933,0.06435596776538835,173.23483983743805,1.375911205406179,4.706697660701735,10.678263571919134,0.4502343049930676
0.704603633355164,0.04596552976390164,221.5614936299506,1.599739950009964,5.886650544886154,11.794498791988085,0.6761288982865215
0.8708316653489822,0.05323329371392997,104.60962552053607,0.7096020865768137,3.116989620845604,6.883598809873471,0.7333449758433737
0.6826604065075403,0.031096136574407934,44.34572918597391,0.7426109344174274,0.6351266226903819,8.671006538309431,1.0693588318751002
0.6579315488963733,0.055860788671813794,229.26491258954084,0.40309816946567584,2.7755264928342536,9.933288910732355,0.7688786943185417
0.7379645154680693,0.04710488204990804,70.73099909870993,1.5676204637255786,0.011914817559834564,17.275871447073563,0.6088022832597993
0.7969101319128556,0.058664614237560475,229.71066894760702,1.364355745452192,7.383778059525809,16.80488634984205,1.516931243113473
0.6932180949943096,0.032129808839371755,124.20086110304692,0.6676470797170615,2.7993092651248017,15.031103056729352,1.037299913555254
0.7077544441643369,0.05030450878148392,205.2183012244778,1.299405340947787,4.263864099069986,15.692268756841596,1.2295937008496653
0.8461176436579978,0.02570699077399871,199.60853898932288,1.269165894233208,2.948273775258802,9.298567731331943,1.2655746505864802
0.7900381893018578,0.035529498288014674,109.21753469445815,1.0355190528918097,4.03440252585259,16.09471947513905,0.6137428229817496
0.8160916673356192,0.08759948747940846,119.60135801899624,1.3187783508990683,2.1293832701949427,14.54135373680598,1.0804186528167108
0.7292173688621276,0.026495762690488044,184.42377753950674,1.4354436754322157,6.332622204777235,14.05655357046599,0.8456579930335278
0.6706559531151055,0.047009844692439094,162.199027085801,1.0478108892986735,1.822026493137719,3.926192852311242,1.0427697288200233
0.8727577457381654,0.03574546040424301,165.71323313015662,1.2978154847181296,6.5927660790527,14.231201237293206,0.7111528293034105
0.8402919118771598,0.0894111385060546,121.55758144577408,1.389139946860709,4.4282220630572935,5.3188984305301705,1.3668518889884367
0.6838815392418001,0.08159290318212482,149.01052986220543,0.675337446413161,7.80439875767802,17.839024122194296,0.7545316098635636
0.8479718342226779,0.026911523234396835,236.70284269065183,0.7044912778625367,4.548637610733234,12.229190841038374,0.53653946847544
0.8913325825763934,0.08219095362341547,30.82575729454036,0.884723425952175,0.8064674703790297,8.728724075320198,1.2611372807942574
0.8925751138453564,0.023290075299576666,237.81397509616485,0.8495021586014853,2.4038717398681877,5.1060770125588135,0.4481274430143907
0.6546221239924769,0.05924975531613401,93.48764383184988,1.0276654175431916,5.187000497301016,9.393624563432414,0.5465505275630974
0.6934184187479978,0.04398185819112867,170.622562302656,0.9196220792315607,0.01524671998797878,10.412231087831287,1.3878197260359237
0.7509512418863489,0.05158748004383941,71.74532192472468,0.8013808564279401,5.410663055598798,15.647878538911126,1.2309769377267248
0.8510621926717424,0.0540956802497963,86.19631238469589,1.1433123680621513,2.489844601124894,14.74304633136325,1.2001443041963444
0.8953478839157968,0.08871804608380165,29.780129533096186,1.2898232195291652,3.130017461589495,4.623539640511135,0.7484199404616723
0.8872864362864412,0.04481068489446553,154.6905818116351,0.6467387069480994,2.134135038810299,7.650968487081291,0.8246386324486692
0.8446592433636483,0.06004088373829422,233.21985537134336,1.218591083423933,6.065623213230886,5.881049472921243,1.2220763339856155
0.7349645938528643,0.044985786491797616,52.65790732356193,1.4755476222203963,1.353002517498544,17.226803544363428,1.1100795479909542
0.7228633823398533,0.07490928284035187,148.44401363157803,1.3115568830012283,5.182336391618207,7.124417723499883,1.4436929566381376
0.7222656960439926,0.07697380615893117,194.29539899526483,1.4724432790584436,4.18112958115015,3.018162732093971,1.493968838599915
0.7436639042391449,0.05018022142190976,69.43465748595716,1.161959711057007,6.704567365217798,15.058347511160811,1.436740829167055
0.7854434651502509,0.043823547032670315,205.69182275715826,0.9057248873050137,4.832479042414332,8.623460123477145,0.5851382302051784
0.841920725571272,0.07536675505557432,215.69739716325526,1.0706283391047524,7.162120740436016,16.330787075185025,0.5147444958084183
0.8626923563336113,0.051029706845665726,32.56825753381296,1.1749100341208432,4.769723452657814,9.416803949028665,1.0981287864270606
0.8118231823978679,0.021811143549289955,164.60566202877357,1.4331725153500292,3.7803975696906265,10.31774226858231,0.7271202933988168
0.6684643365698175,0.045195340108739906,232.00848995065806,1.5434340409182776,5.0975658694209,13.283931867133,0.9186947439017175
0.8818299462848934,0.08253810478555855,120.64694047367836,1.2625353617689694,7.603927342250206,8.994093310568042,1.0714333883216265
0.8389899928757679,0.04540093524144596,170.932194197059,1.5852180787721437,4.5652818058541556,13.394502748931624,0.42839141626824667
0.6914843598513453,0.025750938186970287,118.60347109021171,1.5330600692117513,1.7596237395709688,3.0581022502046107,1.5993125798460062
0.7200211446607893,0.07502885217496316,69.6599378373935,0.4594852248486108,2.9783984982807024,9.463323941246669,0.4272587434769888
0.84658179610455,0.024886989176536665,129.2227109842159,0.892001919964989,6.6345025236419035,14.049951757303166,1.178094142418748
0.7399916750315709,0.023801164952018637,107.73692488514409,1.2581708015112567,4.817161516114239,5.4884093561275,1.452051115922032
0.7108169502570695,0.047301529243037224,224.28855643104023,0.4181421399657473,1.7032697010120328,15.221438548192893,0.6466733694412546
0.8997850585675058,0.08538896373791316,220.59430630122282,0.8627598381866936,7.635852482198605,10.264998336089553,0.8897330083298164
0.7565865358165518,0.029666609158475556,199.7362265082225,0.6385902530640558,3.8862620664318555,11.915640804159311,0.6346630114193514
0.8338279561051267,0.03809718945817163,71.49942738299102,1.442360229756361,6.8865159206211635,14.4381367477703,0.47826913628875584
0.8044223441932231,0.022520476854111918,122.5548658400622,1.464962596543411,5.752735332884141,3.2334884713672385,1.061138995379781
0.6632425677950485,0.08044886842605171,140.5064663486794,1.44415411316032,3.770568622226314,13.735998563094094,0.9029267698129412
0.6709047300633638,0.056850467338212404,171.46635636993025,1.3669371436556559,3.712185208214475,6.262245842667555,1.5219279501863276
0.8297928788909139,0.06791925253935435,97.24101433386147,0.9407017968016259,6.300030704940346,3.6976695446833134,0.9158539174504766
0.8715893092934928,0.04237773006623324,163.8769563891105,0.7116443710719089,1.108243741023003,3.869755983484665,1.1058177371091473
0.6871351058265168,0.07993221178279104,122.1440117023943,0.5500819472319751,2.840741743744563,13.557127077768376,1.365862122096535
0.7310027749477452,0.0820679409075784,55.21946404957787,0.7957879950149602,6.021387102625462,14.36711158135243,1.3137405437861904
0.661377167370313,0.0398013843574913,195.87354920552073,1.3558192822465973,3.966693765882951,6.996045803408698,1.5831358191528415
0.667023607407457,0.03353871751283915,106.11350640449437,0.8569562256922988,2.11737360232908,17.123090954913184,1.4915953827623158
0.684977177455254,0.029200403638635884,112.21905580882016,0.9826963689578849,7.705502135799042,9.163974534402392,1.3028375059542934
0.7782357393015787,0.06638992418532312,25.106993881097676,0.5675597378395338,7.74044329432108,6.300238945526867,0.4880074698741218
0.8750084909661983,0.05273397325493162,83.7704171945813,0.6993528531255013,0.1434971416617203,7.949646835627254,1.3918095327794233
0.7714778366937296,0.0555437060458895,42.66720363540069,1.0325678000586826,1.8085717920547115,11.628703303606336,0.9395180456794738
0.8943590027124639,0.08636185042466592,188.8517231073252,0.7216950669820432,5.3045122850083795,13.83469441557395,0.8034724279156485
0.6699281803222649,0.038674860370817576,154.18423214139528,1.1048697037746082,5.69935648210889,16.643734778139923,1.4870944565097743
0.7012134425903822,0.04908251848297554,193.35204437892847,0.41361322928034694,0.8358016202896333,8.627440751993422,0.6044070667034329
0.747105461545361,0.0858406043929628,34.79026211262157,0.6790399380011476,6.13459751568844,8.237228071268241,0.40728987985841
0.6726498437458677,0.07955295039243654,103.5545260677197,0.9232145491721752,3.2224889945187405,6.603829155624721,1.4032423148860542
0.7542410186530671,0.02788172121404489,226.8903831267366,1.5257294361429778,6.161004663737887,15.112986002730027,0.9554804035087475
0.6607327126640147,0.02416907431633292,234.73220113659673,1.2845649609346488,2.0940052927613224,6.433274064246909,0.7089056674581118
0.7668964175799928,0.02387004397884561,142.88845902576978,0.5794139246511344,0.773954396684621,13.265122115919839,1.434399843861617
0.8075138250507992,0.03905123988823351,105.74076473363456,1.1768277260896522,6.291749638358725,15.780271449003276,0.5594373696522523
0.836376993823725,0.029927156204684807,133.23362972142093,0.9992142843227978,0.9247050828256858,6.864508535179763,0.8996503621167506
0.782071220160763,0.07315256354990143,203.82862335691996,0.652852031583695,3.864583450136525,13.663732663903314,1.2432610579076377
0.8978024156657111,0.028198251688216287,140.88646092232335,0.602919716095334,1.1743570195297386,14.386518100443661,0.5707659541796789
0.6641361475057636,0.06629588434989679,43.062984560257355,0.43047037410328837,3.9355210522544426,15.570338617670137,1.009561456498154
0.665698663629378,0.037431040944688715,93.10534139560666,0.4046264920829171,6.667930763250487,6.192623996487587,0.8366824820215866
0.7997667821475927,0.06826431898861852,178.43394776491567,0.9098090331760817,0.030506652975572646,5.906803157174435,0.5721693469446201
0.7993672580865203,0.03244581072720776,139.59649508771798,1.2544583794363353,6.993329125141074,8.305803565609155,0.6714642487958455
0.689754372362332,0.042765728596941416,198.81673901497396,1.1990329000351385,1.6273194019443615,5.680044703950706,1.0662259219593389
0.6660894803912957,0.021400407719709302,45.97739261161594,1.5149624588335677,7.860276354902717,6.330039195229997,1.21618276445497
0.8251120252596217,0.06951020477245146,134.24327596335553,1.4489793481658486,6.073209329157002,5.19949078815789,1.238993908390345
0.7829766788332608,0.04651725136536673,74.7082401718875,1.3572190300204632,7.032947023507827,6.749162910775073,1.0932340041156614
0.6789689933146281,0.048436892295046774,191.5885449743701,1.5086191837824425,1.6075321633220154,11.489608045172195,0.5275000264919429
0.7085259040004175,0.027298896875518414,144.12620569322266,0.6088382573031272,4.346582338036804,17.42730760241154,0.6958578252061098
0.6756454480219517,0.06267580649788873,144.8412797978977,0.9074395397824059,0.9751999133591653,4.215091004150939,1.2567224888884632
0.7415629667799384,0.03224773594910903,96.85181000360845,1.5209270270208837,2.327206037983177,4.900949640904528,1.2445863216523079
0.7762518042497395,0.07818224298946336,210.3773471308107,0.4388888830649068,1.3785098619406866,7.125353669988941,0.5886920256004978
0.858792159628193,0.06914866247261608,135.08662508870094,0.7626011525793555,4.64687579215086,17.90203005017544,1.3203863311056194
0.8828732772134971,0.02161770984157375,187.54114263267385,1.563013510250511,0.332256376543902,10.03190804158563,1.1468952828370993
0.7613183812426862,0.05531735715798834,101.57631504580758,1.207765040628179,7.6548718666313285,7.645624875942754,1.2337952754972994
